timestamp,open,high,low,close,volume
2026-05-05 06:30:00,2371.19,2376.0,2370.81,2373.58,2295.1272
2026-05-05 06:45:00,2373.59,2378.92,2373.59,2378.85,2303.4741
2026-05-05 07:00:00,2378.84,2382.95,2375.81,2381.36,3586.1012
2026-05-05 07:15:00,2381.36,2385.2,2379.63,2383.12,2297.9477
2026-05-05 07:30:00,2383.13,2388.56,2382.57,2385.76,4595.4074
2026-05-05 07:45:00,2385.76,2386.69,2379.5,2380.59,3210.1763
2026-05-05 08:00:00,2380.59,2384.62,2380.0,2384.03,1282.0476
2026-05-05 08:15:00,2384.02,2384.53,2377.34,2378.34,2506.8563
2026-05-05 08:30:00,2378.34,2380.0,2373.0,2373.99,2208.9964
2026-05-05 08:45:00,2373.99,2377.65,2373.99,2376.81,1060.8157
2026-05-05 09:00:00,2376.82,2376.96,2368.9,2368.9,2057.0446
2026-05-05 09:15:00,2368.91,2371.8,2367.46,2371.49,2073.044
2026-05-05 09:30:00,2371.49,2374.04,2366.76,2369.0,1478.7425
2026-05-05 09:45:00,2369.0,2371.09,2367.17,2369.6,1382.1596
2026-05-05 10:00:00,2369.6,2372.36,2367.3,2370.0,1902.3792
2026-05-05 10:15:00,2370.01,2375.58,2370.01,2374.42,1749.587
2026-05-05 10:30:00,2374.42,2379.34,2374.0,2376.35,1810.441
2026-05-05 10:45:00,2376.36,2378.49,2373.43,2378.41,1628.6378
2026-05-05 11:00:00,2378.42,2379.34,2375.0,2378.37,1518.807
2026-05-05 11:15:00,2378.38,2379.33,2372.95,2378.08,1070.1947
2026-05-05 11:30:00,2378.07,2383.49,2377.11,2380.89,3220.847
2026-05-05 11:45:00,2380.9,2382.48,2374.91,2379.89,2430.3531
2026-05-05 12:00:00,2379.89,2383.48,2376.34,2382.38,2739.0341
2026-05-05 12:15:00,2382.38,2387.64,2381.68,2386.85,3446.8077
2026-05-05 12:30:00,2386.85,2389.66,2384.93,2388.78,3058.7939
2026-05-05 12:45:00,2388.79,2390.47,2385.81,2388.52,2485.7299
2026-05-05 13:00:00,2388.52,2397.61,2386.42,2395.15,9159.9607
2026-05-05 13:15:00,2395.15,2399.5,2388.75,2390.0,5752.7256
2026-05-05 13:30:00,2389.99,2395.0,2383.5,2389.64,5102.8624
2026-05-05 13:45:00,2389.65,2398.0,2383.64,2388.72,6427.9083
2026-05-05 14:00:00,2388.71,2392.36,2380.74,2381.81,6470.1307
2026-05-05 14:15:00,2381.82,2384.74,2369.17,2383.45,9551.9191
2026-05-05 14:30:00,2383.44,2387.02,2371.43,2377.07,7694.306
2026-05-05 14:45:00,2377.07,2381.97,2373.48,2378.78,3506.8101
2026-05-05 15:00:00,2378.78,2387.93,2375.5,2383.68,4456.6797
2026-05-05 15:15:00,2383.68,2385.59,2380.24,2385.04,5047.9529
2026-05-05 15:30:00,2385.04,2386.44,2382.46,2385.4,1912.2919
2026-05-05 15:45:00,2385.41,2387.49,2380.72,2381.31,1994.597
2026-05-05 16:00:00,2381.3,2383.38,2379.36,2380.19,3458.5384
2026-05-05 16:15:00,2380.18,2382.64,2374.26,2376.45,3963.0336
2026-05-05 16:30:00,2376.44,2376.44,2361.0,2361.96,7145.7774
2026-05-05 16:45:00,2361.96,2369.75,2361.61,2365.94,3364.795
2026-05-05 17:00:00,2365.94,2369.92,2359.71,2365.95,4317.5146
2026-05-05 17:15:00,2365.96,2368.65,2363.92,2365.98,1986.94
2026-05-05 17:30:00,2365.99,2365.99,2360.72,2362.79,2224.3646
2026-05-05 17:45:00,2362.79,2364.36,2361.03,2362.8,1278.4832
2026-05-05 18:00:00,2362.81,2373.64,2362.81,2373.0,2633.3825
2026-05-05 18:15:00,2373.0,2373.33,2369.75,2372.1,2194.1916
2026-05-05 18:30:00,2372.08,2372.49,2369.4,2371.79,2727.3622
2026-05-05 18:45:00,2371.78,2374.78,2370.76,2372.28,1155.2546
2026-05-05 19:00:00,2372.28,2372.82,2369.48,2370.42,977.6678
2026-05-05 19:15:00,2370.43,2373.28,2369.33,2371.31,821.51
2026-05-05 19:30:00,2371.3,2374.31,2370.09,2374.23,1218.5208
2026-05-05 19:45:00,2374.23,2376.73,2369.56,2371.94,1443.9365
2026-05-05 20:00:00,2371.94,2382.37,2371.21,2380.47,3387.5005
2026-05-05 20:15:00,2380.47,2386.51,2378.4,2380.93,3987.3617
2026-05-05 20:30:00,2380.94,2387.0,2380.0,2383.99,3669.3583
2026-05-05 20:45:00,2383.99,2384.79,2381.98,2382.41,821.8948
2026-05-05 21:00:00,2382.41,2388.54,2378.17,2378.17,3912.3775
2026-05-05 21:15:00,2378.17,2380.95,2374.33,2375.9,2545.8031
2026-05-05 21:30:00,2375.91,2375.91,2368.9,2371.78,1497.071
2026-05-05 21:45:00,2371.78,2377.9,2370.89,2375.43,1211.119
2026-05-05 22:00:00,2375.43,2381.68,2373.82,2375.01,1598.7603
2026-05-05 22:15:00,2375.02,2379.65,2372.9,2376.77,982.641
2026-05-05 22:30:00,2376.77,2376.77,2354.34,2361.74,6619.3198
2026-05-05 22:45:00,2361.75,2375.35,2358.54,2367.51,4983.816
2026-05-05 23:00:00,2367.51,2369.75,2363.65,2369.75,2258.2057
2026-05-05 23:15:00,2369.75,2369.75,2357.69,2358.56,2931.0351
2026-05-05 23:30:00,2358.55,2360.84,2355.0,2359.53,3017.0626
2026-05-05 23:45:00,2359.52,2363.62,2359.39,2360.77,1704.0743
2026-05-06 00:00:00,2360.76,2365.9,2359.95,2364.37,3142.5058
2026-05-06 00:15:00,2364.37,2366.72,2357.01,2357.54,1912.6144
2026-05-06 00:30:00,2357.54,2362.93,2357.26,2361.07,1250.686
2026-05-06 00:45:00,2361.06,2367.72,2355.0,2364.63,3364.8067
2026-05-06 01:00:00,2364.63,2369.0,2362.75,2368.86,3502.4787
2026-05-06 01:15:00,2368.87,2374.41,2368.33,2370.01,2642.8239
2026-05-06 01:30:00,2370.01,2373.36,2369.41,2370.35,1015.8336
2026-05-06 01:45:00,2370.34,2376.99,2370.0,2373.19,1787.1381
2026-05-06 02:00:00,2373.2,2373.7,2368.92,2371.45,1279.7221
2026-05-06 02:15:00,2371.45,2371.45,2363.27,2363.37,1058.8917
2026-05-06 02:30:00,2363.36,2366.28,2360.0,2364.12,1914.5066
2026-05-06 02:45:00,2364.11,2370.69,2363.86,2369.75,2286.0924
2026-05-06 03:00:00,2369.75,2373.31,2368.08,2368.38,2688.2622
2026-05-06 03:15:00,2368.39,2380.87,2368.13,2376.37,2947.2715
2026-05-06 03:30:00,2376.38,2379.84,2375.04,2376.35,1458.3595
2026-05-06 03:45:00,2376.36,2377.9,2373.94,2376.8,802.81
2026-05-06 04:00:00,2376.81,2379.4,2374.57,2377.27,1151.9622
2026-05-06 04:15:00,2377.27,2377.9,2372.92,2372.92,1114.6315
2026-05-06 04:30:00,2372.92,2373.03,2369.01,2371.4,1636.8371
2026-05-06 04:45:00,2371.4,2373.68,2361.25,2366.08,4007.1707
2026-05-06 05:00:00,2366.08,2366.99,2362.56,2364.43,1232.1058
2026-05-06 05:15:00,2364.43,2366.12,2363.0,2365.42,1195.9298
2026-05-06 05:30:00,2365.42,2365.43,2355.0,2360.42,7307.2659
2026-05-06 05:45:00,2360.43,2365.26,2360.37,2365.03,1715.2767
2026-05-06 06:00:00,2365.03,2366.71,2361.46,2363.21,1658.288
2026-05-06 06:15:00,2363.21,2366.55,2361.0,2365.51,1141.766
2026-05-06 06:30:00,2365.5,2370.45,2364.52,2370.45,1613.9398
2026-05-06 06:45:00,2370.45,2371.29,2368.16,2370.52,1897.3329
2026-05-06 07:00:00,2370.53,2373.75,2368.57,2370.04,3809.9967
2026-05-06 07:15:00,2370.05,2375.0,2369.53,2374.0,1292.5842
2026-05-06 07:30:00,2374.0,2374.01,2370.15,2371.49,1222.7852
2026-05-06 07:45:00,2371.49,2373.39,2369.63,2371.74,1516.8
2026-05-06 08:00:00,2371.74,2378.93,2369.16,2376.5,2902.5036
2026-05-06 08:15:00,2376.5,2377.9,2374.82,2377.89,1324.632
2026-05-06 08:30:00,2377.9,2386.35,2377.55,2382.48,5471.2345
2026-05-06 08:45:00,2382.48,2396.19,2380.0,2394.33,8756.4679
2026-05-06 09:00:00,2394.32,2396.22,2388.47,2391.46,9175.957
2026-05-06 09:15:00,2391.47,2393.59,2384.8,2390.1,4205.4523
2026-05-06 09:30:00,2390.1,2418.39,2389.55,2417.76,26193.9157
2026-05-06 09:45:00,2417.76,2417.76,2406.55,2412.76,8143.0515
2026-05-06 10:00:00,2412.77,2413.78,2405.18,2411.14,4485.8853
2026-05-06 10:15:00,2411.14,2413.99,2408.85,2411.16,4079.3791
2026-05-06 10:30:00,2411.16,2414.43,2409.37,2409.63,4956.9542
2026-05-06 10:45:00,2409.63,2414.35,2408.0,2410.2,3670.6786
2026-05-06 11:00:00,2410.2,2414.42,2408.42,2413.57,3938.2613
2026-05-06 11:15:00,2413.58,2423.74,2413.56,2415.13,12165.9706
2026-05-06 11:30:00,2415.14,2418.94,2409.72,2410.0,9409.6951
2026-05-06 11:45:00,2410.01,2414.26,2408.34,2410.47,4921.0079
2026-05-06 12:00:00,2410.47,2412.44,2403.0,2403.01,7550.268
2026-05-06 12:15:00,2403.01,2413.59,2400.72,2409.72,7619.9743
2026-05-06 12:30:00,2409.71,2412.2,2407.45,2409.1,2792.6514
2026-05-06 12:45:00,2409.11,2411.04,2400.55,2405.11,4319.2354
2026-05-06 13:00:00,2405.11,2405.11,2384.22,2389.72,14646.8576
2026-05-06 13:15:00,2389.72,2393.42,2380.41,2383.39,7316.1953
2026-05-06 13:30:00,2383.38,2387.67,2375.16,2377.37,9163.7293
2026-05-06 13:45:00,2377.37,2377.38,2365.01,2368.51,11424.7811
2026-05-06 14:00:00,2368.52,2369.34,2346.68,2358.21,23146.0018
2026-05-06 14:15:00,2358.21,2367.39,2354.46,2362.88,10747.4465
2026-05-06 14:30:00,2362.88,2369.98,2362.19,2369.9,9549.5726
2026-05-06 14:45:00,2369.9,2373.29,2357.09,2359.23,8334.2972
2026-05-06 15:00:00,2359.23,2361.98,2355.0,2357.13,6496.8594
2026-05-06 15:15:00,2357.13,2366.0,2356.79,2359.96,5639.5479
2026-05-06 15:30:00,2359.97,2362.51,2354.98,2359.68,5488.6407
2026-05-06 15:45:00,2359.68,2362.4,2356.86,2359.1,3226.483
2026-05-06 16:00:00,2359.1,2367.47,2355.45,2363.45,4851.7094
2026-05-06 16:15:00,2363.46,2364.86,2351.61,2351.61,6399.1829
2026-05-06 16:30:00,2351.62,2359.8,2350.56,2358.89,3364.1278
2026-05-06 16:45:00,2358.88,2362.0,2357.19,2358.08,4387.5302
2026-05-06 17:00:00,2358.09,2360.99,2357.4,2359.5,2484.7491
2026-05-06 17:15:00,2359.5,2359.5,2351.95,2353.8,3339.6881
2026-05-06 17:30:00,2353.79,2354.71,2350.27,2353.09,3491.4948
2026-05-06 17:45:00,2353.09,2353.17,2347.71,2349.7,4245.2653
2026-05-06 18:00:00,2349.71,2351.01,2338.0,2349.46,9307.7093
2026-05-06 18:15:00,2349.47,2352.55,2344.88,2344.89,2981.9371
2026-05-06 18:30:00,2344.88,2348.07,2341.79,2346.19,3672.1472
2026-05-06 18:45:00,2346.19,2348.43,2343.46,2345.0,2055.2838
2026-05-06 19:00:00,2345.0,2347.77,2343.23,2345.15,2450.732
2026-05-06 19:15:00,2345.15,2348.72,2343.0,2344.96,2082.8243
2026-05-06 19:30:00,2344.97,2347.23,2342.14,2345.63,2223.1969
2026-05-06 19:45:00,2345.63,2350.0,2345.28,2348.5,2485.102
2026-05-06 20:00:00,2348.49,2354.69,2348.48,2353.2,3392.1061
2026-05-06 20:15:00,2353.21,2357.04,2351.05,2352.65,2896.7516
2026-05-06 20:30:00,2352.66,2352.8,2345.23,2347.58,3179.9938
2026-05-06 20:45:00,2347.58,2350.94,2345.43,2350.94,4015.3676
2026-05-06 21:00:00,2350.94,2352.38,2345.83,2348.63,1798.3718
2026-05-06 21:15:00,2348.64,2351.47,2348.62,2351.47,1692.8155
2026-05-06 21:30:00,2351.47,2357.45,2350.09,2355.4,4644.6702
2026-05-06 21:45:00,2355.41,2356.0,2352.46,2354.52,2280.9011
2026-05-06 22:00:00,2354.52,2355.05,2348.88,2350.64,2920.106
2026-05-06 22:15:00,2350.64,2350.89,2344.99,2345.56,1911.436
2026-05-06 22:30:00,2345.57,2349.0,2345.56,2348.13,1685.2657
2026-05-06 22:45:00,2348.13,2349.54,2345.13,2347.28,1559.7254
2026-05-06 23:00:00,2347.28,2347.28,2338.28,2344.21,5497.505
2026-05-06 23:15:00,2344.22,2349.41,2343.93,2349.4,2062.2124
2026-05-06 23:30:00,2349.41,2349.96,2346.86,2348.99,1579.9316
2026-05-06 23:45:00,2348.98,2351.34,2347.3,2350.84,1894.4123
2026-05-07 00:00:00,2350.84,2352.3,2348.16,2350.0,2378.3454
2026-05-07 00:15:00,2350.0,2350.22,2344.72,2344.72,1852.2329
2026-05-07 00:30:00,2344.72,2346.46,2334.94,2336.62,4089.9207
2026-05-07 00:45:00,2336.63,2339.08,2329.05,2329.65,5301.8244
2026-05-07 01:00:00,2329.66,2330.18,2314.16,2329.29,10425.3137
2026-05-07 01:15:00,2329.3,2332.04,2320.64,2332.03,3053.3673
2026-05-07 01:30:00,2332.03,2335.0,2328.31,2334.41,2642.5585
2026-05-07 01:45:00,2334.41,2334.51,2326.09,2327.41,2781.5098
2026-05-07 02:00:00,2327.4,2327.95,2315.45,2315.7,6810.7922
2026-05-07 02:15:00,2315.71,2320.01,2313.89,2317.87,4758.8376
2026-05-07 02:30:00,2317.88,2321.24,2315.99,2317.52,4328.7222
2026-05-07 02:45:00,2317.53,2323.77,2315.45,2321.88,3540.8429
2026-05-07 03:00:00,2321.89,2323.38,2319.13,2319.82,4400.9799
2026-05-07 03:15:00,2319.82,2322.21,2315.74,2320.2,2233.8916
2026-05-07 03:30:00,2320.2,2323.39,2318.45,2323.29,1752.0058
2026-05-07 03:45:00,2323.29,2326.2,2321.66,2322.39,3153.1724
2026-05-07 04:00:00,2322.39,2324.88,2317.8,2324.03,3700.0257
2026-05-07 04:15:00,2324.02,2327.31,2323.79,2326.25,2607.0164
2026-05-07 04:30:00,2326.25,2327.39,2322.9,2324.1,2074.9073
2026-05-07 04:45:00,2324.11,2327.52,2324.1,2327.51,2035.5884
2026-05-07 05:00:00,2327.51,2333.61,2327.02,2331.27,3660.6284
2026-05-07 05:15:00,2331.28,2332.64,2329.5,2331.83,2402.2452
2026-05-07 05:30:00,2331.84,2333.97,2329.66,2331.3,3275.0596
2026-05-07 05:45:00,2331.3,2331.72,2329.13,2331.08,1632.986
2026-05-07 06:00:00,2331.08,2331.08,2321.39,2321.84,3917.5668
2026-05-07 06:15:00,2321.83,2323.64,2320.0,2323.64,3191.7017
2026-05-07 06:30:00,2323.65,2337.0,2323.65,2336.23,3539.6964
2026-05-07 06:45:00,2336.24,2338.57,2332.65,2337.13,3360.4167
2026-05-07 07:00:00,2337.14,2343.53,2336.72,2343.33,4340.1327
2026-05-07 07:15:00,2343.33,2344.99,2339.26,2340.23,3947.8063
2026-05-07 07:30:00,2340.24,2346.89,2339.95,2345.35,4536.2291
2026-05-07 07:45:00,2345.36,2346.74,2341.72,2344.59,3296.0032
2026-05-07 08:00:00,2344.59,2346.6,2341.24,2341.78,3567.0816
2026-05-07 08:15:00,2341.78,2342.01,2335.29,2337.62,4580.6346
2026-05-07 08:30:00,2337.62,2340.96,2333.88,2334.42,3252.664
2026-05-07 08:45:00,2334.41,2339.45,2332.0,2333.73,3720.1799
2026-05-07 09:00:00,2333.73,2335.53,2331.42,2335.53,3329.6325
2026-05-07 09:15:00,2335.53,2337.11,2328.76,2331.18,3852.219
2026-05-07 09:30:00,2331.18,2333.76,2326.83,2328.25,4261.3361
2026-05-07 09:45:00,2328.25,2330.4,2327.24,2329.05,2476.5607
2026-05-07 10:00:00,2329.04,2331.63,2322.22,2325.54,3500.554
2026-05-07 10:15:00,2325.55,2328.39,2317.35,2318.6,4134.6877
2026-05-07 10:30:00,2318.61,2328.01,2318.16,2328.01,3035.4507
2026-05-07 10:45:00,2328.01,2329.4,2326.03,2326.78,2925.7741
2026-05-07 11:00:00,2326.78,2331.27,2325.45,2329.28,2722.2426
2026-05-07 11:15:00,2329.28,2330.98,2327.83,2328.07,2495.0861
2026-05-07 11:30:00,2328.06,2331.59,2328.03,2330.59,3043.6728
2026-05-07 11:45:00,2330.58,2331.17,2325.57,2329.94,3242.0054
2026-05-07 12:00:00,2329.94,2336.09,2329.04,2335.81,3375.5022
2026-05-07 12:15:00,2335.82,2337.13,2332.04,2333.06,3327.4363
2026-05-07 12:30:00,2333.06,2336.11,2331.67,2333.22,2864.0143
2026-05-07 12:45:00,2333.23,2334.66,2330.54,2333.01,2818.942
2026-05-07 13:00:00,2333.02,2333.02,2322.56,2324.07,5212.448
2026-05-07 13:15:00,2324.08,2329.95,2322.98,2324.94,5167.1088
2026-05-07 13:30:00,2324.94,2324.94,2314.8,2314.81,13982.0038
2026-05-07 13:45:00,2314.81,2317.59,2305.4,2314.32,14650.108
2026-05-07 14:00:00,2314.32,2318.75,2307.76,2316.76,4486.0314
2026-05-07 14:15:00,2316.76,2317.15,2308.57,2309.78,11948.6494
2026-05-07 14:30:00,2309.78,2310.6,2289.51,2296.59,20851.9119
2026-05-07 14:45:00,2296.58,2302.09,2294.62,2298.98,9494.6307
2026-05-07 15:00:00,2298.98,2304.52,2295.99,2298.5,4937.5876
2026-05-07 15:15:00,2298.49,2301.09,2285.95,2291.19,13164.8748
2026-05-07 15:30:00,2291.19,2298.81,2289.32,2296.01,6576.4044
2026-05-07 15:45:00,2296.01,2298.44,2292.49,2294.82,6649.2986
2026-05-07 16:00:00,2294.82,2295.15,2287.1,2290.05,8369.9162
2026-05-07 16:15:00,2290.02,2298.2,2285.37,2297.35,8900.7989
2026-05-07 16:30:00,2297.35,2297.92,2290.81,2294.91,5534.504
2026-05-07 16:45:00,2294.91,2296.05,2289.61,2291.81,5195.9746
2026-05-07 17:00:00,2291.81,2295.2,2290.59,2293.55,5020.2952
2026-05-07 17:15:00,2293.54,2295.2,2280.1,2288.25,9821.1658
2026-05-07 17:30:00,2288.25,2293.09,2286.3,2291.73,6698.2816
2026-05-07 17:45:00,2291.73,2301.25,2289.2,2299.6,6838.9154
2026-05-07 18:00:00,2299.61,2304.0,2297.71,2300.07,6830.5631
2026-05-07 18:15:00,2300.08,2301.93,2299.19,2299.39,5975.3952
2026-05-07 18:30:00,2299.38,2304.0,2294.39,2295.98,6195.5953
2026-05-07 18:45:00,2295.98,2299.62,2291.27,2296.19,4858.795
2026-05-07 19:00:00,2296.18,2296.92,2290.23,2295.27,3757.1436
2026-05-07 19:15:00,2295.27,2296.15,2290.0,2290.69,3122.6731
2026-05-07 19:30:00,2290.69,2296.44,2290.61,2293.7,4260.0282
2026-05-07 19:45:00,2293.69,2297.09,2287.88,2295.98,7377.4368
2026-05-07 20:00:00,2295.98,2302.57,2293.73,2295.01,9766.6284
2026-05-07 20:15:00,2295.02,2296.08,2292.77,2294.43,6750.857
2026-05-07 20:30:00,2294.42,2294.42,2287.94,2290.0,10624.0427
2026-05-07 20:45:00,2290.01,2290.74,2288.08,2289.1,6859.3303
2026-05-07 21:00:00,2289.1,2290.47,2281.29,2286.46,4859.001
2026-05-07 21:15:00,2286.46,2293.83,2285.34,2293.82,2675.8557
2026-05-07 21:30:00,2293.83,2294.29,2290.23,2290.62,3011.3612
2026-05-07 21:45:00,2290.61,2292.6,2287.67,2287.68,2252.8684
2026-05-07 22:00:00,2287.68,2289.36,2281.04,2287.77,6958.3334
2026-05-07 22:15:00,2287.77,2290.24,2286.12,2286.12,3813.7972
2026-05-07 22:30:00,2286.12,2288.73,2281.57,2283.63,3293.9007
2026-05-07 22:45:00,2283.63,2288.18,2283.04,2287.03,2358.3116
2026-05-07 23:00:00,2287.03,2291.49,2286.11,2289.69,2759.5931
2026-05-07 23:15:00,2289.69,2290.77,2286.75,2289.35,2031.3356
2026-05-07 23:30:00,2289.35,2291.42,2287.25,2291.42,1978.6828
2026-05-07 23:45:00,2291.42,2293.24,2290.52,2291.06,2101.4955
2026-05-08 00:00:00,2291.06,2294.04,2290.83,2293.3,2782.1011
2026-05-08 00:15:00,2293.3,2294.28,2289.68,2290.47,2723.1011
2026-05-08 00:30:00,2290.47,2291.22,2287.21,2287.94,2027.755
2026-05-08 00:45:00,2287.94,2287.95,2283.66,2286.83,2464.3209
2026-05-08 01:00:00,2286.83,2289.31,2282.88,2283.09,2226.1341
2026-05-08 01:15:00,2283.08,2285.91,2280.28,2285.71,2960.7047
2026-05-08 01:30:00,2285.72,2287.82,2284.11,2285.74,2115.1807
2026-05-08 01:45:00,2285.74,2287.22,2283.16,2285.06,2777.1786
2026-05-08 02:00:00,2285.06,2285.71,2273.0,2277.84,7395.8684
2026-05-08 02:15:00,2277.85,2277.95,2268.0,2276.35,6231.4519
2026-05-08 02:30:00,2276.36,2283.17,2275.31,2279.49,2894.0279
2026-05-08 02:45:00,2279.49,2282.15,2277.0,2279.15,2166.0109
2026-05-08 03:00:00,2279.15,2279.15,2265.61,2273.13,7817.1152
2026-05-08 03:15:00,2273.13,2279.52,2272.76,2278.8,3321.8251
2026-05-08 03:30:00,2278.79,2281.35,2278.79,2280.78,2604.4203
2026-05-08 03:45:00,2280.79,2281.6,2278.76,2278.76,1861.8302
2026-05-08 04:00:00,2278.77,2282.96,2278.76,2282.51,2226.8055
2026-05-08 04:15:00,2282.51,2284.54,2281.09,2282.58,2599.798
2026-05-08 04:30:00,2282.59,2282.86,2276.5,2277.65,2941.8209
2026-05-08 04:45:00,2277.65,2282.54,2277.65,2281.63,1879.0711
2026-05-08 05:00:00,2281.63,2282.48,2280.0,2280.97,2483.5287
2026-05-08 05:15:00,2280.98,2282.54,2279.0,2280.27,2141.6946
2026-05-08 05:30:00,2280.27,2283.54,2280.27,2283.31,1841.1568
2026-05-08 05:45:00,2283.3,2284.0,2275.97,2275.97,5166.8779
2026-05-08 06:00:00,2275.98,2277.22,2270.0,2276.18,11254.7367
2026-05-08 06:15:00,2276.18,2278.5,2275.01,2275.02,7294.4017
2026-05-08 06:30:00,2275.02,2277.22,2268.6,2275.73,10481.8843
2026-05-08 06:45:00,2275.74,2276.24,2273.01,2275.22,2317.2472
2026-05-08 07:00:00,2275.23,2275.23,2267.69,2268.51,3282.0631
2026-05-08 07:15:00,2268.51,2271.92,2267.15,2270.73,3367.1458
2026-05-08 07:30:00,2270.72,2280.04,2270.72,2279.53,8239.1741
2026-05-08 07:45:00,2279.54,2282.69,2279.0,2281.35,6376.0585
2026-05-08 08:00:00,2281.37,2283.21,2280.15,2281.72,4492.5832
2026-05-08 08:15:00,2281.71,2283.05,2280.72,2281.48,3760.6098
2026-05-08 08:30:00,2281.47,2286.51,2281.47,2285.45,4249.5735
2026-05-08 08:45:00,2285.45,2289.13,2283.56,2283.56,4707.6249
2026-05-08 09:00:00,2283.56,2289.22,2280.35,2289.2,3010.7492
2026-05-08 09:15:00,2289.2,2292.12,2287.02,2287.62,3573.3407
2026-05-08 09:30:00,2287.62,2288.4,2285.58,2285.7,3078.2825
2026-05-08 09:45:00,2285.7,2285.71,2281.78,2284.34,5353.3673
2026-05-08 10:00:00,2284.34,2287.78,2281.75,2282.98,3588.7458
2026-05-08 10:15:00,2282.99,2285.13,2281.17,2283.7,3454.6333
2026-05-08 10:30:00,2283.71,2290.24,2283.69,2290.15,3890.6382
2026-05-08 10:45:00,2290.14,2290.96,2287.07,2287.94,4797.4905
2026-05-08 11:00:00,2287.95,2292.5,2287.95,2290.81,6423.8331
2026-05-08 11:15:00,2290.8,2294.52,2290.13,2292.91,4521.0905
2026-05-08 11:30:00,2292.92,2294.18,2289.9,2290.49,2888.2933
2026-05-08 11:45:00,2290.49,2298.01,2290.49,2295.38,3928.2815
2026-05-08 12:00:00,2295.38,2297.12,2290.57,2293.41,2731.0832
2026-05-08 12:15:00,2293.41,2294.15,2289.24,2293.2,3248.8149
2026-05-08 12:30:00,2293.2,2302.0,2289.54,2291.24,6200.9786
2026-05-08 12:45:00,2291.23,2291.24,2282.46,2284.53,4254.1641
2026-05-08 13:00:00,2284.53,2287.0,2275.05,2276.12,6056.2956
2026-05-08 13:15:00,2276.12,2279.77,2273.12,2273.85,7236.1869
2026-05-08 13:30:00,2273.86,2279.09,2269.96,2272.01,9037.8086
2026-05-08 13:45:00,2272.02,2277.53,2271.29,2276.46,6138.5095
2026-05-08 14:00:00,2276.46,2285.48,2275.0,2281.24,8195.0169
2026-05-08 14:15:00,2281.25,2292.66,2280.1,2281.48,8394.0719
2026-05-08 14:30:00,2281.49,2288.99,2273.32,2287.9,6046.3327
2026-05-08 14:45:00,2287.9,2289.99,2282.97,2285.72,3004.6822
2026-05-08 15:00:00,2285.72,2288.02,2280.0,2281.28,3080.0206
2026-05-08 15:15:00,2281.28,2282.38,2275.0,2277.72,4484.7994
2026-05-08 15:30:00,2277.72,2287.0,2274.94,2285.14,2985.2738
2026-05-08 15:45:00,2285.15,2294.44,2284.57,2293.2,4107.3032
2026-05-08 16:00:00,2293.2,2294.37,2288.67,2290.38,3767.4337
2026-05-08 16:15:00,2290.38,2293.11,2288.49,2290.01,2988.5366
2026-05-08 16:30:00,2290.01,2291.99,2286.42,2291.67,3675.3895
2026-05-08 16:45:00,2291.67,2292.67,2289.3,2289.93,3022.637
2026-05-08 17:00:00,2289.93,2298.23,2289.39,2295.85,4076.5178
2026-05-08 17:15:00,2295.86,2302.47,2295.7,2301.62,5265.668
2026-05-08 17:30:00,2301.62,2315.0,2301.62,2309.99,8320.7775
2026-05-08 17:45:00,2310.0,2315.63,2300.7,2304.86,5935.6103
2026-05-08 18:00:00,2304.87,2313.05,2304.87,2312.44,5691.2679
2026-05-08 18:15:00,2312.45,2320.53,2309.83,2318.49,6264.2203
2026-05-08 18:30:00,2318.49,2321.22,2315.59,2318.35,4716.6906
2026-05-08 18:45:00,2318.34,2321.04,2313.11,2313.49,2981.8334
2026-05-08 19:00:00,2313.49,2319.49,2312.48,2317.5,4777.4495
2026-05-08 19:15:00,2317.51,2320.36,2314.46,2315.47,4670.3294
2026-05-08 19:30:00,2315.48,2318.98,2314.63,2315.99,6117.7203
2026-05-08 19:45:00,2315.99,2316.53,2313.72,2316.05,4212.4388
2026-05-08 20:00:00,2316.06,2317.0,2311.78,2313.28,3412.6335
2026-05-08 20:15:00,2313.28,2314.44,2310.52,2312.3,8974.9541
2026-05-08 20:30:00,2312.3,2312.32,2307.11,2308.41,10186.7318
2026-05-08 20:45:00,2308.41,2309.91,2305.36,2306.65,3843.3015
2026-05-08 21:00:00,2306.64,2308.92,2304.21,2305.64,3314.1478
2026-05-08 21:15:00,2305.65,2310.13,2305.53,2308.76,3808.6168
2026-05-08 21:30:00,2308.77,2314.13,2308.76,2313.9,3714.7445
2026-05-08 21:45:00,2313.91,2314.94,2310.34,2314.63,3240.997
2026-05-08 22:00:00,2314.62,2319.15,2314.31,2317.71,4105.5131
2026-05-08 22:15:00,2317.71,2318.68,2312.95,2313.1,3249.2016
2026-05-08 22:30:00,2313.11,2315.03,2311.99,2312.07,2784.6223
2026-05-08 22:45:00,2312.08,2313.05,2310.26,2310.98,2593.6351
2026-05-08 23:00:00,2310.98,2310.98,2307.0,2307.0,2744.5568
2026-05-08 23:15:00,2307.01,2309.78,2306.11,2308.01,3025.8271
2026-05-08 23:30:00,2308.01,2308.01,2303.19,2304.7,3516.1552
2026-05-08 23:45:00,2304.7,2307.4,2304.01,2307.06,2852.029
2026-05-09 00:00:00,2307.07,2307.11,2304.19,2306.31,2756.3864
2026-05-09 00:15:00,2306.32,2310.78,2306.06,2308.33,3012.7955
2026-05-09 00:30:00,2308.34,2311.93,2308.34,2310.36,2839.4063
2026-05-09 00:45:00,2310.36,2312.03,2307.37,2308.55,2943.3658
2026-05-09 01:00:00,2308.55,2313.37,2308.23,2313.36,3045.2666
2026-05-09 01:15:00,2313.36,2314.4,2309.22,2311.42,2106.3482
2026-05-09 01:30:00,2311.43,2316.61,2311.17,2315.63,2569.2129
2026-05-09 01:45:00,2315.64,2318.45,2314.13,2314.22,3136.949
2026-05-09 02:00:00,2314.23,2318.41,2313.8,2316.77,1944.2399
2026-05-09 02:15:00,2316.78,2317.0,2314.2,2316.27,2891.031
2026-05-09 02:30:00,2316.28,2320.3,2316.27,2317.93,2289.2598
2026-05-09 02:45:00,2317.93,2318.28,2316.59,2317.07,2343.6423
2026-05-09 03:00:00,2317.07,2319.16,2315.01,2318.22,1352.3199
2026-05-09 03:15:00,2318.21,2320.77,2316.0,2316.83,2276.9241
2026-05-09 03:30:00,2316.83,2316.84,2312.6,2313.65,2056.9334
2026-05-09 03:45:00,2313.64,2316.35,2313.15,2315.33,1604.6377
2026-05-09 04:00:00,2315.33,2325.33,2315.33,2321.41,4251.7576
2026-05-09 04:15:00,2321.4,2321.53,2315.88,2316.76,7151.7124
2026-05-09 04:30:00,2316.76,2317.3,2312.71,2313.38,7601.7414
2026-05-09 04:45:00,2313.37,2314.79,2311.27,2312.35,8179.6296
2026-05-09 05:00:00,2312.35,2314.62,2310.9,2313.81,1859.4966
2026-05-09 05:15:00,2313.81,2317.25,2313.27,2315.56,1497.2259
2026-05-09 05:30:00,2315.57,2318.29,2315.1,2317.15,1497.3941
2026-05-09 05:45:00,2317.15,2317.15,2314.51,2314.82,1064.3168
2026-05-09 06:00:00,2314.82,2319.16,2314.8,2318.58,3348.7125
2026-05-09 06:15:00,2318.58,2318.59,2315.36,2316.99,3213.8121
2026-05-09 06:30:00,2316.99,2319.59,2313.46,2315.07,1913.9527
2026-05-09 06:45:00,2315.06,2315.58,2312.95,2314.35,1831.4343
2026-05-09 07:00:00,2314.35,2315.94,2311.34,2313.05,2124.368
2026-05-09 07:15:00,2313.05,2318.56,2313.04,2316.2,2110.1618
2026-05-09 07:30:00,2316.19,2317.74,2315.33,2315.99,2388.6027
2026-05-09 07:45:00,2315.99,2316.0,2314.15,2314.69,1726.7725
2026-05-09 08:00:00,2314.69,2319.16,2314.23,2318.64,2253.661
2026-05-09 08:15:00,2318.64,2319.73,2318.03,2319.05,3400.8881
2026-05-09 08:30:00,2319.06,2320.53,2317.2,2317.8,2148.5082
2026-05-09 08:45:00,2317.81,2317.81,2316.29,2317.16,895.2735
2026-05-09 09:00:00,2317.16,2317.52,2315.0,2315.34,1299.6856
2026-05-09 09:15:00,2315.33,2315.33,2311.37,2313.19,2481.3115
2026-05-09 09:30:00,2313.18,2315.23,2312.95,2313.61,1588.5203
2026-05-09 09:45:00,2313.61,2313.99,2312.16,2313.28,1377.4406
2026-05-09 10:00:00,2313.28,2313.29,2310.24,2312.86,1859.5645
2026-05-09 10:15:00,2312.87,2314.55,2310.96,2311.68,1202.7287
2026-05-09 10:30:00,2311.68,2315.03,2311.58,2314.08,959.8129
2026-05-09 10:45:00,2314.08,2314.08,2312.36,2312.5,756.4858
2026-05-09 11:00:00,2312.49,2315.4,2312.49,2314.56,1514.532
2026-05-09 11:15:00,2314.56,2315.45,2313.59,2315.2,1139.2959
2026-05-09 11:30:00,2315.19,2315.56,2313.54,2313.55,1513.9675
2026-05-09 11:45:00,2313.54,2315.38,2313.54,2314.57,1268.0519
2026-05-09 12:00:00,2314.56,2317.08,2314.08,2314.19,1372.4189
2026-05-09 12:15:00,2314.18,2318.27,2313.24,2316.85,2043.773
2026-05-09 12:30:00,2316.85,2316.85,2314.34,2315.28,859.7052
2026-05-09 12:45:00,2315.28,2316.68,2315.02,2316.54,943.4092
2026-05-09 13:00:00,2316.54,2316.55,2315.08,2315.68,980.5293
2026-05-09 13:15:00,2315.68,2316.01,2313.02,2314.05,1427.0385
2026-05-09 13:30:00,2314.05,2314.77,2311.69,2313.01,1271.5178
2026-05-09 13:45:00,2313.01,2314.35,2312.15,2314.34,1094.2492
2026-05-09 14:00:00,2314.34,2315.32,2312.61,2313.61,1048.5457
2026-05-09 14:15:00,2313.6,2313.67,2305.77,2308.03,3434.6967
2026-05-09 14:30:00,2308.03,2309.07,2305.21,2308.84,2180.221
2026-05-09 14:45:00,2308.83,2311.4,2305.9,2308.27,1583.6198
2026-05-09 15:00:00,2308.27,2309.68,2300.0,2304.12,3724.1845
2026-05-09 15:15:00,2304.12,2311.06,2304.11,2310.9,2375.3997
2026-05-09 15:30:00,2310.9,2316.87,2310.32,2313.83,3706.0207
2026-05-09 15:45:00,2313.84,2317.64,2313.84,2317.63,3060.4506
2026-05-09 16:00:00,2317.64,2321.91,2315.29,2321.0,4280.1898
2026-05-09 16:15:00,2320.99,2325.28,2319.62,2319.9,4126.6421
2026-05-09 16:30:00,2319.89,2321.79,2317.18,2320.58,4335.3328
2026-05-09 16:45:00,2320.58,2321.04,2318.19,2319.99,2723.8452
2026-05-09 17:00:00,2320.0,2333.61,2320.0,2330.33,8919.387
2026-05-09 17:15:00,2330.34,2332.0,2326.38,2331.87,4298.5379
2026-05-09 17:30:00,2331.87,2333.27,2330.49,2330.49,4756.9108
2026-05-09 17:45:00,2330.5,2331.01,2326.9,2329.45,3124.6565
2026-05-09 18:00:00,2329.46,2332.97,2329.27,2330.06,2515.7071
2026-05-09 18:15:00,2330.07,2338.37,2329.5,2336.76,4458.2323
2026-05-09 18:30:00,2336.77,2337.93,2331.01,2331.33,2475.8073
2026-05-09 18:45:00,2331.33,2331.34,2328.8,2330.22,1798.7993
2026-05-09 19:00:00,2330.23,2331.65,2328.81,2329.98,2699.5063
2026-05-09 19:15:00,2329.98,2329.99,2326.54,2328.54,2292.6936
2026-05-09 19:30:00,2328.55,2328.85,2327.34,2328.36,1464.0928
2026-05-09 19:45:00,2328.35,2333.1,2327.45,2332.01,2647.3075
2026-05-09 20:00:00,2332.02,2332.81,2327.97,2327.98,1517.143
2026-05-09 20:15:00,2327.98,2329.69,2327.64,2328.73,1669.7103
2026-05-09 20:30:00,2328.73,2330.12,2327.26,2329.48,1394.1675
2026-05-09 20:45:00,2329.47,2330.06,2328.68,2329.18,1321.341
2026-05-09 21:00:00,2329.17,2331.51,2329.0,2330.62,1721.7971
2026-05-09 21:15:00,2330.63,2331.19,2328.62,2330.49,1414.7357
2026-05-09 21:30:00,2330.49,2330.92,2329.23,2329.88,1452.083
2026-05-09 21:45:00,2329.89,2331.55,2328.92,2330.82,1504.9013
2026-05-09 22:00:00,2330.82,2331.55,2329.47,2330.15,1884.0737
2026-05-09 22:15:00,2330.15,2331.99,2330.14,2330.98,1748.9415
2026-05-09 22:30:00,2330.98,2333.47,2327.22,2332.43,1973.0775
2026-05-09 22:45:00,2332.44,2333.07,2329.47,2329.89,1262.0324
2026-05-09 23:00:00,2329.89,2331.96,2327.5,2328.25,1752.202
2026-05-09 23:15:00,2328.25,2328.25,2325.78,2326.39,1546.0218
2026-05-09 23:30:00,2326.38,2326.99,2324.7,2324.87,1741.2351
2026-05-09 23:45:00,2324.87,2328.08,2324.86,2326.44,1914.7282
2026-05-10 00:00:00,2326.43,2328.07,2323.93,2327.08,2328.2403
2026-05-10 00:15:00,2327.07,2329.71,2326.68,2327.42,1585.8693
2026-05-10 00:30:00,2327.41,2328.59,2325.52,2327.24,1889.0683
2026-05-10 00:45:00,2327.24,2327.35,2321.16,2323.89,2110.6455
2026-05-10 01:00:00,2323.9,2323.9,2321.3,2322.26,2678.0844
2026-05-10 01:15:00,2322.26,2324.41,2319.26,2319.96,2829.9324
2026-05-10 01:30:00,2319.96,2321.77,2318.33,2319.95,1903.9208
2026-05-10 01:45:00,2319.96,2324.97,2319.95,2323.67,2043.7879
2026-05-10 02:00:00,2323.68,2323.68,2320.08,2321.59,1630.9487
2026-05-10 02:15:00,2321.6,2327.25,2321.04,2325.96,2077.804
2026-05-10 02:30:00,2325.96,2327.23,2324.32,2326.19,1721.3457
2026-05-10 02:45:00,2326.2,2328.0,2325.5,2327.94,1767.3872
2026-05-10 03:00:00,2327.94,2329.71,2327.04,2328.13,2056.9246
2026-05-10 03:15:00,2328.14,2328.29,2325.41,2325.67,1606.3048
2026-05-10 03:30:00,2325.67,2332.91,2323.7,2328.87,3058.2899
2026-05-10 03:45:00,2328.87,2329.96,2327.41,2327.76,1989.5828
2026-05-10 04:00:00,2327.75,2328.66,2326.1,2327.37,2694.4354
2026-05-10 04:15:00,2327.37,2329.25,2326.2,2329.24,1960.9817
2026-05-10 04:30:00,2329.24,2330.98,2327.7,2327.7,1549.527
2026-05-10 04:45:00,2327.7,2329.41,2327.03,2328.27,1511.1902
2026-05-10 05:00:00,2328.28,2328.84,2326.72,2328.26,1573.6169
2026-05-10 05:15:00,2328.26,2330.0,2328.0,2328.93,1555.3631
2026-05-10 05:30:00,2328.93,2329.99,2328.0,2328.02,1475.7468
2026-05-10 05:45:00,2328.01,2328.79,2326.51,2327.3,1640.2008
2026-05-10 06:00:00,2327.3,2329.02,2327.15,2329.01,2047.1677
2026-05-10 06:15:00,2329.01,2329.02,2326.65,2326.65,1815.0527
2026-05-10 06:30:00,2326.65,2330.75,2326.65,2329.12,1942.8472
2026-05-10 06:45:00,2329.11,2330.3,2328.62,2329.3,1163.6162
2026-05-10 07:00:00,2329.31,2332.09,2327.55,2327.55,1971.9019
2026-05-10 07:15:00,2327.55,2330.64,2327.55,2329.49,1329.4217
2026-05-10 07:30:00,2329.48,2330.37,2328.36,2329.01,1555.7766
2026-05-10 07:45:00,2329.02,2329.73,2327.36,2327.36,1177.5057
2026-05-10 08:00:00,2327.36,2331.22,2326.16,2328.61,1847.0559
2026-05-10 08:15:00,2328.6,2331.83,2327.69,2330.53,2285.7787
2026-05-10 08:30:00,2330.53,2331.69,2328.97,2329.16,2166.871
2026-05-10 08:45:00,2329.16,2330.16,2328.9,2330.15,1369.7951
2026-05-10 09:00:00,2330.16,2333.59,2329.83,2330.75,2484.6671
2026-05-10 09:15:00,2330.75,2330.95,2329.18,2329.18,1240.264
2026-05-10 09:30:00,2329.18,2329.75,2327.22,2327.49,1301.2973
2026-05-10 09:45:00,2327.5,2328.91,2326.92,2328.22,1286.8426
2026-05-10 10:00:00,2328.23,2328.82,2324.01,2324.73,2418.9127
2026-05-10 10:15:00,2324.72,2326.9,2323.41,2326.33,1864.773
2026-05-10 10:30:00,2326.33,2326.89,2323.38,2324.11,1318.4303
2026-05-10 10:45:00,2324.11,2326.14,2323.49,2325.46,1744.3997
2026-05-10 11:00:00,2325.46,2327.42,2323.34,2324.17,2171.1601
2026-05-10 11:15:00,2324.16,2325.51,2319.0,2322.0,2438.0669
2026-05-10 11:30:00,2322.0,2322.42,2320.29,2321.3,1544.1245
2026-05-10 11:45:00,2321.29,2323.29,2321.21,2322.58,1397.5603
2026-05-10 12:00:00,2322.59,2323.89,2320.87,2323.59,1255.9756
2026-05-10 12:15:00,2323.59,2325.06,2322.74,2324.21,1338.3412
2026-05-10 12:30:00,2324.22,2325.35,2322.62,2323.88,1853.105
2026-05-10 12:45:00,2323.88,2324.4,2323.03,2324.12,1394.4734
2026-05-10 13:00:00,2324.12,2328.77,2323.28,2328.48,2380.4058
2026-05-10 13:15:00,2328.48,2331.99,2326.84,2329.47,4087.7048
2026-05-10 13:30:00,2329.47,2330.77,2328.0,2329.34,2653.7984
2026-05-10 13:45:00,2329.33,2330.33,2328.42,2329.8,2697.0569
2026-05-10 14:00:00,2329.8,2330.88,2328.0,2328.72,2305.008
2026-05-10 14:15:00,2328.72,2328.72,2326.94,2327.58,2145.7934
2026-05-10 14:30:00,2327.57,2335.0,2327.41,2330.43,4030.6638
2026-05-10 14:45:00,2330.43,2332.56,2327.14,2330.9,3299.2856
2026-05-10 15:00:00,2330.9,2337.66,2330.9,2335.28,4862.2988
2026-05-10 15:15:00,2335.27,2335.45,2333.5,2334.45,3364.6995
2026-05-10 15:30:00,2334.44,2343.81,2334.44,2341.73,5888.5786
2026-05-10 15:45:00,2341.73,2351.66,2340.62,2347.56,8369.7887
2026-05-10 16:00:00,2347.56,2350.85,2344.86,2346.3,4626.6239
2026-05-10 16:15:00,2346.31,2346.67,2340.11,2345.35,2527.0974
2026-05-10 16:30:00,2345.35,2350.0,2344.29,2346.21,3180.9868
2026-05-10 16:45:00,2346.21,2350.0,2345.41,2350.0,7414.4421
2026-05-10 17:00:00,2349.99,2355.0,2345.4,2348.0,79965.4202
2026-05-10 17:15:00,2348.0,2357.94,2347.99,2355.86,21999.8741
2026-05-10 17:30:00,2355.85,2359.6,2352.71,2356.0,5226.0672
2026-05-10 17:45:00,2356.0,2368.0,2354.4,2364.1,7343.8751
2026-05-10 18:00:00,2364.11,2366.79,2363.39,2365.5,3639.1112
2026-05-10 18:15:00,2365.5,2365.5,2361.05,2361.84,4023.7713
2026-05-10 18:30:00,2361.84,2363.54,2356.75,2356.76,1921.2109
2026-05-10 18:45:00,2356.76,2359.92,2356.63,2358.54,1577.4346
2026-05-10 19:00:00,2358.53,2358.82,2351.25,2357.81,2903.5967
2026-05-10 19:15:00,2357.81,2366.73,2357.59,2366.65,3561.1055
2026-05-10 19:30:00,2366.65,2366.79,2362.75,2365.07,2584.3483
2026-05-10 19:45:00,2365.06,2365.58,2359.37,2365.54,1929.5946
2026-05-10 20:00:00,2365.54,2369.86,2353.75,2354.76,4513.3445
2026-05-10 20:15:00,2354.76,2356.8,2346.52,2353.55,5846.8651
2026-05-10 20:30:00,2353.55,2353.55,2335.29,2335.31,6376.6422
2026-05-10 20:45:00,2335.32,2335.57,2311.83,2328.76,14196.4288
2026-05-10 21:00:00,2328.76,2334.78,2324.02,2325.98,6118.2013
2026-05-10 21:15:00,2325.99,2335.0,2324.87,2335.0,3435.7372
2026-05-10 21:30:00,2335.0,2336.85,2329.83,2335.54,3977.2974
2026-05-10 21:45:00,2335.54,2336.36,2330.68,2330.8,1832.6868
2026-05-10 22:00:00,2330.79,2347.13,2327.92,2342.82,5452.8077
2026-05-10 22:15:00,2342.82,2362.03,2340.04,2355.36,8284.0573
2026-05-10 22:30:00,2355.36,2374.05,2352.08,2366.51,11617.2784
2026-05-10 22:45:00,2366.51,2377.64,2366.51,2373.78,8314.3907
2026-05-10 23:00:00,2373.78,2382.53,2373.78,2379.1,9841.547
2026-05-10 23:15:00,2379.1,2381.17,2370.28,2374.45,4365.8677
2026-05-10 23:30:00,2374.46,2380.22,2371.92,2378.77,4636.3517
2026-05-10 23:45:00,2378.77,2379.64,2367.95,2371.27,3839.3337
2026-05-11 00:00:00,2371.26,2374.92,2363.05,2363.12,4114.4993
2026-05-11 00:15:00,2363.13,2363.38,2350.68,2355.57,8350.4126
2026-05-11 00:30:00,2355.57,2363.65,2351.28,2354.55,3170.0312
2026-05-11 00:45:00,2354.54,2357.34,2344.59,2352.35,3688.7553
2026-05-11 01:00:00,2352.36,2360.0,2345.33,2356.19,2774.661
2026-05-11 01:15:00,2356.2,2365.58,2354.58,2362.06,2833.7322
2026-05-11 01:30:00,2362.07,2365.21,2357.25,2358.54,2143.4317
2026-05-11 01:45:00,2358.54,2362.0,2355.25,2358.54,1542.0066
2026-05-11 02:00:00,2358.54,2360.79,2352.62,2355.02,1323.437
2026-05-11 02:15:00,2355.02,2355.02,2347.16,2350.19,2726.6759
2026-05-11 02:30:00,2350.18,2350.71,2343.51,2344.87,4163.8446
2026-05-11 02:45:00,2344.88,2347.03,2343.38,2345.39,1066.2292
2026-05-11 03:00:00,2345.4,2345.4,2326.35,2327.04,7069.0912
2026-05-11 03:15:00,2327.04,2331.98,2322.78,2325.69,5826.4298
2026-05-11 03:30:00,2325.69,2329.87,2320.01,2329.66,6152.7061
2026-05-11 03:45:00,2329.66,2330.81,2327.86,2330.56,3378.3279
2026-05-11 04:00:00,2330.56,2331.33,2326.66,2328.65,3464.4364
2026-05-11 04:15:00,2328.65,2332.33,2328.65,2331.85,1949.5659
2026-05-11 04:30:00,2331.85,2335.0,2330.88,2335.0,3181.3558
2026-05-11 04:45:00,2334.99,2335.99,2330.0,2332.85,2267.4194
2026-05-11 05:00:00,2332.85,2335.16,2332.05,2333.4,1928.9347
2026-05-11 05:15:00,2333.4,2338.71,2333.15,2337.66,2668.2742
2026-05-11 05:30:00,2337.66,2340.49,2334.1,2334.32,2828.051
2026-05-11 05:45:00,2334.32,2337.65,2333.64,2335.3,2409.406
2026-05-11 06:00:00,2335.29,2340.1,2333.48,2337.42,2427.9384
2026-05-11 06:15:00,2337.43,2340.77,2335.02,2339.47,1841.7847
2026-05-11 06:30:00,2339.46,2342.44,2331.81,2333.12,2849.6127
2026-05-11 06:45:00,2333.13,2334.39,2330.05,2333.48,2096.3322
2026-05-11 07:00:00,2333.49,2333.49,2329.17,2330.35,1243.1002
2026-05-11 07:15:00,2330.35,2333.39,2328.45,2330.14,1366.8292
2026-05-11 07:30:00,2330.14,2331.46,2328.25,2329.04,1500.643
2026-05-11 07:45:00,2329.04,2331.5,2328.88,2330.54,1285.5922
2026-05-11 08:00:00,2330.55,2332.77,2326.66,2330.58,2052.1083
2026-05-11 08:15:00,2330.57,2333.84,2327.81,2327.81,2317.7936
2026-05-11 08:30:00,2327.81,2334.52,2326.86,2333.87,1167.0638
2026-05-11 08:45:00,2333.88,2334.66,2329.68,2330.48,1612.0545
2026-05-11 09:00:00,2330.48,2336.63,2330.26,2336.62,1393.6567
2026-05-11 09:15:00,2336.63,2337.31,2335.49,2336.0,921.5454
2026-05-11 09:30:00,2336.0,2336.82,2333.03,2335.02,842.4474
2026-05-11 09:45:00,2335.02,2338.61,2334.73,2336.08,952.5008
2026-05-11 10:00:00,2336.07,2339.24,2334.97,2336.74,1390.2462
2026-05-11 10:15:00,2336.74,2339.9,2336.11,2337.52,1585.3824
2026-05-11 10:30:00,2337.51,2337.95,2330.0,2332.5,1478.7305
2026-05-11 10:45:00,2332.5,2334.34,2329.93,2329.94,1015.9255
2026-05-11 11:00:00,2329.93,2332.45,2327.43,2330.83,1313.3766
2026-05-11 11:15:00,2330.83,2335.0,2330.74,2333.4,1372.2681
2026-05-11 11:30:00,2333.4,2335.8,2333.4,2335.28,870.1924
2026-05-11 11:45:00,2335.27,2335.8,2332.04,2335.8,1053.7939
2026-05-11 12:00:00,2335.8,2336.49,2329.22,2330.13,1492.6129
2026-05-11 12:15:00,2330.13,2338.89,2329.43,2337.02,1906.3256
2026-05-11 12:30:00,2337.01,2338.86,2332.91,2333.05,1708.8017
2026-05-11 12:45:00,2333.04,2335.3,2328.79,2329.5,2033.2133
2026-05-11 13:00:00,2329.51,2332.86,2329.06,2331.22,1386.2444
2026-05-11 13:15:00,2331.23,2332.21,2325.56,2327.57,2020.8574
2026-05-11 13:30:00,2327.57,2329.56,2314.77,2326.06,9487.2918
2026-05-11 13:45:00,2326.06,2327.52,2320.0,2322.32,2925.6137
2026-05-11 14:00:00,2322.31,2328.8,2322.03,2326.28,2739.7531
2026-05-11 14:15:00,2326.29,2327.0,2312.91,2313.13,3846.8854
2026-05-11 14:30:00,2313.13,2317.58,2304.0,2312.69,8407.2262
2026-05-11 14:45:00,2312.68,2317.97,2309.82,2316.48,3313.7416
2026-05-11 15:00:00,2316.48,2323.26,2313.4,2321.16,2506.9659
2026-05-11 15:15:00,2321.17,2334.65,2319.41,2332.73,4257.2678
2026-05-11 15:30:00,2332.72,2335.6,2327.04,2327.92,4147.6249
2026-05-11 15:45:00,2327.91,2334.99,2326.68,2333.48,2107.8
2026-05-11 16:00:00,2333.48,2341.21,2330.62,2339.82,4328.8158
2026-05-11 16:15:00,2339.82,2341.0,2334.91,2336.83,4568.6556
2026-05-11 16:30:00,2336.83,2339.05,2327.38,2329.78,3611.8841
2026-05-11 16:45:00,2329.78,2334.26,2329.33,2329.78,2502.1844
2026-05-11 17:00:00,2329.79,2330.68,2323.68,2327.78,2967.8362
2026-05-11 17:15:00,2327.77,2330.74,2327.55,2329.57,1785.7417
2026-05-11 17:30:00,2329.58,2341.6,2327.94,2340.13,2921.1457
2026-05-11 17:45:00,2340.13,2343.83,2336.44,2336.71,2790.8135
2026-05-11 18:00:00,2336.71,2343.73,2336.13,2340.89,3297.2469
2026-05-11 18:15:00,2340.89,2342.2,2335.89,2341.49,2409.0082
2026-05-11 18:30:00,2341.49,2344.35,2339.0,2339.01,2836.3591
2026-05-11 18:45:00,2339.0,2343.77,2334.55,2335.35,2255.8147
2026-05-11 19:00:00,2335.35,2339.71,2331.92,2338.38,2074.4316
2026-05-11 19:15:00,2338.39,2343.0,2336.96,2337.16,1749.8756
2026-05-11 19:30:00,2337.16,2344.0,2337.16,2341.5,1764.9535
2026-05-11 19:45:00,2341.5,2341.76,2338.82,2340.43,1521.098
2026-05-11 20:00:00,2340.44,2345.44,2336.27,2338.07,4487.2437
2026-05-11 20:15:00,2338.08,2340.0,2336.56,2338.37,1093.8416
2026-05-11 20:30:00,2338.38,2341.32,2336.37,2337.97,1092.7111
2026-05-11 20:45:00,2337.97,2341.32,2337.38,2338.15,919.7738
2026-05-11 21:00:00,2338.16,2340.81,2337.5,2340.49,929.1637
2026-05-11 21:15:00,2340.48,2340.78,2336.36,2337.37,931.5424
2026-05-11 21:30:00,2337.36,2341.3,2337.19,2340.34,1444.2056
2026-05-11 21:45:00,2340.35,2342.49,2338.02,2340.71,1816.4136
2026-05-11 22:00:00,2340.71,2345.68,2340.01,2342.14,1640.2858
2026-05-11 22:15:00,2342.13,2343.26,2336.63,2338.8,1752.2821
2026-05-11 22:30:00,2338.8,2341.0,2338.65,2340.77,1104.141
2026-05-11 22:45:00,2340.76,2345.0,2339.85,2341.43,1370.8587
2026-05-11 23:00:00,2341.43,2341.44,2337.87,2339.31,877.792
2026-05-11 23:15:00,2339.31,2339.64,2335.64,2336.36,847.245
2026-05-11 23:30:00,2336.36,2342.23,2335.08,2341.27,1077.5691
2026-05-11 23:45:00,2341.27,2342.0,2339.58,2339.87,930.262
2026-05-12 00:00:00,2339.88,2340.85,2335.88,2336.32,1244.8966
2026-05-12 00:15:00,2336.31,2337.95,2333.54,2335.09,1334.5695
2026-05-12 00:30:00,2335.1,2336.34,2332.13,2332.14,1564.7174
2026-05-12 00:45:00,2332.15,2336.0,2332.14,2333.54,939.7123
2026-05-12 01:00:00,2333.54,2335.66,2325.89,2325.89,2235.241
2026-05-12 01:15:00,2325.9,2327.36,2319.03,2323.67,3359.2822
2026-05-12 01:30:00,2323.67,2323.72,2295.01,2308.64,16672.4309
2026-05-12 01:45:00,2308.64,2315.89,2306.73,2311.41,4983.3943
2026-05-12 02:00:00,2311.4,2317.0,2309.37,2315.81,2303.2317
2026-05-12 02:15:00,2315.8,2315.81,2307.2,2314.84,3429.0489
2026-05-12 02:30:00,2314.84,2315.07,2308.0,2310.0,1773.062
2026-05-12 02:45:00,2310.01,2315.89,2310.01,2315.89,1210.8544
2026-05-12 03:00:00,2315.89,2317.31,2311.6,2313.24,1635.0414
2026-05-12 03:15:00,2313.24,2313.73,2310.64,2311.57,1231.9783
2026-05-12 03:30:00,2311.57,2313.79,2311.53,2313.13,1105.6202
2026-05-12 03:45:00,2313.13,2313.13,2307.2,2309.37,1769.4085
2026-05-12 04:00:00,2309.36,2309.74,2306.88,2306.91,1399.3454
2026-05-12 04:15:00,2306.91,2312.67,2305.65,2312.08,1626.4723
2026-05-12 04:30:00,2312.08,2314.06,2311.83,2311.85,1314.1463
2026-05-12 04:45:00,2311.85,2314.49,2310.01,2310.92,1004.5471
2026-05-12 05:00:00,2310.92,2313.23,2309.74,2311.01,1901.9847
2026-05-12 05:15:00,2311.01,2313.85,2310.76,2313.07,927.0507
2026-05-12 05:30:00,2313.06,2314.08,2309.86,2312.27,1508.4058
2026-05-12 05:45:00,2312.27,2313.07,2310.12,2310.12,1822.4447
2026-05-12 06:00:00,2310.13,2311.99,2308.69,2311.92,1481.9444
2026-05-12 06:15:00,2311.91,2313.84,2310.33,2310.43,1697.5311
2026-05-12 06:30:00,2310.44,2310.77,2306.13,2306.61,2064.041
2026-05-12 06:45:00,2306.6,2308.22,2302.63,2303.89,2865.497
2026-05-12 07:00:00,2303.9,2304.82,2295.15,2303.39,6264.0662
2026-05-12 07:15:00,2303.4,2304.2,2299.04,2300.87,1841.9495
2026-05-12 07:30:00,2300.88,2301.7,2296.95,2296.96,2397.0648
2026-05-12 07:45:00,2296.96,2300.1,2291.63,2295.2,5265.2217
2026-05-12 08:00:00,2295.2,2296.27,2285.0,2285.01,10527.7978
2026-05-12 08:15:00,2285.02,2288.85,2280.0,2287.64,6692.3826
2026-05-12 08:30:00,2287.65,2292.34,2287.4,2292.19,3259.6355
2026-05-12 08:45:00,2292.2,2292.72,2285.99,2288.01,5320.6157
2026-05-12 09:00:00,2288.0,2288.93,2283.24,2284.05,4422.3486
2026-05-12 09:15:00,2284.05,2285.0,2281.1,2284.96,3033.3244
2026-05-12 09:30:00,2284.96,2294.57,2284.96,2294.0,2561.5885
2026-05-12 09:45:00,2293.99,2295.3,2290.0,2292.84,1083.9958
2026-05-12 10:00:00,2292.84,2293.88,2291.48,2291.78,1126.9675
2026-05-12 10:15:00,2291.78,2292.76,2288.47,2289.23,1285.0262
2026-05-12 10:30:00,2289.24,2290.42,2283.03,2284.99,6852.2023
2026-05-12 10:45:00,2284.99,2287.05,2281.42,2286.2,5152.0859
2026-05-12 11:00:00,2286.21,2287.09,2278.57,2283.49,4623.4596
2026-05-12 11:15:00,2283.49,2284.6,2278.96,2283.48,1308.1727
2026-05-12 11:30:00,2283.48,2287.08,2283.48,2286.89,1693.7741
2026-05-12 11:45:00,2286.89,2287.07,2284.2,2287.01,1449.421
2026-05-12 12:00:00,2287.02,2288.85,2282.32,2288.09,2007.2375
2026-05-12 12:15:00,2288.09,2291.17,2285.79,2291.11,1701.5338
2026-05-12 12:30:00,2291.12,2294.01,2281.14,2286.8,5390.83
2026-05-12 12:45:00,2286.8,2289.88,2285.57,2288.97,1609.6438
2026-05-12 13:00:00,2288.97,2292.51,2287.69,2287.78,2353.6985
2026-05-12 13:15:00,2287.89,2288.27,2283.0,2285.02,2204.0306
2026-05-12 13:30:00,2285.02,2285.67,2275.01,2280.11,5841.1599
2026-05-12 13:45:00,2280.11,2283.93,2268.88,2271.99,7581.9667
2026-05-12 14:00:00,2271.99,2280.38,2269.51,2279.41,3375.0436
2026-05-12 14:15:00,2279.41,2281.89,2271.36,2273.66,3731.7516
2026-05-12 14:30:00,2273.65,2280.26,2262.37,2277.57,7825.4651
2026-05-12 14:45:00,2277.57,2277.57,2265.53,2269.18,3529.1448
2026-05-12 15:00:00,2269.18,2274.38,2266.76,2272.4,2288.2837
2026-05-12 15:15:00,2272.4,2272.4,2256.67,2259.59,8602.6689
2026-05-12 15:30:00,2259.58,2268.57,2259.56,2263.97,3288.0717
2026-05-12 15:45:00,2263.96,2267.02,2260.18,2261.85,2334.748
2026-05-12 16:00:00,2261.86,2268.9,2259.48,2268.0,2688.7516
2026-05-12 16:15:00,2268.01,2271.24,2265.05,2268.0,1987.4753
2026-05-12 16:30:00,2268.01,2268.75,2262.66,2264.81,1716.3343
2026-05-12 16:45:00,2264.8,2265.99,2256.27,2263.83,4980.4386
2026-05-12 17:00:00,2263.83,2270.56,2263.83,2270.48,1712.4383
2026-05-12 17:15:00,2270.49,2275.83,2270.49,2275.0,2321.5724
2026-05-12 17:30:00,2275.01,2278.0,2274.29,2277.08,1290.3796
2026-05-12 17:45:00,2277.09,2277.81,2274.24,2276.59,1072.905
2026-05-12 18:00:00,2276.6,2279.08,2274.67,2277.33,1926.5782
2026-05-12 18:15:00,2277.34,2278.7,2276.27,2277.68,1314.6895
2026-05-12 18:30:00,2277.68,2283.0,2277.47,2281.79,1702.9473
2026-05-12 18:45:00,2281.8,2284.6,2278.79,2279.3,1784.9954
2026-05-12 19:00:00,2279.31,2285.92,2279.15,2284.3,1204.2061
2026-05-12 19:15:00,2284.31,2285.28,2281.55,2282.43,953.7686
2026-05-12 19:30:00,2282.44,2287.0,2282.44,2283.09,1544.4975
2026-05-12 19:45:00,2283.09,2287.43,2283.09,2285.09,1534.9561
2026-05-12 20:00:00,2285.1,2287.39,2283.94,2285.15,1424.7017
2026-05-12 20:15:00,2285.16,2286.19,2284.11,2285.32,447.9985
2026-05-12 20:30:00,2285.32,2285.33,2281.86,2283.65,1041.7103
2026-05-12 20:45:00,2283.66,2285.07,2281.32,2285.04,764.8852
2026-05-12 21:00:00,2285.05,2287.47,2283.82,2285.83,835.6818
2026-05-12 21:15:00,2285.83,2287.33,2285.16,2286.65,799.3633
2026-05-12 21:30:00,2286.66,2287.64,2284.15,2284.82,1015.3619
2026-05-12 21:45:00,2284.81,2286.33,2282.81,2285.4,757.0096
2026-05-12 22:00:00,2285.41,2291.37,2285.41,2286.44,2106.5469
2026-05-12 22:15:00,2286.45,2289.22,2285.8,2285.81,621.8271
2026-05-12 22:30:00,2285.81,2286.95,2283.99,2284.55,925.9257
2026-05-12 22:45:00,2284.56,2284.73,2282.24,2282.34,716.3136
2026-05-12 23:00:00,2282.34,2284.18,2279.18,2280.18,920.1128
2026-05-12 23:15:00,2280.18,2283.52,2279.78,2282.88,999.3362
2026-05-12 23:30:00,2282.88,2283.15,2276.78,2278.1,1935.2913
2026-05-12 23:45:00,2278.11,2278.11,2273.88,2274.96,1699.8298
2026-05-13 00:00:00,2274.97,2278.43,2273.34,2277.6,1065.3299
2026-05-13 00:15:00,2277.6,2286.79,2277.31,2283.28,1456.9608
2026-05-13 00:30:00,2283.28,2286.46,2282.25,2284.44,1121.487
2026-05-13 00:45:00,2284.45,2284.57,2280.44,2281.56,1138.5758
2026-05-13 01:00:00,2281.56,2292.29,2280.99,2289.13,2324.7567
2026-05-13 01:15:00,2289.13,2294.0,2286.89,2291.76,2566.6959
2026-05-13 01:30:00,2291.77,2295.0,2290.01,2292.55,1662.1619
2026-05-13 01:45:00,2292.55,2295.29,2288.65,2289.98,1783.3476
2026-05-13 02:00:00,2289.99,2293.74,2286.96,2292.23,1385.3563
2026-05-13 02:15:00,2292.22,2299.89,2291.0,2295.05,2867.0685
2026-05-13 02:30:00,2295.06,2296.86,2293.89,2295.28,1409.7816
2026-05-13 02:45:00,2295.29,2296.0,2292.59,2293.99,1061.3858
2026-05-13 03:00:00,2293.99,2296.73,2292.44,2293.42,806.8197
2026-05-13 03:15:00,2293.42,2298.78,2293.42,2297.78,1745.1768
2026-05-13 03:30:00,2297.79,2302.93,2297.42,2302.27,1832.1163
2026-05-13 03:45:00,2302.27,2303.77,2300.81,2301.77,1402.6915
2026-05-13 04:00:00,2301.76,2304.42,2300.0,2300.2,1472.3146
2026-05-13 04:15:00,2300.2,2302.0,2298.47,2301.47,1160.4346
2026-05-13 04:30:00,2301.47,2307.66,2301.47,2304.83,2240.9942
2026-05-13 04:45:00,2304.82,2309.0,2303.56,2306.67,793.9557
2026-05-13 05:00:00,2306.68,2307.48,2303.68,2303.71,2044.5787
2026-05-13 05:15:00,2303.7,2303.7,2300.46,2301.97,1448.6426
2026-05-13 05:30:00,2301.96,2301.99,2297.0,2297.01,1454.8291
2026-05-13 05:45:00,2297.01,2299.73,2295.63,2297.76,1059.4234
2026-05-13 06:00:00,2297.77,2303.53,2297.26,2303.53,1166.0872
2026-05-13 06:15:00,2303.53,2305.0,2301.28,2303.59,1271.2214
2026-05-13 06:30:00,2303.6,2304.85,2301.95,2304.84,1242.4255
2026-05-13 06:45:00,2304.85,2305.13,2301.21,2301.84,722.9413
2026-05-13 07:00:00,2301.84,2303.03,2300.0,2301.31,611.8427
2026-05-13 07:15:00,2301.31,2302.5,2296.95,2298.7,1162.1622
2026-05-13 07:30:00,2298.71,2301.04,2297.66,2300.94,1167.1479
2026-05-13 07:45:00,2300.93,2301.67,2298.43,2301.07,1223.6069
2026-05-13 08:00:00,2301.07,2303.76,2301.07,2301.85,1476.4023
2026-05-13 08:15:00,2301.86,2305.86,2301.85,2303.03,2067.9163
2026-05-13 08:30:00,2303.02,2315.56,2300.73,2313.68,4261.06
2026-05-13 08:45:00,2313.68,2316.96,2312.19,2316.64,3497.3504
2026-05-13 09:00:00,2316.65,2322.44,2314.45,2319.4,5926.3943
2026-05-13 09:15:00,2319.41,2322.06,2317.16,2318.15,2384.448
2026-05-13 09:30:00,2318.15,2323.36,2318.15,2321.56,2546.2299
2026-05-13 09:45:00,2321.56,2322.6,2319.21,2321.19,1318.4896
2026-05-13 10:00:00,2321.18,2321.6,2314.49,2314.93,1874.0882
2026-05-13 10:15:00,2314.94,2316.98,2309.32,2309.84,1959.9904
2026-05-13 10:30:00,2309.84,2311.23,2305.55,2306.95,1889.1323
2026-05-13 10:45:00,2306.96,2310.0,2306.01,2308.46,1491.3511
2026-05-13 11:00:00,2308.46,2308.91,2299.0,2300.8,3406.3031
2026-05-13 11:15:00,2300.8,2305.56,2299.0,2301.14,2121.467
2026-05-13 11:30:00,2301.14,2306.69,2300.88,2306.68,1938.3316
2026-05-13 11:45:00,2306.68,2307.8,2300.0,2301.82,1495.7586
2026-05-13 12:00:00,2301.83,2307.54,2301.23,2305.46,1906.9098
2026-05-13 12:15:00,2305.46,2306.88,2292.55,2298.24,3857.8439
2026-05-13 12:30:00,2298.24,2298.45,2270.01,2281.78,13529.2717
2026-05-13 12:45:00,2281.78,2286.68,2280.78,2284.35,2510.2211
2026-05-13 13:00:00,2284.35,2288.31,2283.58,2285.9,2494.1185
2026-05-13 13:15:00,2285.89,2287.49,2279.64,2279.75,2456.741
2026-05-13 13:30:00,2279.74,2283.97,2267.0,2270.62,7684.982
2026-05-13 13:45:00,2270.62,2270.62,2258.51,2262.8,12832.8394
2026-05-13 14:00:00,2262.8,2266.91,2251.05,2263.52,11735.5772
2026-05-13 14:15:00,2263.51,2270.97,2261.5,2268.05,6392.5282
2026-05-13 14:30:00,2268.05,2268.89,2264.57,2265.35,3461.2425
2026-05-13 14:45:00,2265.35,2269.0,2262.08,2267.39,2138.5899
2026-05-13 15:00:00,2267.39,2270.25,2256.46,2257.65,4285.8448
2026-05-13 15:15:00,2257.64,2259.93,2251.5,2253.62,4805.3722
2026-05-13 15:30:00,2253.61,2256.5,2251.39,2252.45,3540.1913
2026-05-13 15:45:00,2252.46,2253.47,2234.13,2236.49,17787.4699
2026-05-13 16:00:00,2236.48,2245.97,2235.48,2245.27,14584.2904
2026-05-13 16:15:00,2245.27,2250.89,2242.74,2249.27,4837.4897
2026-05-13 16:30:00,2249.27,2253.35,2247.07,2252.15,2811.3169
2026-05-13 16:45:00,2252.14,2253.26,2249.39,2250.75,1735.5286
2026-05-13 17:00:00,2250.75,2256.17,2250.75,2254.45,1988.2661
2026-05-13 17:15:00,2254.46,2259.0,2252.52,2257.51,2128.4753
2026-05-13 17:30:00,2257.51,2257.87,2254.57,2257.35,1684.2245
2026-05-13 17:45:00,2257.36,2261.77,2256.4,2258.31,3544.0032
2026-05-13 18:00:00,2258.32,2263.34,2258.32,2262.2,4163.228
2026-05-13 18:15:00,2262.2,2268.49,2261.16,2265.64,5831.7784
2026-05-13 18:30:00,2265.64,2267.4,2262.42,2262.43,2293.3381
2026-05-13 18:45:00,2262.42,2263.08,2258.73,2259.68,2072.0964
2026-05-13 19:00:00,2259.67,2260.71,2253.01,2255.29,2223.7075
2026-05-13 19:15:00,2255.28,2255.31,2250.56,2254.18,1871.1938
2026-05-13 19:30:00,2254.17,2259.18,2254.11,2255.85,1922.5783
2026-05-13 19:45:00,2255.85,2257.33,2254.41,2256.53,1567.7748
2026-05-13 20:00:00,2256.53,2261.5,2256.43,2258.95,2193.8632
2026-05-13 20:15:00,2258.94,2262.51,2258.94,2260.24,1028.5545
2026-05-13 20:30:00,2260.24,2263.99,2260.23,2263.35,775.4941
2026-05-13 20:45:00,2263.35,2264.46,2261.92,2263.75,880.9579
2026-05-13 21:00:00,2263.76,2264.07,2253.7,2257.79,1575.185
2026-05-13 21:15:00,2257.79,2257.79,2255.07,2255.48,760.1644
2026-05-13 21:30:00,2255.48,2257.66,2255.29,2257.01,697.3661
2026-05-13 21:45:00,2257.01,2259.43,2254.91,2255.79,650.4577
2026-05-13 22:00:00,2255.8,2257.3,2251.0,2256.01,1413.6104
2026-05-13 22:15:00,2256.0,2256.01,2251.69,2253.98,753.0043
2026-05-13 22:30:00,2253.98,2257.5,2252.49,2257.5,861.8248
2026-05-13 22:45:00,2257.49,2260.55,2257.35,2259.6,1185.0194
2026-05-13 23:00:00,2259.59,2261.5,2258.42,2260.22,896.7457
2026-05-13 23:15:00,2260.23,2261.79,2255.32,2257.61,1447.8081
2026-05-13 23:30:00,2257.6,2258.68,2254.83,2257.33,569.3909
2026-05-13 23:45:00,2257.33,2259.31,2256.25,2258.65,560.2168
2026-05-14 00:00:00,2258.66,2266.14,2258.14,2266.14,1789.8412
2026-05-14 00:15:00,2266.14,2267.69,2262.61,2263.81,1253.7782
2026-05-14 00:30:00,2263.81,2268.69,2263.81,2267.92,2233.8468
2026-05-14 00:45:00,2267.92,2269.37,2265.64,2266.58,1209.2908
2026-05-14 01:00:00,2266.58,2269.37,2264.32,2265.86,1401.1054
2026-05-14 01:15:00,2265.86,2265.86,2261.75,2262.72,882.6844
2026-05-14 01:30:00,2262.73,2264.33,2259.9,2262.98,999.7585
2026-05-14 01:45:00,2262.99,2267.17,2260.64,2264.91,1065.0481
2026-05-14 02:00:00,2264.9,2266.75,2261.72,2261.89,3570.3089
2026-05-14 02:15:00,2261.89,2263.58,2260.62,2263.57,827.901
2026-05-14 02:30:00,2263.57,2263.57,2259.2,2260.95,849.4643
2026-05-14 02:45:00,2260.95,2261.11,2247.71,2251.53,2947.5875
2026-05-14 03:00:00,2251.54,2255.0,2243.08,2249.35,2331.9422
2026-05-14 03:15:00,2249.35,2251.85,2239.34,2250.31,3405.0365
2026-05-14 03:30:00,2250.31,2252.56,2244.93,2247.35,1266.7361
2026-05-14 03:45:00,2247.36,2247.36,2238.64,2242.14,2361.4314
2026-05-14 04:00:00,2242.14,2249.67,2239.54,2249.66,1308.6917
2026-05-14 04:15:00,2249.67,2253.66,2248.67,2251.71,1084.4233
2026-05-14 04:30:00,2251.7,2254.35,2251.38,2253.67,845.0284
2026-05-14 04:45:00,2253.67,2258.25,2252.39,2256.7,1901.1768
2026-05-14 05:00:00,2256.69,2258.62,2255.74,2256.83,1025.9624
2026-05-14 05:15:00,2256.83,2261.5,2255.53,2261.46,1921.9176
2026-05-14 05:30:00,2261.46,2265.0,2261.45,2263.97,2266.5277
2026-05-14 05:45:00,2263.97,2273.71,2263.97,2268.44,5133.7553
2026-05-14 06:00:00,2268.44,2275.2,2267.75,2273.93,3709.4657
2026-05-14 06:15:00,2273.93,2274.3,2270.01,2270.01,1571.7374
2026-05-14 06:30:00,2270.01,2271.06,2266.86,2269.36,1956.0981
2026-05-14 06:45:00,2269.36,2269.78,2267.37,2267.71,858.6765
2026-05-14 07:00:00,2267.72,2270.24,2263.88,2264.91,1256.1657
2026-05-14 07:15:00,2264.9,2268.0,2264.25,2266.51,961.8227
2026-05-14 07:30:00,2266.52,2270.79,2266.48,2269.6,1345.7944
2026-05-14 07:45:00,2269.61,2269.61,2265.18,2265.48,1456.29
2026-05-14 08:00:00,2265.49,2269.79,2262.05,2268.38,1963.9391
2026-05-14 08:15:00,2268.38,2269.29,2265.56,2266.47,2758.9223
2026-05-14 08:30:00,2266.47,2270.99,2266.47,2268.84,1069.3313
2026-05-14 08:45:00,2268.85,2269.1,2265.45,2266.36,1618.961
2026-05-14 09:00:00,2266.35,2267.72,2264.23,2264.48,2248.2585
2026-05-14 09:15:00,2264.47,2264.71,2259.63,2261.22,1954.9371
2026-05-14 09:30:00,2261.21,2261.22,2252.76,2256.5,2800.098
2026-05-14 09:45:00,2256.5,2258.45,2254.56,2257.8,1307.1441
2026-05-14 10:00:00,2257.8,2264.88,2257.02,2261.12,2764.8742
2026-05-14 10:15:00,2261.12,2265.51,2261.11,2263.86,1630.6902
2026-05-14 10:30:00,2263.86,2263.87,2255.84,2257.52,1527.4849
2026-05-14 10:45:00,2257.52,2263.54,2257.52,2262.14,1192.7098
2026-05-14 11:00:00,2262.13,2264.0,2259.11,2259.12,970.0497
2026-05-14 11:15:00,2259.12,2261.5,2255.31,2257.0,1731.3036
2026-05-14 11:30:00,2257.01,2257.66,2253.93,2254.15,1725.5333
2026-05-14 11:45:00,2254.14,2260.46,2252.53,2253.81,3760.8733
2026-05-14 12:00:00,2253.81,2255.72,2252.0,2252.88,1456.3075
2026-05-14 12:15:00,2252.89,2255.06,2248.0,2254.08,2203.2162
2026-05-14 12:30:00,2254.08,2263.24,2253.46,2259.66,2620.9096
2026-05-14 12:45:00,2259.66,2261.71,2259.12,2261.48,1955.9411
2026-05-14 13:00:00,2261.48,2264.0,2259.42,2262.69,2135.5552
2026-05-14 13:15:00,2262.69,2265.32,2256.1,2261.24,3517.6082
2026-05-14 13:30:00,2261.24,2261.6,2249.4,2255.8,5890.1732
2026-05-14 13:45:00,2255.8,2261.99,2248.43,2249.42,3932.7236
2026-05-14 14:00:00,2249.42,2259.07,2246.13,2256.79,3592.7384
2026-05-14 14:15:00,2256.8,2269.0,2256.04,2264.89,4438.1394
2026-05-14 14:30:00,2264.9,2271.74,2263.34,2270.99,3799.2934
2026-05-14 14:45:00,2271.0,2289.0,2271.0,2286.99,10844.4294
2026-05-14 15:00:00,2287.0,2291.24,2280.63,2283.36,5992.1691
2026-05-14 15:15:00,2283.35,2292.79,2281.83,2287.84,4893.861
2026-05-14 15:30:00,2287.85,2290.73,2282.56,2288.42,3237.1624
2026-05-14 15:45:00,2288.43,2299.7,2288.04,2298.48,8241.5567
2026-05-14 16:00:00,2298.48,2313.0,2296.33,2308.15,8400.3714
2026-05-14 16:15:00,2308.15,2309.52,2303.02,2306.47,5510.8381
2026-05-14 16:30:00,2306.48,2312.95,2301.86,2310.52,5301.4174
2026-05-14 16:45:00,2310.52,2318.66,2293.96,2316.36,9383.127
2026-05-14 17:00:00,2316.35,2319.33,2308.88,2309.67,6501.363
2026-05-14 17:15:00,2309.67,2309.74,2296.57,2298.6,6825.7257
2026-05-14 17:30:00,2298.6,2308.88,2296.72,2306.19,3268.709
2026-05-14 17:45:00,2306.19,2314.92,2306.19,2308.18,4034.9951
2026-05-14 18:00:00,2308.17,2315.48,2303.0,2315.46,3820.3403
2026-05-14 18:15:00,2315.46,2316.78,2311.12,2314.77,3694.8193
2026-05-14 18:30:00,2314.78,2314.78,2306.97,2308.15,2413.2395
2026-05-14 18:45:00,2308.15,2312.13,2307.17,2309.63,1956.7723
2026-05-14 19:00:00,2309.64,2312.22,2304.84,2305.89,3034.1385
2026-05-14 19:15:00,2305.89,2306.15,2297.5,2297.69,3237.9642
2026-05-14 19:30:00,2297.69,2303.05,2297.62,2299.92,2047.8763
2026-05-14 19:45:00,2299.91,2301.06,2297.67,2298.34,1848.4709
2026-05-14 20:00:00,2298.34,2301.43,2293.47,2293.48,2133.8308
2026-05-14 20:15:00,2293.47,2297.02,2288.89,2290.84,3587.686
2026-05-14 20:30:00,2290.84,2293.18,2288.7,2293.18,1485.0373
2026-05-14 20:45:00,2293.17,2298.79,2293.17,2298.08,1337.2654
2026-05-14 21:00:00,2298.08,2299.16,2292.9,2293.03,1464.7572
2026-05-14 21:15:00,2293.04,2296.42,2290.0,2295.2,2440.1819
2026-05-14 21:30:00,2295.21,2300.27,2294.95,2298.64,2232.0063
2026-05-14 21:45:00,2298.63,2299.01,2296.06,2297.19,732.1839
2026-05-14 22:00:00,2297.2,2300.25,2295.2,2300.07,957.3718
2026-05-14 22:15:00,2300.06,2300.06,2295.57,2296.54,1314.9261
2026-05-14 22:30:00,2296.54,2300.6,2296.33,2299.51,1030.5765
2026-05-14 22:45:00,2299.5,2301.67,2297.68,2298.16,1123.6168
2026-05-14 23:00:00,2298.16,2298.16,2290.44,2293.49,2203.6781
2026-05-14 23:15:00,2293.49,2297.2,2290.84,2296.37,1486.0715
2026-05-14 23:30:00,2296.36,2296.54,2291.73,2292.05,985.8119
2026-05-14 23:45:00,2292.06,2292.06,2280.18,2283.25,4109.4766
2026-05-15 00:00:00,2283.26,2291.92,2281.78,2291.92,2346.6532
2026-05-15 00:15:00,2291.92,2293.65,2289.75,2293.08,1776.8349
2026-05-15 00:30:00,2293.07,2300.29,2284.27,2287.45,3432.2212
2026-05-15 00:45:00,2287.45,2292.59,2287.43,2291.39,1801.3773
2026-05-15 01:00:00,2291.39,2294.74,2290.38,2291.84,1726.6714
2026-05-15 01:15:00,2291.83,2294.27,2286.02,2286.3,2014.3728
2026-05-15 01:30:00,2286.31,2290.0,2279.57,2285.43,4693.8691
2026-05-15 01:45:00,2285.43,2285.83,2274.06,2275.45,5618.5215
2026-05-15 02:00:00,2275.46,2278.12,2267.0,2268.89,6327.344
2026-05-15 02:15:00,2268.88,2271.33,2263.51,2264.49,5275.2247
2026-05-15 02:30:00,2264.49,2272.65,2260.45,2271.76,5521.3324
2026-05-15 02:45:00,2271.77,2279.26,2270.06,2276.37,4063.2963
2026-05-15 03:00:00,2276.37,2279.64,2271.39,2274.62,3233.0892
2026-05-15 03:15:00,2274.61,2276.97,2272.7,2276.59,3137.3798
2026-05-15 03:30:00,2276.59,2276.66,2267.98,2271.64,3739.4189
2026-05-15 03:45:00,2271.64,2274.06,2269.56,2273.34,2239.4121
2026-05-15 04:00:00,2273.35,2273.91,2269.09,2271.38,1258.3727
2026-05-15 04:15:00,2271.38,2273.47,2266.78,2268.44,1084.3932
2026-05-15 04:30:00,2268.43,2270.91,2266.79,2267.51,1035.0889
2026-05-15 04:45:00,2267.52,2268.42,2262.74,2263.33,2012.9367
2026-05-15 05:00:00,2263.33,2266.09,2261.49,2266.09,3005.4259
2026-05-15 05:15:00,2266.08,2267.0,2262.66,2263.74,1359.5848
2026-05-15 05:30:00,2263.74,2264.17,2237.95,2246.91,16743.8474
2026-05-15 05:45:00,2246.9,2249.7,2242.01,2245.41,4189.0422
2026-05-15 06:00:00,2245.4,2250.6,2243.8,2248.5,2846.8884
2026-05-15 06:15:00,2248.51,2253.22,2247.34,2253.22,2620.4301
2026-05-15 06:30:00,2253.22,2256.11,2252.47,2255.8,1772.9048
2026-05-15 06:45:00,2255.8,2256.92,2254.11,2255.35,1014.471
2026-05-15 07:00:00,2255.36,2262.15,2253.63,2262.08,1726.4018
2026-05-15 07:15:00,2262.09,2271.64,2258.59,2267.02,4200.001
2026-05-15 07:30:00,2267.02,2267.11,2263.51,2266.45,3360.7833
2026-05-15 07:45:00,2266.45,2267.71,2264.88,2265.11,2076.4516
2026-05-15 08:00:00,2265.11,2265.42,2258.66,2260.53,2548.8678
2026-05-15 08:15:00,2260.53,2260.53,2253.0,2253.98,3845.0489
2026-05-15 08:30:00,2253.99,2258.66,2250.0,2257.8,3349.5111
2026-05-15 08:45:00,2257.81,2258.09,2254.48,2257.56,1184.5788
2026-05-15 09:00:00,2257.56,2260.0,2255.28,2255.86,1177.6173
2026-05-15 09:15:00,2255.85,2257.97,2253.21,2257.88,1243.4689
2026-05-15 09:30:00,2257.89,2259.43,2253.0,2253.21,1048.9117
2026-05-15 09:45:00,2253.21,2255.28,2250.82,2254.5,2072.7654
2026-05-15 10:00:00,2254.5,2259.0,2252.35,2258.58,1404.7997
2026-05-15 10:15:00,2258.58,2258.58,2253.4,2254.45,1176.2577
2026-05-15 10:30:00,2254.45,2256.78,2253.02,2256.78,1645.6321
2026-05-15 10:45:00,2256.77,2264.49,2255.85,2262.44,3641.8145
2026-05-15 11:00:00,2262.44,2263.95,2257.56,2260.43,1613.9474
2026-05-15 11:15:00,2260.43,2262.37,2258.04,2260.21,1174.4138
2026-05-15 11:30:00,2260.21,2260.82,2257.77,2258.66,1591.5915
2026-05-15 11:45:00,2258.66,2262.06,2257.26,2257.57,2052.4253
2026-05-15 12:00:00,2257.56,2258.13,2251.85,2251.85,2693.5504
2026-05-15 12:15:00,2251.86,2260.72,2251.14,2258.93,1686.4369
2026-05-15 12:30:00,2258.92,2258.92,2253.54,2253.71,1737.1475
2026-05-15 12:45:00,2253.7,2255.26,2251.78,2254.29,1238.7773
2026-05-15 13:00:00,2254.29,2254.29,2245.08,2247.43,3709.4694
2026-05-15 13:15:00,2247.44,2250.84,2245.02,2247.47,2642.4322
2026-05-15 13:30:00,2247.47,2247.71,2224.0,2224.74,17900.4884
2026-05-15 13:45:00,2224.73,2231.41,2210.31,2213.68,18160.6039
2026-05-15 14:00:00,2213.69,2223.64,2205.11,2220.89,18493.1837
2026-05-15 14:15:00,2220.89,2223.79,2211.35,2213.44,7091.4931
2026-05-15 14:30:00,2213.44,2218.57,2210.2,2213.86,3769.2524
2026-05-15 14:45:00,2213.85,2216.97,2207.61,2213.35,7269.7878
2026-05-15 15:00:00,2213.35,2217.0,2209.79,2215.69,3286.122
2026-05-15 15:15:00,2215.69,2221.57,2212.88,2215.53,3302.6641
2026-05-15 15:30:00,2215.54,2220.94,2215.54,2218.34,2793.005
2026-05-15 15:45:00,2218.34,2223.96,2215.83,2222.85,2555.4481
2026-05-15 16:00:00,2222.86,2224.61,2220.93,2224.05,2726.5954
2026-05-15 16:15:00,2224.04,2229.54,2223.0,2228.33,3837.6354
2026-05-15 16:30:00,2228.33,2231.11,2224.66,2225.08,2407.6781
2026-05-15 16:45:00,2225.08,2225.61,2218.9,2224.59,2604.3864
2026-05-15 17:00:00,2224.59,2232.88,2224.26,2227.15,2244.6332
2026-05-15 17:15:00,2227.15,2230.87,2224.97,2227.59,2963.8093
2026-05-15 17:30:00,2227.58,2230.16,2226.52,2228.05,2176.5056
2026-05-15 17:45:00,2228.06,2229.96,2227.18,2229.47,1449.4866
2026-05-15 18:00:00,2229.47,2232.86,2229.47,2231.96,1670.8975
2026-05-15 18:15:00,2231.97,2232.53,2225.21,2228.99,1983.5709
2026-05-15 18:30:00,2228.98,2229.88,2224.97,2228.33,1327.947
2026-05-15 18:45:00,2228.34,2229.08,2225.59,2228.36,1733.3805
2026-05-15 19:00:00,2228.35,2228.42,2222.67,2223.75,1878.1932
2026-05-15 19:15:00,2223.75,2225.73,2223.19,2225.07,993.0468
2026-05-15 19:30:00,2225.08,2228.28,2223.24,2223.6,1272.7261
2026-05-15 19:45:00,2223.6,2225.4,2222.27,2223.35,1584.047
2026-05-15 20:00:00,2223.35,2226.13,2219.38,2223.28,1590.7804
2026-05-15 20:15:00,2223.29,2225.2,2219.7,2225.2,1017.2926
2026-05-15 20:30:00,2225.21,2225.81,2219.5,2220.63,1594.2026
2026-05-15 20:45:00,2220.62,2220.63,2216.99,2220.14,2006.2209
2026-05-15 21:00:00,2220.13,2225.08,2220.0,2224.64,836.2925
2026-05-15 21:15:00,2224.64,2224.65,2220.42,2221.0,997.3663
2026-05-15 21:30:00,2221.0,2221.71,2219.22,2220.94,849.2107
2026-05-15 21:45:00,2220.93,2221.15,2215.0,2216.99,2596.7548
2026-05-15 22:00:00,2217.0,2222.31,2216.99,2220.77,1244.3296
2026-05-15 22:15:00,2220.76,2222.69,2219.74,2221.03,686.2483
2026-05-15 22:30:00,2221.03,2223.64,2220.96,2222.99,632.6812
2026-05-15 22:45:00,2222.98,2225.01,2222.87,2224.18,2453.8305
2026-05-15 23:00:00,2224.18,2224.26,2223.0,2223.21,595.5554
2026-05-15 23:15:00,2223.21,2225.88,2222.88,2225.07,810.6023
2026-05-15 23:30:00,2225.07,2226.27,2223.31,2226.26,674.3589
2026-05-15 23:45:00,2226.26,2226.29,2224.46,2224.66,740.728
2026-05-16 00:00:00,2224.65,2228.36,2223.81,2228.35,910.0943
2026-05-16 00:15:00,2228.36,2231.51,2226.74,2230.51,1506.3664
2026-05-16 00:30:00,2230.52,2231.07,2228.17,2228.17,455.9157
2026-05-16 00:45:00,2228.18,2229.04,2226.29,2227.0,429.43
2026-05-16 01:00:00,2226.99,2228.72,2226.24,2228.69,536.3457
2026-05-16 01:15:00,2228.69,2230.12,2224.3,2224.3,1038.6331
2026-05-16 01:30:00,2224.31,2225.81,2223.53,2224.31,540.0014
2026-05-16 01:45:00,2224.32,2230.85,2224.31,2229.62,865.305
2026-05-16 02:00:00,2229.62,2231.5,2228.83,2230.53,1228.6523
2026-05-16 02:15:00,2230.53,2230.62,2228.01,2228.62,513.0113
2026-05-16 02:30:00,2228.62,2229.46,2227.0,2228.29,385.1404
2026-05-16 02:45:00,2228.29,2230.43,2227.69,2229.91,438.3552
2026-05-16 03:00:00,2229.91,2230.64,2229.57,2229.88,907.1288
2026-05-16 03:15:00,2229.89,2230.4,2229.19,2230.36,643.7807
2026-05-16 03:30:00,2230.36,2230.37,2227.4,2227.4,319.5345
2026-05-16 03:45:00,2227.4,2228.63,2227.11,2228.01,459.137
2026-05-16 04:00:00,2228.0,2228.96,2225.97,2225.97,485.2121
2026-05-16 04:15:00,2225.97,2227.07,2225.15,2225.16,512.0287
2026-05-16 04:30:00,2225.16,2225.66,2218.35,2223.35,2156.4994
2026-05-16 04:45:00,2223.35,2226.38,2222.93,2225.98,1017.3312
2026-05-16 05:00:00,2225.99,2226.28,2222.69,2226.02,736.3456
2026-05-16 05:15:00,2226.02,2227.13,2225.15,2226.53,554.3139
2026-05-16 05:30:00,2226.54,2227.13,2224.05,2225.76,548.8688
2026-05-16 05:45:00,2225.76,2227.02,2224.51,2225.37,471.9269
2026-05-16 06:00:00,2225.38,2226.89,2222.0,2222.79,752.1237
2026-05-16 06:15:00,2222.79,2223.21,2218.46,2220.29,2401.418
2026-05-16 06:30:00,2220.29,2222.05,2215.66,2216.48,1622.3914
2026-05-16 06:45:00,2216.47,2218.61,2209.7,2215.45,3279.2339
2026-05-16 07:00:00,2215.46,2215.81,2182.36,2191.79,20297.3517
2026-05-16 07:15:00,2191.79,2195.53,2182.0,2192.71,11867.7492
2026-05-16 07:30:00,2192.71,2200.51,2189.01,2198.18,4205.4944
2026-05-16 07:45:00,2198.19,2198.44,2193.32,2194.81,1952.2927
2026-05-16 08:00:00,2194.81,2196.87,2194.14,2194.14,2000.6307
2026-05-16 08:15:00,2194.15,2195.73,2192.01,2194.99,852.2483
2026-05-16 08:30:00,2195.0,2196.4,2192.78,2195.05,2567.4026
2026-05-16 08:45:00,2195.05,2195.23,2192.68,2193.26,607.8647
2026-05-16 09:00:00,2193.26,2193.85,2183.39,2186.1,2969.4781
2026-05-16 09:15:00,2186.1,2187.02,2162.6,2170.34,18369.0856
2026-05-16 09:30:00,2170.35,2177.92,2169.72,2175.44,4242.5839
2026-05-16 09:45:00,2175.45,2177.5,2171.01,2173.57,2307.6367
2026-05-16 10:00:00,2173.57,2174.33,2167.39,2171.48,4143.9268
2026-05-16 10:15:00,2171.47,2172.93,2162.55,2166.67,5745.7575
2026-05-16 10:30:00,2166.68,2175.0,2166.67,2171.13,6157.5671
2026-05-16 10:45:00,2171.13,2174.35,2170.17,2173.85,2835.1971
2026-05-16 11:00:00,2173.85,2179.15,2173.85,2177.13,3363.3542
2026-05-16 11:15:00,2177.13,2179.15,2175.61,2178.4,2572.7037
2026-05-16 11:30:00,2178.4,2181.0,2177.5,2178.93,5454.644
2026-05-16 11:45:00,2178.93,2179.08,2175.97,2176.1,1998.8191
2026-05-16 12:00:00,2176.11,2178.51,2175.35,2176.94,2623.7608
2026-05-16 12:15:00,2176.94,2178.8,2173.18,2175.77,3791.8827
2026-05-16 12:30:00,2175.77,2178.27,2175.65,2178.23,834.351
2026-05-16 12:45:00,2178.23,2179.26,2176.5,2176.5,763.1952
2026-05-16 13:00:00,2176.5,2176.83,2172.65,2173.14,2185.3109
2026-05-16 13:15:00,2173.14,2177.71,2172.3,2177.07,1968.3197
2026-05-16 13:30:00,2177.07,2180.0,2173.52,2177.46,2080.0038
2026-05-16 13:45:00,2177.46,2178.6,2176.11,2177.12,2542.1642
2026-05-16 14:00:00,2177.12,2179.57,2173.51,2175.37,4058.0739
2026-05-16 14:15:00,2175.38,2178.28,2174.2,2176.71,1550.6229
2026-05-16 14:30:00,2176.71,2182.56,2176.71,2182.56,1848.3162
2026-05-16 14:45:00,2182.56,2188.16,2178.1,2179.93,3673.7479
2026-05-16 15:00:00,2179.92,2183.79,2178.13,2179.08,2495.4595
2026-05-16 15:15:00,2179.09,2180.16,2176.9,2177.86,2211.0141
2026-05-16 15:30:00,2177.86,2182.51,2177.86,2182.2,2766.9843
2026-05-16 15:45:00,2182.2,2183.51,2179.11,2180.0,2771.7761
2026-05-16 16:00:00,2180.0,2183.52,2175.6,2176.17,3562.7417
2026-05-16 16:15:00,2176.18,2179.18,2174.8,2177.45,3590.9655
2026-05-16 16:30:00,2177.46,2177.82,2170.5,2171.96,3530.1439
2026-05-16 16:45:00,2171.95,2175.28,2171.95,2174.11,3043.725
2026-05-16 17:00:00,2174.11,2177.69,2174.11,2176.88,1000.7911
2026-05-16 17:15:00,2176.88,2178.91,2175.84,2178.7,888.0476
2026-05-16 17:30:00,2178.69,2179.55,2178.02,2179.33,549.8818
2026-05-16 17:45:00,2179.34,2180.79,2178.39,2178.91,1006.637
2026-05-16 18:00:00,2178.91,2180.87,2177.63,2178.47,664.1356
2026-05-16 18:15:00,2178.47,2178.87,2176.36,2178.25,708.0975
2026-05-16 18:30:00,2178.25,2180.34,2177.98,2179.2,574.7769
2026-05-16 18:45:00,2179.2,2185.22,2179.19,2181.35,1930.5229
2026-05-16 19:00:00,2181.35,2181.59,2180.53,2180.82,397.4279
2026-05-16 19:15:00,2180.83,2181.35,2179.66,2181.25,384.8796
2026-05-16 19:30:00,2181.24,2181.24,2180.33,2180.68,406.0242
2026-05-16 19:45:00,2180.68,2182.77,2179.23,2179.57,937.3303
2026-05-16 20:00:00,2179.57,2182.9,2179.57,2182.06,466.0842
2026-05-16 20:15:00,2182.07,2182.84,2181.98,2181.99,423.5139
2026-05-16 20:30:00,2181.98,2182.19,2179.97,2180.76,538.3442
2026-05-16 20:45:00,2180.76,2182.08,2180.57,2181.45,443.6755
2026-05-16 21:00:00,2181.45,2183.54,2180.94,2182.69,476.6744
2026-05-16 21:15:00,2182.68,2182.68,2181.01,2181.85,429.6682
2026-05-16 21:30:00,2181.86,2182.73,2181.38,2182.68,522.3873
2026-05-16 21:45:00,2182.68,2183.44,2182.0,2182.39,448.9851
2026-05-16 22:00:00,2182.39,2183.28,2179.77,2181.82,723.2767
2026-05-16 22:15:00,2181.81,2183.08,2181.81,2182.47,356.2902
2026-05-16 22:30:00,2182.47,2182.47,2181.16,2181.71,275.3812
2026-05-16 22:45:00,2181.71,2181.78,2180.28,2180.47,497.3817
2026-05-16 23:00:00,2180.46,2180.67,2179.35,2180.4,606.1738
2026-05-16 23:15:00,2180.4,2182.9,2180.4,2182.08,473.5675
2026-05-16 23:30:00,2182.08,2182.68,2181.48,2181.98,352.9043
2026-05-16 23:45:00,2181.99,2183.03,2180.11,2180.77,686.8427
2026-05-17 00:00:00,2180.77,2185.6,2180.76,2184.17,971.6597
2026-05-17 00:15:00,2184.18,2184.98,2182.3,2183.76,608.8491
2026-05-17 00:30:00,2183.76,2184.2,2181.01,2181.23,492.4264
2026-05-17 00:45:00,2181.24,2182.07,2174.08,2177.59,2725.1784
2026-05-17 01:00:00,2177.6,2183.6,2174.49,2181.71,1694.8137
2026-05-17 01:15:00,2181.72,2181.96,2175.91,2177.76,886.6292
2026-05-17 01:30:00,2177.76,2177.97,2167.98,2170.73,3420.4383
2026-05-17 01:45:00,2170.73,2174.77,2169.17,2169.18,3611.7139
2026-05-17 02:00:00,2169.17,2175.65,2169.17,2172.62,1089.2332
2026-05-17 02:15:00,2172.61,2175.3,2171.44,2175.05,663.9828
2026-05-17 02:30:00,2175.06,2176.25,2173.55,2174.69,946.2277
2026-05-17 02:45:00,2174.7,2175.34,2172.23,2174.5,1106.0268
2026-05-17 03:00:00,2174.51,2178.75,2174.26,2177.43,985.4237
2026-05-17 03:15:00,2177.42,2179.26,2177.09,2178.29,830.1637
2026-05-17 03:30:00,2178.28,2182.23,2178.25,2180.06,1071.81
2026-05-17 03:45:00,2180.07,2184.5,2180.0,2181.7,1212.8683
2026-05-17 04:00:00,2181.71,2184.99,2181.14,2182.88,823.6331
2026-05-17 04:15:00,2182.89,2188.0,2182.84,2185.83,1354.4405
2026-05-17 04:30:00,2185.83,2190.37,2183.74,2188.29,1905.4012
2026-05-17 04:45:00,2188.3,2189.73,2187.31,2187.61,1523.6946
2026-05-17 05:00:00,2187.61,2195.0,2187.09,2191.14,2159.0332
2026-05-17 05:15:00,2191.14,2191.14,2188.57,2188.57,1140.1388
2026-05-17 05:30:00,2188.58,2189.88,2187.49,2188.2,926.357
2026-05-17 05:45:00,2188.2,2189.12,2185.63,2185.91,637.3681
2026-05-17 06:00:00,2185.91,2188.0,2185.91,2186.92,704.0769
2026-05-17 06:15:00,2186.91,2187.35,2181.7,2184.01,1595.0982
2026-05-17 06:30:00,2184.0,2185.49,2182.43,2182.47,665.8053
2026-05-17 06:45:00,2182.48,2185.02,2182.47,2185.02,815.4414
2026-05-17 07:00:00,2185.02,2185.41,2183.95,2184.18,393.7531
2026-05-17 07:15:00,2184.19,2186.52,2182.53,2184.9,632.557
2026-05-17 07:30:00,2184.9,2188.49,2184.01,2185.84,729.2782
2026-05-17 07:45:00,2185.84,2186.98,2185.83,2186.64,1294.9116
2026-05-17 08:00:00,2186.63,2187.06,2185.43,2185.49,600.8757
2026-05-17 08:15:00,2185.49,2185.49,2183.12,2184.56,1010.2652
2026-05-17 08:30:00,2184.56,2186.61,2184.34,2185.94,578.2569
2026-05-17 08:45:00,2185.94,2186.17,2185.21,2185.95,443.3487
2026-05-17 09:00:00,2185.95,2189.27,2185.91,2188.8,498.9307
2026-05-17 09:15:00,2188.81,2190.0,2188.15,2189.29,1075.9259
2026-05-17 09:30:00,2189.28,2189.29,2186.99,2187.8,636.2383
2026-05-17 09:45:00,2187.8,2191.38,2187.8,2190.23,678.0798
2026-05-17 10:00:00,2190.22,2197.22,2190.22,2194.52,2286.6415
2026-05-17 10:15:00,2194.52,2198.14,2193.64,2195.64,1251.6723
2026-05-17 10:30:00,2195.64,2197.7,2193.75,2194.61,901.4794
2026-05-17 10:45:00,2194.61,2194.83,2192.55,2194.28,1177.0643
2026-05-17 11:00:00,2194.29,2194.72,2190.66,2190.67,807.9525
2026-05-17 11:15:00,2190.67,2191.09,2188.36,2188.61,1367.8202
2026-05-17 11:30:00,2188.62,2194.17,2188.0,2192.67,1278.302
2026-05-17 11:45:00,2192.66,2193.41,2191.09,2192.0,997.9244
2026-05-17 12:00:00,2192.0,2193.58,2191.34,2192.59,562.6015
2026-05-17 12:15:00,2192.58,2194.5,2191.84,2193.91,872.1057
2026-05-17 12:30:00,2193.91,2197.89,2193.79,2197.12,1566.8971
2026-05-17 12:45:00,2197.13,2198.04,2193.58,2194.3,962.551
2026-05-17 13:00:00,2194.3,2194.93,2190.6,2190.75,1173.6519
2026-05-17 13:15:00,2190.76,2191.96,2187.29,2191.95,1777.9396
2026-05-17 13:30:00,2191.96,2194.39,2190.79,2193.37,765.4642
2026-05-17 13:45:00,2193.37,2194.72,2190.4,2192.12,1106.467
2026-05-17 14:00:00,2192.12,2192.39,2187.4,2187.77,1281.0483
2026-05-17 14:15:00,2187.78,2189.62,2178.39,2187.53,3849.1252
2026-05-17 14:30:00,2187.53,2188.8,2183.45,2185.34,856.9226
2026-05-17 14:45:00,2185.35,2188.32,2185.35,2186.64,765.3156
2026-05-17 15:00:00,2186.64,2188.84,2184.65,2187.01,827.8112
2026-05-17 15:15:00,2187.01,2187.02,2181.2,2183.03,993.1404
2026-05-17 15:30:00,2183.04,2186.8,2183.03,2185.67,852.4644
2026-05-17 15:45:00,2185.67,2187.26,2185.48,2186.51,667.781
2026-05-17 16:00:00,2186.51,2189.12,2185.0,2185.35,725.8538
2026-05-17 16:15:00,2185.36,2186.98,2183.53,2186.65,623.3622
2026-05-17 16:30:00,2186.64,2187.95,2185.84,2187.33,627.3565
2026-05-17 16:45:00,2187.34,2187.34,2182.15,2182.51,850.8328
2026-05-17 17:00:00,2182.52,2183.71,2177.95,2178.96,1338.3876
2026-05-17 17:15:00,2178.95,2180.61,2176.63,2179.61,1030.4306
2026-05-17 17:30:00,2179.62,2182.53,2176.89,2182.52,1055.4841
2026-05-17 17:45:00,2182.53,2184.95,2181.28,2183.67,865.1175
2026-05-17 18:00:00,2183.68,2187.77,2182.9,2183.76,878.9369
2026-05-17 18:15:00,2183.76,2184.4,2179.13,2183.88,704.9036
2026-05-17 18:30:00,2183.89,2185.7,2183.09,2183.62,572.7097
2026-05-17 18:45:00,2183.62,2188.5,2182.74,2188.49,584.8138
2026-05-17 19:00:00,2188.5,2190.36,2187.56,2188.57,548.4412
2026-05-17 19:15:00,2188.57,2191.61,2187.96,2188.85,589.7725
2026-05-17 19:30:00,2188.84,2193.54,2188.76,2192.18,667.8667
2026-05-17 19:45:00,2192.18,2193.62,2190.56,2192.53,703.9656
2026-05-17 20:00:00,2192.54,2193.68,2188.87,2190.05,899.5213
2026-05-17 20:15:00,2190.05,2190.06,2186.98,2188.92,667.1501
2026-05-17 20:30:00,2188.91,2190.9,2187.8,2189.46,570.5671
2026-05-17 20:45:00,2189.47,2189.82,2188.49,2189.55,317.8148
2026-05-17 21:00:00,2189.55,2189.62,2187.24,2189.45,324.265
2026-05-17 21:15:00,2189.44,2192.89,2188.8,2192.14,713.8261
2026-05-17 21:30:00,2192.14,2194.82,2191.4,2192.84,680.9171
2026-05-17 21:45:00,2192.85,2193.29,2191.8,2191.81,581.3941
2026-05-17 22:00:00,2191.8,2191.8,2178.98,2183.7,3353.2203
2026-05-17 22:15:00,2183.7,2185.22,2177.22,2181.38,3525.0891
2026-05-17 22:30:00,2181.37,2184.63,2178.39,2182.32,1863.0743
2026-05-17 22:45:00,2182.31,2182.38,2174.01,2179.69,2298.5351
2026-05-17 23:00:00,2179.7,2179.7,2170.29,2174.28,2655.5752
2026-05-17 23:15:00,2174.27,2176.74,2167.0,2171.0,3749.2048
2026-05-17 23:30:00,2171.0,2172.98,2091.48,2121.04,53866.7878
2026-05-17 23:45:00,2121.04,2131.78,2116.77,2131.0,12591.14
2026-05-18 00:00:00,2131.0,2132.0,2112.01,2120.78,12513.1061
2026-05-18 00:15:00,2120.78,2126.25,2108.78,2113.4,7776.8274
2026-05-18 00:30:00,2113.39,2115.92,2104.99,2109.37,8615.0063
2026-05-18 00:45:00,2109.36,2115.47,2107.0,2115.46,4543.6404
2026-05-18 01:00:00,2115.47,2120.32,2112.21,2113.14,4459.7275
2026-05-18 01:15:00,2113.13,2113.96,2106.5,2111.16,3247.0275
2026-05-18 01:30:00,2111.16,2113.23,2109.57,2110.95,4123.3692
2026-05-18 01:45:00,2110.96,2121.33,2107.36,2117.54,4509.5058
2026-05-18 02:00:00,2117.54,2124.0,2115.85,2123.54,2348.9704
2026-05-18 02:15:00,2123.55,2123.82,2118.16,2120.31,2490.2489
2026-05-18 02:30:00,2120.31,2121.41,2114.79,2117.71,2209.1042
2026-05-18 02:45:00,2117.71,2120.35,2112.78,2116.64,2122.5751
2026-05-18 03:00:00,2116.65,2123.91,2116.27,2118.07,2415.7844
2026-05-18 03:15:00,2118.07,2121.18,2117.56,2119.95,1783.4254
2026-05-18 03:30:00,2119.95,2121.85,2115.89,2121.09,1862.5982
2026-05-18 03:45:00,2121.09,2121.65,2116.78,2118.44,1914.0145
2026-05-18 04:00:00,2118.44,2122.52,2117.68,2121.96,2124.9617
2026-05-18 04:15:00,2121.96,2122.18,2114.24,2115.78,2381.7491
2026-05-18 04:30:00,2115.78,2122.06,2114.75,2122.06,1257.6975
2026-05-18 04:45:00,2122.08,2125.5,2120.24,2124.85,1073.3079
2026-05-18 05:00:00,2124.85,2125.83,2122.61,2123.73,1325.8671
2026-05-18 05:15:00,2123.73,2124.72,2119.7,2124.04,1748.115
2026-05-18 05:30:00,2124.03,2125.38,2117.61,2119.6,2271.3241
2026-05-18 05:45:00,2119.6,2121.22,2117.0,2118.25,1108.4715
2026-05-18 06:00:00,2118.25,2121.0,2111.51,2118.54,3053.6311
2026-05-18 06:15:00,2118.54,2121.0,2110.0,2113.23,3179.1441
2026-05-18 06:30:00,2113.22,2117.97,2110.25,2117.76,1688.2698
2026-05-18 06:45:00,2117.76,2119.99,2116.91,2119.03,1127.704
2026-05-18 07:00:00,2119.04,2121.89,2116.06,2117.6,1121.0027
2026-05-18 07:15:00,2117.61,2121.26,2112.07,2120.02,1789.6206
2026-05-18 07:30:00,2120.03,2123.99,2115.43,2116.06,3263.314
2026-05-18 07:45:00,2116.05,2122.35,2116.03,2120.82,3621.8179
2026-05-18 08:00:00,2120.82,2124.05,2120.81,2121.15,2006.0305
2026-05-18 08:15:00,2121.15,2122.95,2120.14,2121.14,1321.0543
2026-05-18 08:30:00,2121.14,2121.67,2118.0,2118.32,1299.4766
2026-05-18 08:45:00,2118.31,2122.01,2117.48,2121.57,1703.3188
2026-05-18 09:00:00,2121.57,2121.93,2116.03,2118.32,1582.2696
2026-05-18 09:15:00,2118.31,2119.64,2116.92,2117.95,668.5132
2026-05-18 09:30:00,2117.96,2120.34,2116.34,2117.7,1127.0967
2026-05-18 09:45:00,2117.71,2119.08,2116.73,2116.88,884.9711
2026-05-18 10:00:00,2116.88,2117.59,2112.65,2113.95,2021.0288
2026-05-18 10:15:00,2113.95,2116.84,2113.63,2115.82,1332.176
2026-05-18 10:30:00,2115.82,2117.5,2113.35,2114.2,1841.7545
2026-05-18 10:45:00,2114.21,2117.32,2114.21,2114.55,1139.9785
2026-05-18 11:00:00,2114.56,2115.01,2110.5,2113.33,1960.9964
2026-05-18 11:15:00,2113.34,2115.97,2112.87,2114.72,1390.9118
2026-05-18 11:30:00,2114.72,2139.75,2113.22,2136.78,8474.4051
2026-05-18 11:45:00,2136.79,2137.55,2132.15,2133.9,4084.4186
2026-05-18 12:00:00,2133.9,2148.18,2133.9,2143.91,8657.5155
2026-05-18 12:15:00,2143.9,2150.45,2142.11,2144.92,5449.1506
2026-05-18 12:30:00,2144.92,2155.55,2142.92,2155.02,6341.6419
2026-05-18 12:45:00,2155.03,2157.24,2149.71,2151.01,5175.5355
2026-05-18 13:00:00,2151.02,2151.41,2145.01,2147.87,3635.9868
2026-05-18 13:15:00,2147.88,2147.88,2142.45,2142.74,2318.955
2026-05-18 13:30:00,2142.74,2142.86,2120.25,2125.78,13352.961
2026-05-18 13:45:00,2125.79,2137.35,2122.67,2130.91,5869.9523
2026-05-18 14:00:00,2130.9,2130.9,2123.29,2124.44,5003.3394
2026-05-18 14:15:00,2124.44,2128.11,2114.94,2117.05,7589.4403
2026-05-18 14:30:00,2117.05,2119.0,2098.01,2113.71,13063.1096
2026-05-18 14:45:00,2113.71,2114.9,2106.67,2110.32,5988.6701
2026-05-18 15:00:00,2110.32,2111.3,2095.51,2103.93,12450.3796
2026-05-18 15:15:00,2103.92,2103.92,2095.53,2097.71,8902.7805
2026-05-18 15:30:00,2097.7,2108.75,2093.77,2107.27,6147.7887
2026-05-18 15:45:00,2107.26,2110.65,2103.67,2107.48,3778.3256
2026-05-18 16:00:00,2107.49,2111.19,2101.56,2107.18,4458.4001
2026-05-18 16:15:00,2107.17,2111.0,2092.6,2093.46,5454.3526
2026-05-18 16:30:00,2093.46,2100.05,2090.56,2098.73,5154.9577
2026-05-18 16:45:00,2098.73,2102.27,2097.46,2097.71,3184.634
2026-05-18 17:00:00,2097.71,2107.85,2095.33,2102.43,2965.704
2026-05-18 17:15:00,2102.42,2107.28,2102.42,2107.28,2118.7315
2026-05-18 17:30:00,2107.28,2108.21,2103.39,2107.45,1558.6276
2026-05-18 17:45:00,2107.46,2110.19,2106.06,2108.21,3818.7832
2026-05-18 18:00:00,2108.21,2109.12,2100.42,2100.72,2247.2738
2026-05-18 18:15:00,2100.72,2100.72,2077.23,2088.36,19815.489
2026-05-18 18:30:00,2088.37,2092.12,2084.53,2087.16,3950.8434
2026-05-18 18:45:00,2087.17,2090.37,2079.86,2081.32,3591.0215
2026-05-18 19:00:00,2081.31,2113.55,2079.64,2105.64,15907.4242
2026-05-18 19:15:00,2105.64,2109.59,2102.21,2105.7,4774.9238
2026-05-18 19:30:00,2105.69,2117.32,2105.01,2116.66,5592.3381
2026-05-18 19:45:00,2116.65,2128.49,2116.15,2125.07,9013.741
2026-05-18 20:00:00,2125.07,2129.84,2122.89,2127.39,3647.7488
2026-05-18 20:15:00,2127.39,2129.42,2124.77,2128.67,1879.1651
2026-05-18 20:30:00,2128.67,2131.03,2122.28,2122.29,2448.1217
2026-05-18 20:45:00,2122.29,2122.49,2115.01,2117.61,2640.7251
2026-05-18 21:00:00,2117.62,2124.39,2114.59,2121.7,2419.3936
2026-05-18 21:15:00,2121.69,2133.11,2121.69,2130.87,3515.9583
2026-05-18 21:30:00,2130.88,2142.67,2130.88,2137.62,6452.2065
2026-05-18 21:45:00,2137.63,2139.31,2133.39,2137.38,1936.5738
2026-05-18 22:00:00,2137.39,2139.2,2133.17,2136.71,3779.9096
2026-05-18 22:15:00,2136.7,2142.57,2135.57,2139.66,3221.3167
2026-05-18 22:30:00,2139.66,2141.85,2134.11,2135.01,2707.8026
2026-05-18 22:45:00,2135.02,2136.03,2130.5,2135.74,2576.8892
2026-05-18 23:00:00,2135.73,2139.17,2135.19,2135.2,1175.1229
2026-05-18 23:15:00,2135.19,2135.38,2132.84,2132.84,1296.4425
2026-05-18 23:30:00,2132.84,2134.58,2130.42,2134.57,1601.131
2026-05-18 23:45:00,2134.58,2134.58,2127.75,2130.08,1337.778
2026-05-19 00:00:00,2130.08,2134.4,2128.44,2132.79,1988.8421
2026-05-19 00:15:00,2132.78,2146.95,2131.76,2139.73,3416.9251
2026-05-19 00:30:00,2139.73,2141.45,2135.49,2137.65,1068.5447
2026-05-19 00:45:00,2137.65,2142.53,2135.82,2135.88,1278.4614
2026-05-19 01:00:00,2135.88,2138.4,2132.01,2135.61,1663.4216
2026-05-19 01:15:00,2135.62,2135.92,2123.71,2125.82,2845.3353
2026-05-19 01:30:00,2125.82,2133.0,2124.16,2131.2,2363.5174
2026-05-19 01:45:00,2131.2,2131.33,2124.92,2124.92,1386.5352
2026-05-19 02:00:00,2124.92,2126.56,2118.6,2125.31,2259.126
2026-05-19 02:15:00,2125.31,2135.67,2123.94,2131.42,2581.3952
2026-05-19 02:30:00,2131.42,2131.49,2125.64,2126.36,1305.5646
2026-05-19 02:45:00,2126.36,2128.2,2122.4,2123.31,1500.0675
2026-05-19 03:00:00,2123.3,2128.89,2122.06,2128.88,998.6509
2026-05-19 03:15:00,2128.88,2132.9,2126.49,2128.23,1493.7035
2026-05-19 03:30:00,2128.24,2132.73,2128.23,2132.69,1625.1048
2026-05-19 03:45:00,2132.69,2134.61,2130.91,2131.3,889.8354
2026-05-19 04:00:00,2131.3,2136.65,2129.38,2135.49,1919.1476
2026-05-19 04:15:00,2135.49,2135.88,2128.22,2129.8,924.1452
2026-05-19 04:30:00,2129.81,2134.47,2129.6,2133.38,647.5726
2026-05-19 04:45:00,2133.39,2135.28,2133.39,2133.88,1137.5739
2026-05-19 05:00:00,2133.88,2134.52,2128.49,2130.98,1241.421
2026-05-19 05:15:00,2130.98,2131.03,2123.61,2129.88,1813.0788
2026-05-19 05:30:00,2129.88,2136.97,2128.5,2132.88,2262.0852
2026-05-19 05:45:00,2132.87,2137.74,2132.38,2135.21,2068.2414
2026-05-19 06:00:00,2135.21,2136.61,2133.44,2136.23,1756.636
2026-05-19 06:15:00,2136.23,2137.13,2132.71,2135.25,1495.5315
2026-05-19 06:30:00,2135.25,2140.31,2134.11,2139.91,1389.3798
2026-05-19 06:45:00,2139.91,2139.91,2137.02,2137.52,902.8758
2026-05-19 07:00:00,2137.52,2141.55,2135.29,2138.88,1571.2866
2026-05-19 07:15:00,2138.89,2140.83,2137.1,2138.49,1055.1424
2026-05-19 07:30:00,2138.49,2143.16,2138.18,2142.23,2330.1665
2026-05-19 07:45:00,2142.24,2145.0,2140.27,2140.97,2158.8518
2026-05-19 08:00:00,2140.97,2141.4,2133.72,2135.18,1954.222
2026-05-19 08:15:00,2135.17,2137.79,2131.01,2134.14,1718.4812
2026-05-19 08:30:00,2134.14,2141.29,2133.28,2137.47,1894.4447
2026-05-19 08:45:00,2137.46,2138.76,2133.07,2133.72,1507.2026
2026-05-19 09:00:00,2133.72,2134.5,2131.27,2131.99,932.3919
2026-05-19 09:15:00,2131.99,2131.99,2114.75,2115.91,5699.2574
2026-05-19 09:30:00,2115.9,2119.02,2112.16,2115.88,3552.2911
2026-05-19 09:45:00,2115.87,2116.5,2111.25,2114.49,1910.8528
2026-05-19 10:00:00,2114.49,2115.89,2108.98,2115.34,2503.8953
2026-05-19 10:15:00,2115.35,2116.5,2113.0,2116.5,1249.6843
2026-05-19 10:30:00,2116.49,2121.96,2109.22,2109.73,3645.5509
2026-05-19 10:45:00,2109.74,2120.45,2106.77,2118.36,3004.646
2026-05-19 11:00:00,2118.37,2120.24,2117.37,2118.27,1363.5312
2026-05-19 11:15:00,2118.27,2119.23,2112.99,2114.82,1325.6009
2026-05-19 11:30:00,2114.82,2115.85,2109.22,2109.41,1556.5847
2026-05-19 11:45:00,2109.41,2112.92,2109.26,2110.85,1276.9978
2026-05-19 12:00:00,2110.85,2113.96,2108.64,2113.95,1888.7103
2026-05-19 12:15:00,2113.96,2117.01,2113.12,2117.01,1416.3546
2026-05-19 12:30:00,2117.01,2119.35,2116.72,2117.63,1545.4946
2026-05-19 12:45:00,2117.64,2119.25,2116.94,2118.49,972.096
2026-05-19 13:00:00,2118.5,2119.73,2111.1,2114.67,2836.1978
2026-05-19 13:15:00,2114.67,2114.83,2107.65,2108.05,2990.3437
2026-05-19 13:30:00,2108.06,2127.53,2107.7,2112.8,7588.1284
2026-05-19 13:45:00,2112.8,2125.44,2112.63,2119.03,4293.3305
2026-05-19 14:00:00,2119.02,2123.6,2110.35,2110.36,6075.573
2026-05-19 14:15:00,2110.35,2111.71,2098.58,2107.1,9310.1515
2026-05-19 14:30:00,2107.1,2112.02,2100.5,2106.78,4044.6288
2026-05-19 14:45:00,2106.78,2107.64,2094.47,2106.55,4280.4766
2026-05-19 15:00:00,2106.54,2111.48,2104.52,2110.19,2514.0814
2026-05-19 15:15:00,2110.2,2112.8,2103.58,2106.52,2157.5014
2026-05-19 15:30:00,2106.51,2113.42,2105.84,2109.89,2508.5101
2026-05-19 15:45:00,2109.89,2112.24,2107.35,2110.19,1457.7593
2026-05-19 16:00:00,2110.2,2112.16,2107.12,2108.07,1871.1187
2026-05-19 16:15:00,2108.07,2112.64,2108.07,2112.16,1296.6485
2026-05-19 16:30:00,2112.16,2118.04,2112.07,2118.04,1929.0908
2026-05-19 16:45:00,2118.05,2122.45,2116.62,2121.12,1748.7123
2026-05-19 17:00:00,2121.11,2123.37,2119.31,2122.91,1704.2132
2026-05-19 17:15:00,2122.91,2125.07,2119.11,2119.6,1700.9013
2026-05-19 17:30:00,2119.59,2120.59,2113.91,2116.99,1896.6154
2026-05-19 17:45:00,2116.99,2116.99,2112.92,2115.75,1072.0965
2026-05-19 18:00:00,2115.75,2119.06,2113.86,2117.95,1082.078
2026-05-19 18:15:00,2117.95,2119.62,2111.72,2112.66,1945.6479
2026-05-19 18:30:00,2112.66,2116.52,2110.74,2115.58,1056.8911
2026-05-19 18:45:00,2115.58,2117.58,2113.78,2115.28,933.8778
2026-05-19 19:00:00,2115.27,2122.39,2115.27,2122.39,1400.5414
2026-05-19 19:15:00,2122.39,2123.16,2111.61,2112.52,2031.5295
2026-05-19 19:30:00,2112.52,2115.94,2110.14,2114.12,1443.5385
2026-05-19 19:45:00,2114.12,2114.72,2110.75,2113.15,1561.3611
2026-05-19 20:00:00,2113.14,2116.82,2112.41,2115.41,507.5308
2026-05-19 20:15:00,2115.41,2116.3,2114.56,2115.61,421.8749
2026-05-19 20:30:00,2115.61,2118.23,2115.37,2116.22,850.1416
2026-05-19 20:45:00,2116.22,2118.82,2116.21,2118.39,582.6407
2026-05-19 21:00:00,2118.38,2120.59,2116.69,2119.51,781.4654
2026-05-19 21:15:00,2119.51,2120.13,2117.77,2118.47,1225.465
2026-05-19 21:30:00,2118.47,2120.45,2118.28,2118.42,602.0859
2026-05-19 21:45:00,2118.42,2119.81,2116.87,2116.97,805.5188
2026-05-19 22:00:00,2116.97,2116.97,2109.42,2109.6,2393.6748
2026-05-19 22:15:00,2109.59,2109.78,2103.38,2104.3,2381.7022
2026-05-19 22:30:00,2104.3,2108.24,2102.09,2107.58,1638.1899
2026-05-19 22:45:00,2107.57,2108.28,2106.34,2106.4,767.4063
2026-05-19 23:00:00,2106.4,2112.18,2104.66,2111.16,1245.2259
2026-05-19 23:15:00,2111.16,2116.35,2110.93,2115.85,1110.4194
2026-05-19 23:30:00,2115.86,2118.68,2114.93,2115.62,1503.4685
2026-05-19 23:45:00,2115.63,2115.7,2111.51,2111.93,1140.2633
2026-05-20 00:00:00,2111.93,2114.11,2104.96,2104.96,1509.2487
2026-05-20 00:15:00,2104.97,2109.02,2103.3,2108.96,1427.5093
2026-05-20 00:30:00,2108.97,2115.95,2107.18,2110.17,2023.4669
2026-05-20 00:45:00,2110.17,2112.36,2109.13,2111.29,1019.293
2026-05-20 01:00:00,2111.29,2116.94,2108.36,2115.42,1489.1147
2026-05-20 01:15:00,2115.41,2115.41,2103.29,2103.83,1787.841
2026-05-20 01:30:00,2103.84,2109.48,2103.42,2107.1,1638.3173
2026-05-20 01:45:00,2107.1,2119.24,2106.36,2115.28,2063.5208
2026-05-20 02:00:00,2115.28,2116.26,2111.47,2113.53,809.7428
2026-05-20 02:15:00,2113.54,2117.14,2112.28,2112.36,716.3811
2026-05-20 02:30:00,2112.35,2112.36,2106.01,2107.43,1098.7039
2026-05-20 02:45:00,2107.42,2110.09,2106.5,2109.43,569.8557
2026-05-20 03:00:00,2109.42,2109.42,2106.1,2107.75,702.7438
2026-05-20 03:15:00,2107.75,2116.3,2107.59,2115.29,1163.7445
2026-05-20 03:30:00,2115.3,2115.3,2111.73,2112.4,783.7145
2026-05-20 03:45:00,2112.4,2112.66,2110.45,2111.6,511.2815
2026-05-20 04:00:00,2111.6,2114.71,2111.6,2114.59,980.6535
2026-05-20 04:15:00,2114.59,2114.78,2112.65,2113.0,918.9916
2026-05-20 04:30:00,2113.0,2113.29,2107.3,2110.82,1526.107
2026-05-20 04:45:00,2110.82,2113.21,2110.81,2113.2,434.0975
2026-05-20 05:00:00,2113.2,2127.01,2113.2,2124.58,7870.0858
2026-05-20 05:15:00,2124.59,2125.66,2122.15,2124.22,2249.4675
2026-05-20 05:30:00,2124.23,2130.38,2124.23,2126.33,2797.4827
2026-05-20 05:45:00,2126.34,2127.14,2124.76,2125.63,1292.9716
2026-05-20 06:00:00,2125.63,2127.99,2125.62,2127.12,813.4422
2026-05-20 06:15:00,2127.13,2133.0,2127.13,2129.41,5381.6308
2026-05-20 06:30:00,2129.41,2131.74,2126.83,2131.5,1784.0502
2026-05-20 06:45:00,2131.5,2134.41,2129.26,2133.75,2076.2306
2026-05-20 07:00:00,2133.76,2134.5,2130.31,2131.66,1415.8495
2026-05-20 07:15:00,2131.67,2136.5,2129.84,2134.37,3160.6528
2026-05-20 07:30:00,2134.37,2134.79,2131.85,2133.07,1142.4518
2026-05-20 07:45:00,2133.06,2133.34,2128.51,2129.74,1270.1243
2026-05-20 08:00:00,2129.75,2132.5,2128.87,2130.26,1890.5287
2026-05-20 08:15:00,2130.26,2131.93,2128.91,2131.49,1388.1538
2026-05-20 08:30:00,2131.49,2138.0,2131.35,2136.65,3332.4683
2026-05-20 08:45:00,2136.65,2137.0,2131.36,2131.91,1504.4854
2026-05-20 09:00:00,2131.91,2132.57,2128.53,2129.48,1510.4885
2026-05-20 09:15:00,2129.48,2132.13,2127.7,2131.64,1048.414
2026-05-20 09:30:00,2131.64,2133.0,2131.04,2131.05,754.3879
2026-05-20 09:45:00,2131.05,2131.05,2128.5,2129.36,1024.1239
2026-05-20 10:00:00,2129.36,2134.18,2129.36,2132.49,1277.3398
2026-05-20 10:15:00,2132.49,2134.12,2131.58,2133.34,990.6503
2026-05-20 10:30:00,2133.33,2137.02,2132.18,2132.59,1702.38
2026-05-20 10:45:00,2132.6,2133.64,2130.81,2130.82,836.5989
2026-05-20 11:00:00,2130.82,2132.24,2129.59,2129.59,721.1557
2026-05-20 11:15:00,2129.59,2130.69,2128.09,2128.11,931.5206
2026-05-20 11:30:00,2128.11,2130.48,2125.0,2126.53,2051.9919
2026-05-20 11:45:00,2126.53,2128.48,2124.28,2128.3,1218.737
2026-05-20 12:00:00,2128.31,2132.31,2127.02,2130.88,1282.7871
2026-05-20 12:15:00,2130.89,2133.13,2127.36,2131.14,1431.5412
2026-05-20 12:30:00,2131.13,2133.48,2131.13,2132.03,998.696
2026-05-20 12:45:00,2132.03,2140.0,2131.44,2134.01,2129.3392
2026-05-20 13:00:00,2134.02,2135.73,2130.35,2131.13,1101.2431
2026-05-20 13:15:00,2131.14,2131.5,2124.71,2126.74,2917.0443
2026-05-20 13:30:00,2126.74,2128.02,2115.69,2121.15,7854.6668
2026-05-20 13:45:00,2121.15,2128.6,2117.67,2120.61,4536.1067
2026-05-20 14:00:00,2120.62,2126.3,2113.87,2122.69,4033.8967
2026-05-20 14:15:00,2122.7,2139.63,2122.7,2131.31,6530.959
2026-05-20 14:30:00,2131.32,2136.72,2128.64,2133.53,4124.4642
2026-05-20 14:45:00,2133.53,2138.57,2132.66,2135.25,4822.6776
2026-05-20 15:00:00,2135.24,2136.01,2129.02,2129.67,1787.7963
2026-05-20 15:15:00,2129.67,2149.0,2129.67,2138.99,10051.5013
2026-05-20 15:30:00,2138.99,2140.98,2132.79,2135.69,2243.3058
2026-05-20 15:45:00,2135.68,2140.73,2134.21,2136.75,3070.9584
2026-05-20 16:00:00,2136.76,2140.51,2136.69,2138.18,1826.8505
2026-05-20 16:15:00,2138.17,2138.17,2124.1,2127.0,3547.7523
2026-05-20 16:30:00,2127.0,2136.26,2125.21,2135.52,2106.9247
2026-05-20 16:45:00,2135.53,2137.78,2133.16,2135.46,1856.1004
2026-05-20 17:00:00,2135.46,2140.88,2132.14,2138.97,2765.8909
2026-05-20 17:15:00,2138.97,2148.7,2137.24,2145.3,3705.7125
2026-05-20 17:30:00,2145.3,2148.77,2141.98,2144.63,2503.066
2026-05-20 17:45:00,2144.63,2146.05,2139.81,2140.5,1804.4432
2026-05-20 18:00:00,2140.5,2140.95,2137.0,2137.91,2016.7453
2026-05-20 18:15:00,2137.91,2140.42,2133.54,2135.74,1817.1154
2026-05-20 18:30:00,2135.74,2137.48,2133.99,2134.76,965.6222
2026-05-20 18:45:00,2134.75,2134.94,2131.3,2132.1,1223.9658
2026-05-20 19:00:00,2132.1,2133.69,2129.11,2131.94,1450.8853
2026-05-20 19:15:00,2131.93,2137.63,2131.04,2137.62,1505.9114
2026-05-20 19:30:00,2137.63,2141.45,2136.79,2140.22,1868.2248
2026-05-20 19:45:00,2140.22,2141.17,2137.55,2139.12,1190.4533
2026-05-20 20:00:00,2139.12,2140.76,2135.72,2140.25,908.9047
2026-05-20 20:15:00,2140.25,2140.5,2129.51,2136.57,2447.0912
2026-05-20 20:30:00,2136.57,2137.02,2133.83,2135.57,793.548
2026-05-20 20:45:00,2135.57,2137.03,2134.54,2135.93,808.3054
2026-05-20 21:00:00,2135.92,2138.59,2134.0,2137.78,430.6305
2026-05-20 21:15:00,2137.77,2137.93,2133.02,2133.05,739.4307
2026-05-20 21:30:00,2133.04,2134.03,2131.59,2132.57,979.3745
2026-05-20 21:45:00,2132.56,2133.95,2130.61,2130.62,897.183
2026-05-20 22:00:00,2130.61,2130.61,2119.58,2122.1,4983.6731
2026-05-20 22:15:00,2122.1,2126.98,2118.45,2126.43,3291.0436
2026-05-20 22:30:00,2126.44,2128.58,2123.22,2125.84,812.8948
2026-05-20 22:45:00,2125.85,2128.39,2125.7,2128.32,602.1832
2026-05-20 23:00:00,2128.32,2128.32,2124.1,2125.24,1205.605
2026-05-20 23:15:00,2125.24,2125.94,2122.59,2125.51,914.9794
2026-05-20 23:30:00,2125.52,2128.17,2124.84,2127.28,794.402
2026-05-20 23:45:00,2127.27,2130.37,2126.11,2129.44,794.2036
2026-05-21 00:00:00,2129.44,2133.0,2128.59,2132.56,1270.7784
2026-05-21 00:15:00,2132.56,2135.19,2130.94,2135.18,1778.1108
2026-05-21 00:30:00,2135.19,2137.47,2133.9,2136.82,1152.4858
2026-05-21 00:45:00,2136.82,2145.32,2136.55,2142.92,3445.0995
2026-05-21 01:00:00,2142.93,2148.74,2142.93,2148.73,2599.1484
2026-05-21 01:15:00,2148.74,2157.5,2142.05,2143.25,6135.2473
2026-05-21 01:30:00,2143.25,2144.73,2140.0,2142.11,1484.2353
2026-05-21 01:45:00,2142.12,2146.59,2139.31,2141.07,1606.8712
2026-05-21 02:00:00,2141.08,2142.98,2139.5,2141.55,851.8473
2026-05-21 02:15:00,2141.55,2148.04,2140.98,2145.31,2137.8868
2026-05-21 02:30:00,2145.31,2146.59,2143.85,2144.76,824.1254
2026-05-21 02:45:00,2144.75,2144.75,2141.49,2141.5,955.0248
2026-05-21 03:00:00,2141.5,2143.58,2140.85,2142.23,1203.1667
2026-05-21 03:15:00,2142.24,2146.42,2141.04,2145.55,1121.1006
2026-05-21 03:30:00,2145.55,2145.99,2144.68,2145.87,398.282
2026-05-21 03:45:00,2145.87,2146.85,2144.69,2145.76,801.5644
2026-05-21 04:00:00,2145.76,2148.75,2144.27,2144.79,1326.2428
2026-05-21 04:15:00,2144.79,2146.63,2144.0,2145.28,721.5077
2026-05-21 04:30:00,2145.29,2146.05,2142.7,2143.58,674.2044
2026-05-21 04:45:00,2143.57,2145.62,2142.71,2145.0,830.7421
2026-05-21 05:00:00,2145.0,2148.19,2141.97,2142.33,1267.4857
2026-05-21 05:15:00,2142.33,2144.67,2141.28,2141.7,887.9253
2026-05-21 05:30:00,2141.7,2141.79,2139.45,2140.16,1698.0266
2026-05-21 05:45:00,2140.15,2140.62,2133.21,2136.3,2438.1649
2026-05-21 06:00:00,2136.31,2138.61,2134.01,2135.0,1459.9733
2026-05-21 06:15:00,2135.01,2138.13,2132.83,2135.28,2214.8326
2026-05-21 06:30:00,2135.29,2136.96,2131.02,2131.57,1897.3165
2026-05-21 06:45:00,2131.57,2131.76,2127.64,2128.57,3025.5874
2026-05-21 07:00:00,2128.58,2130.93,2126.81,2129.15,2930.9831
2026-05-21 07:15:00,2129.15,2129.89,2124.25,2128.78,1875.1627
2026-05-21 07:30:00,2128.78,2132.14,2128.76,2131.83,1577.5465
2026-05-21 07:45:00,2131.82,2137.0,2131.82,2135.06,2342.8511
2026-05-21 08:00:00,2135.07,2146.35,2135.01,2146.35,3179.6976
2026-05-21 08:15:00,2146.35,2148.33,2138.54,2141.48,2409.5911
2026-05-21 08:30:00,2141.49,2141.57,2136.27,2137.35,1501.3929
2026-05-21 08:45:00,2137.36,2138.95,2135.88,2138.26,1192.2677
2026-05-21 09:00:00,2138.26,2140.94,2136.53,2138.11,1787.8494
2026-05-21 09:15:00,2138.11,2139.35,2137.06,2137.67,680.5471
2026-05-21 09:30:00,2137.67,2138.32,2128.0,2128.79,2741.6577
2026-05-21 09:45:00,2128.79,2130.74,2127.96,2127.98,1372.2254
2026-05-21 10:00:00,2127.97,2129.47,2127.02,2128.49,2166.3177
2026-05-21 10:15:00,2128.49,2130.09,2111.86,2116.87,9870.7567
2026-05-21 10:30:00,2116.87,2120.42,2110.0,2116.14,5426.3873
2026-05-21 10:45:00,2116.13,2116.54,2111.9,2114.19,1638.0851
2026-05-21 11:00:00,2114.2,2118.42,2112.17,2118.01,2188.5157
2026-05-21 11:15:00,2118.01,2119.69,2116.0,2117.96,1871.8077
2026-05-21 11:30:00,2117.96,2119.94,2115.32,2116.43,2065.9034
2026-05-21 11:45:00,2116.43,2117.67,2115.27,2115.27,1573.6162
2026-05-21 12:00:00,2115.28,2116.8,2112.81,2113.45,1386.5332
2026-05-21 12:15:00,2113.45,2115.63,2112.44,2113.28,3058.7435
2026-05-21 12:30:00,2113.29,2119.7,2112.1,2117.55,4933.9781
2026-05-21 12:45:00,2117.54,2119.91,2117.08,2117.22,2283.14
2026-05-21 13:00:00,2117.22,2120.0,2116.46,2117.68,2412.7872
2026-05-21 13:15:00,2117.68,2119.35,2115.3,2119.35,1042.9435
2026-05-21 13:30:00,2119.36,2119.62,2105.15,2106.59,9147.5911
2026-05-21 13:45:00,2106.59,2124.09,2106.52,2120.46,5503.4239
2026-05-21 14:00:00,2120.47,2124.87,2117.46,2120.59,3637.655
2026-05-21 14:15:00,2120.6,2120.75,2110.68,2120.21,2951.755
2026-05-21 14:30:00,2120.2,2125.59,2118.0,2119.24,3826.8806
2026-05-21 14:45:00,2119.23,2123.2,2115.87,2121.96,4500.4646
2026-05-21 15:00:00,2121.97,2134.26,2119.44,2130.22,5231.6092
2026-05-21 15:15:00,2130.23,2137.35,2129.24,2135.86,5640.3093
2026-05-21 15:30:00,2135.87,2136.42,2126.49,2131.51,5789.6668
2026-05-21 15:45:00,2131.52,2138.05,2130.37,2132.65,4524.1969
2026-05-21 16:00:00,2132.64,2136.66,2131.53,2133.39,3996.0324
2026-05-21 16:15:00,2133.39,2134.01,2128.36,2130.85,1937.7018
2026-05-21 16:30:00,2130.85,2134.26,2123.66,2123.93,2624.1202
2026-05-21 16:45:00,2123.93,2127.92,2122.82,2127.79,1529.4293
2026-05-21 17:00:00,2127.8,2139.0,2126.0,2135.75,4915.6017
2026-05-21 17:15:00,2135.76,2148.0,2135.24,2147.41,10214.2526
2026-05-21 17:30:00,2147.4,2151.73,2144.21,2147.0,4400.5601
2026-05-21 17:45:00,2147.0,2153.75,2142.39,2146.6,3654.0372
2026-05-21 18:00:00,2146.6,2148.0,2139.41,2140.29,3796.2727
2026-05-21 18:15:00,2140.29,2144.04,2138.61,2139.57,1529.5742
2026-05-21 18:30:00,2139.56,2141.26,2138.19,2139.39,1005.1963
2026-05-21 18:45:00,2139.39,2139.68,2121.79,2126.87,6947.9032
2026-05-21 19:00:00,2126.87,2134.81,2126.48,2132.93,2925.1826
2026-05-21 19:15:00,2132.94,2135.15,2132.21,2133.36,1280.8465
2026-05-21 19:30:00,2133.37,2138.94,2133.37,2137.33,1496.2415
2026-05-21 19:45:00,2137.33,2145.78,2137.2,2142.83,3719.055
2026-05-21 20:00:00,2142.84,2143.46,2139.73,2140.96,1557.5974
2026-05-21 20:15:00,2140.96,2141.2,2138.15,2138.49,1188.7205
2026-05-21 20:30:00,2138.49,2141.35,2137.13,2138.55,1637.5453
2026-05-21 20:45:00,2138.56,2141.87,2137.4,2138.62,1026.669
2026-05-21 21:00:00,2138.63,2141.0,2137.88,2138.55,665.0956
2026-05-21 21:15:00,2138.55,2138.97,2137.67,2138.9,457.8261
2026-05-21 21:30:00,2138.89,2139.15,2136.28,2136.87,574.8349
2026-05-21 21:45:00,2136.88,2136.88,2134.21,2135.42,629.9293
2026-05-21 22:00:00,2135.43,2136.87,2132.84,2134.75,997.8093
2026-05-21 22:15:00,2134.74,2135.07,2132.98,2134.76,682.5312
2026-05-21 22:30:00,2134.75,2135.95,2131.03,2132.79,603.1877
2026-05-21 22:45:00,2132.8,2133.52,2131.35,2131.85,465.139
2026-05-21 23:00:00,2131.84,2134.3,2128.83,2129.19,922.4263
2026-05-21 23:15:00,2129.2,2133.39,2127.27,2132.86,990.6011
2026-05-21 23:30:00,2132.87,2136.77,2132.67,2135.78,1010.1739
2026-05-21 23:45:00,2135.79,2136.56,2133.14,2133.76,1035.1938
2026-05-22 00:00:00,2133.77,2134.22,2130.25,2130.66,852.1083
2026-05-22 00:15:00,2130.66,2133.87,2129.93,2131.46,727.382
2026-05-22 00:30:00,2131.47,2134.99,2130.02,2131.6,629.9767
2026-05-22 00:45:00,2131.6,2132.9,2129.28,2129.33,639.2138
2026-05-22 01:00:00,2129.32,2133.71,2127.56,2133.39,1154.6886
2026-05-22 01:15:00,2133.39,2133.87,2128.55,2129.72,917.8518
2026-05-22 01:30:00,2129.71,2131.66,2125.68,2131.66,1665.8809
2026-05-22 01:45:00,2131.66,2137.0,2131.66,2135.88,1215.1386
2026-05-22 02:00:00,2135.89,2139.08,2135.89,2137.99,937.3453
2026-05-22 02:15:00,2137.99,2140.01,2135.42,2136.87,731.5896
2026-05-22 02:30:00,2136.86,2137.98,2134.47,2136.76,1070.7904
2026-05-22 02:45:00,2136.76,2139.56,2135.58,2137.98,1158.9906
2026-05-22 03:00:00,2137.97,2141.39,2136.41,2136.69,735.1681
2026-05-22 03:15:00,2136.69,2138.11,2135.29,2137.69,548.3471
2026-05-22 03:30:00,2137.69,2139.03,2137.18,2137.6,720.8963
2026-05-22 03:45:00,2137.61,2138.88,2137.1,2137.88,333.7343
2026-05-22 04:00:00,2137.89,2140.94,2137.89,2140.54,579.082
2026-05-22 04:15:00,2140.54,2141.34,2137.62,2137.62,504.0794
2026-05-22 04:30:00,2137.62,2137.88,2134.48,2134.48,373.9669
2026-05-22 04:45:00,2134.48,2135.11,2132.56,2134.0,937.7673
2026-05-22 05:00:00,2134.01,2135.95,2131.73,2134.56,1082.6405
2026-05-22 05:15:00,2134.57,2135.51,2130.84,2132.24,954.7291
2026-05-22 05:30:00,2132.24,2133.1,2128.06,2131.36,1322.7693
2026-05-22 05:45:00,2131.35,2134.0,2127.39,2129.21,1084.5057
2026-05-22 06:00:00,2129.21,2130.86,2127.28,2130.2,1740.7743
2026-05-22 06:15:00,2130.19,2130.67,2126.84,2127.96,1784.3961
2026-05-22 06:30:00,2127.96,2128.39,2125.8,2127.75,1739.9442
2026-05-22 06:45:00,2127.75,2128.29,2123.95,2125.68,1899.8372
2026-05-22 07:00:00,2125.68,2128.66,2122.22,2127.44,1977.7048
2026-05-22 07:15:00,2127.44,2132.08,2127.44,2131.37,1844.8316
2026-05-22 07:30:00,2131.37,2132.73,2129.28,2130.85,2397.8704
2026-05-22 07:45:00,2130.84,2130.95,2128.69,2128.7,3209.964
2026-05-22 08:00:00,2128.7,2130.15,2125.99,2128.29,4656.6952
2026-05-22 08:15:00,2128.29,2133.34,2128.29,2132.11,2475.1408
2026-05-22 08:30:00,2132.11,2132.39,2119.94,2124.18,6051.3217
2026-05-22 08:45:00,2124.18,2125.71,2121.62,2122.3,1801.2717
2026-05-22 09:00:00,2122.29,2123.78,2120.22,2120.66,2419.4134
2026-05-22 09:15:00,2120.66,2124.45,2119.18,2122.23,1294.0617
2026-05-22 09:30:00,2122.23,2123.99,2119.82,2123.38,1031.5812
2026-05-22 09:45:00,2123.38,2125.24,2120.96,2123.98,926.3443
2026-05-22 10:00:00,2123.97,2124.96,2121.99,2123.6,618.3538
2026-05-22 10:15:00,2123.59,2124.4,2120.81,2124.27,881.6927
2026-05-22 10:30:00,2124.27,2125.4,2122.18,2124.41,685.7307
2026-05-22 10:45:00,2124.41,2124.46,2122.43,2123.0,829.1671
2026-05-22 11:00:00,2123.0,2125.0,2122.8,2123.0,935.2062
2026-05-22 11:15:00,2122.99,2125.19,2120.1,2124.61,1724.5953
2026-05-22 11:30:00,2124.61,2127.67,2124.52,2126.36,1468.9385
2026-05-22 11:45:00,2126.37,2131.01,2125.86,2130.78,3033.7023
2026-05-22 12:00:00,2130.78,2137.2,2129.31,2135.42,2617.1602
2026-05-22 12:15:00,2135.42,2138.0,2131.11,2131.63,2907.4976
2026-05-22 12:30:00,2131.62,2132.67,2130.14,2132.55,1113.5888
2026-05-22 12:45:00,2132.55,2135.42,2132.54,2134.99,967.3537
2026-05-22 13:00:00,2135.0,2135.75,2131.91,2133.96,2354.4862
2026-05-22 13:15:00,2133.96,2135.75,2129.66,2129.66,2304.9085
2026-05-22 13:30:00,2129.66,2132.71,2124.01,2128.37,4749.4057
2026-05-22 13:45:00,2128.38,2130.72,2126.38,2130.23,2535.2861
2026-05-22 14:00:00,2130.23,2130.23,2120.68,2123.99,6939.406
2026-05-22 14:15:00,2124.0,2125.31,2112.58,2118.24,5482.2217
2026-05-22 14:30:00,2118.24,2121.58,2117.43,2119.77,1611.2344
2026-05-22 14:45:00,2119.77,2120.43,2116.21,2116.94,1810.9999
2026-05-22 15:00:00,2116.94,2123.08,2114.93,2117.07,1684.7961
2026-05-22 15:15:00,2117.07,2121.0,2112.47,2121.0,1882.3916
2026-05-22 15:30:00,2121.0,2125.49,2117.0,2118.11,2151.9079
2026-05-22 15:45:00,2118.12,2121.03,2116.23,2119.48,1273.3141
2026-05-22 16:00:00,2119.49,2122.6,2118.39,2120.7,2172.4602
2026-05-22 16:15:00,2120.69,2122.22,2118.11,2120.76,1331.0625
2026-05-22 16:30:00,2120.77,2122.51,2119.2,2119.66,731.5906
2026-05-22 16:45:00,2119.67,2124.0,2119.67,2122.78,890.6395
2026-05-22 17:00:00,2122.78,2127.28,2122.78,2125.28,1211.9413
2026-05-22 17:15:00,2125.29,2129.32,2119.43,2128.69,3506.0413
2026-05-22 17:30:00,2128.7,2130.0,2124.1,2126.38,1309.6836
2026-05-22 17:45:00,2126.38,2126.38,2119.43,2119.6,1871.7677
2026-05-22 18:00:00,2119.61,2119.92,2115.04,2119.7,2031.7494
2026-05-22 18:15:00,2119.7,2121.57,2118.22,2118.63,849.3516
2026-05-22 18:30:00,2118.62,2118.85,2107.75,2108.05,4148.4284
2026-05-22 18:45:00,2108.05,2108.05,2084.51,2099.99,14275.856
2026-05-22 19:00:00,2099.99,2103.1,2086.58,2089.58,5292.6353
2026-05-22 19:15:00,2089.58,2093.58,2083.01,2085.52,3220.1476
2026-05-22 19:30:00,2085.53,2086.01,2058.0,2065.59,24413.9813
2026-05-22 19:45:00,2065.59,2069.7,2061.61,2065.54,4267.3216
2026-05-22 20:00:00,2065.54,2075.92,2064.31,2071.91,2808.2309
2026-05-22 20:15:00,2071.91,2074.72,2069.32,2072.85,2468.3924
2026-05-22 20:30:00,2072.84,2074.2,2066.58,2072.29,4397.276
2026-05-22 20:45:00,2072.28,2078.85,2070.1,2073.4,3268.3043
2026-05-22 21:00:00,2073.4,2075.03,2071.52,2072.7,2134.3846
2026-05-22 21:15:00,2072.71,2075.63,2071.75,2075.62,1185.9846
2026-05-22 21:30:00,2075.63,2079.03,2075.01,2076.47,1497.6957
2026-05-22 21:45:00,2076.47,2079.59,2076.47,2078.18,1156.906
2026-05-22 22:00:00,2078.17,2079.58,2075.62,2077.22,1950.366
2026-05-22 22:15:00,2077.22,2077.31,2072.27,2072.83,1320.6862
2026-05-22 22:30:00,2072.84,2074.75,2066.55,2069.29,3456.2012
2026-05-22 22:45:00,2069.3,2073.7,2068.8,2072.71,1806.7894
2026-05-22 23:00:00,2072.72,2077.24,2072.72,2077.17,963.3341
2026-05-22 23:15:00,2077.18,2077.18,2069.11,2069.11,1755.2981
2026-05-22 23:30:00,2069.11,2074.62,2068.0,2073.41,1706.0236
2026-05-22 23:45:00,2073.41,2073.41,2057.79,2065.85,7689.5835
2026-05-23 00:00:00,2065.86,2070.61,2063.32,2066.76,4232.8829
2026-05-23 00:15:00,2066.77,2068.73,2063.58,2068.18,4463.4756
2026-05-23 00:30:00,2068.18,2068.18,2053.0,2060.55,10543.1474
2026-05-23 00:45:00,2060.55,2066.09,2060.17,2064.63,2411.1035
2026-05-23 01:00:00,2064.63,2069.42,2063.53,2064.13,2946.7996
2026-05-23 01:15:00,2064.13,2068.68,2062.67,2068.57,1540.4045
2026-05-23 01:30:00,2068.57,2068.75,2066.0,2067.42,743.063
2026-05-23 01:45:00,2067.42,2069.92,2063.72,2068.93,1372.1243
2026-05-23 02:00:00,2068.93,2070.37,2066.19,2066.53,1359.9924
2026-05-23 02:15:00,2066.53,2068.52,2065.66,2066.51,592.6782
2026-05-23 02:30:00,2066.52,2067.56,2064.9,2066.92,989.3885
2026-05-23 02:45:00,2066.92,2069.16,2066.71,2068.52,656.3652
2026-05-23 03:00:00,2068.52,2069.9,2068.21,2069.75,1258.5559
2026-05-23 03:15:00,2069.75,2070.31,2068.92,2069.89,906.6491
2026-05-23 03:30:00,2069.9,2071.53,2069.74,2071.34,641.9089
2026-05-23 03:45:00,2071.34,2072.0,2070.4,2070.78,1015.0085
2026-05-23 04:00:00,2070.78,2071.19,2069.8,2071.03,506.3622
2026-05-23 04:15:00,2071.03,2071.03,2066.8,2067.31,961.7806
2026-05-23 04:30:00,2067.3,2069.65,2065.55,2065.74,551.452
2026-05-23 04:45:00,2065.75,2067.7,2065.75,2067.3,694.9765
2026-05-23 05:00:00,2067.29,2068.0,2065.37,2065.92,996.2147
2026-05-23 05:15:00,2065.92,2067.59,2061.9,2063.69,5568.1295
2026-05-23 05:30:00,2063.69,2066.23,2063.48,2066.23,810.505
2026-05-23 05:45:00,2066.23,2066.41,2064.0,2064.85,768.016
2026-05-23 06:00:00,2064.85,2065.81,2063.33,2064.1,552.6937
2026-05-23 06:15:00,2064.09,2064.62,2062.18,2062.26,1097.6451
2026-05-23 06:30:00,2062.26,2064.0,2061.42,2063.04,1637.8281
2026-05-23 06:45:00,2063.05,2063.27,2060.71,2061.69,2777.6327
2026-05-23 07:00:00,2061.7,2063.06,2057.0,2060.64,2409.7617
2026-05-23 07:15:00,2060.64,2060.64,2056.94,2058.12,1473.5013
2026-05-23 07:30:00,2058.12,2060.0,2053.89,2057.75,2996.5443
2026-05-23 07:45:00,2057.75,2057.76,2009.3,2028.59,51996.1693
2026-05-23 08:00:00,2028.58,2032.1,2022.76,2029.68,6328.8737
2026-05-23 08:15:00,2029.68,2031.92,2027.31,2027.48,3739.1626
2026-05-23 08:30:00,2027.48,2028.0,2021.07,2023.82,3701.6491
2026-05-23 08:45:00,2023.83,2030.67,2022.83,2030.32,2375.0735
2026-05-23 09:00:00,2030.32,2031.0,2028.31,2028.33,1478.4661
2026-05-23 09:15:00,2028.32,2030.55,2028.32,2029.16,885.545
2026-05-23 09:30:00,2029.17,2030.32,2027.1,2029.17,1479.8596
2026-05-23 09:45:00,2029.16,2030.52,2027.12,2027.29,1734.1777
2026-05-23 10:00:00,2027.29,2030.55,2027.11,2030.05,1255.2164
2026-05-23 10:15:00,2030.06,2030.76,2028.49,2029.9,791.946
2026-05-23 10:30:00,2029.9,2032.6,2029.19,2032.53,1538.5727
2026-05-23 10:45:00,2032.53,2033.79,2030.95,2031.57,1324.6438
2026-05-23 11:00:00,2031.56,2036.01,2030.86,2033.45,3259.8268
2026-05-23 11:15:00,2033.46,2035.3,2033.23,2033.92,1087.102
2026-05-23 11:30:00,2033.93,2034.08,2030.84,2031.41,2680.3715
2026-05-23 11:45:00,2031.41,2033.1,2030.94,2031.48,664.8851
2026-05-23 12:00:00,2031.48,2032.07,2028.81,2029.18,2942.8538
2026-05-23 12:15:00,2029.19,2030.25,2027.35,2029.29,1154.7872
2026-05-23 12:30:00,2029.29,2031.4,2029.29,2030.68,1779.2961
2026-05-23 12:45:00,2030.68,2031.47,2029.88,2031.07,1330.3155
2026-05-23 13:00:00,2031.08,2039.85,2031.07,2039.06,6079.9038
2026-05-23 13:15:00,2039.05,2046.1,2039.05,2042.8,5451.6419
2026-05-23 13:30:00,2042.81,2044.41,2038.3,2039.95,1736.6035
2026-05-23 13:45:00,2039.96,2045.91,2039.96,2044.89,4379.2241
2026-05-23 14:00:00,2044.88,2046.93,2041.12,2046.08,3324.0969
2026-05-23 14:15:00,2046.09,2047.5,2044.88,2046.68,3008.737
2026-05-23 14:30:00,2046.68,2053.9,2046.06,2053.32,4272.6568
2026-05-23 14:45:00,2053.32,2065.32,2052.54,2061.64,6015.7714
2026-05-23 15:00:00,2061.64,2068.68,2060.16,2067.28,4497.8517
2026-05-23 15:15:00,2067.28,2067.66,2060.75,2061.58,3239.1425
2026-05-23 15:30:00,2061.58,2061.59,2055.67,2057.38,3396.1862
2026-05-23 15:45:00,2057.38,2061.13,2057.38,2060.27,1981.1997
2026-05-23 16:00:00,2060.27,2065.0,2059.23,2059.3,2218.5064
2026-05-23 16:15:00,2059.3,2060.8,2057.25,2058.98,1223.0606
2026-05-23 16:30:00,2058.99,2064.16,2058.63,2062.16,1215.1739
2026-05-23 16:45:00,2062.16,2064.7,2060.17,2061.65,2256.7574
2026-05-23 17:00:00,2061.66,2063.48,2059.28,2063.23,1649.8037
2026-05-23 17:15:00,2063.23,2064.68,2060.8,2064.15,1431.4975
2026-05-23 17:30:00,2064.15,2065.17,2061.78,2062.45,1082.9395
2026-05-23 17:45:00,2062.45,2065.87,2060.59,2063.98,1382.7664
2026-05-23 18:00:00,2063.98,2079.93,2063.74,2074.59,4734.9309
2026-05-23 18:15:00,2074.58,2083.64,2072.51,2076.17,5422.5966
2026-05-23 18:30:00,2076.18,2082.06,2076.18,2078.18,2595.346
2026-05-23 18:45:00,2078.17,2078.42,2073.39,2074.27,2147.9948
2026-05-23 19:00:00,2074.27,2074.93,2069.86,2071.99,1577.6475
2026-05-23 19:15:00,2071.98,2080.6,2071.98,2079.34,3364.8005
2026-05-23 19:30:00,2079.34,2081.0,2075.83,2077.14,3821.491
2026-05-23 19:45:00,2077.14,2078.99,2075.62,2077.33,3737.0724
2026-05-23 20:00:00,2077.34,2083.32,2074.84,2080.09,2840.4199
2026-05-23 20:15:00,2080.09,2083.35,2077.21,2077.21,2804.7976
2026-05-23 20:30:00,2077.21,2132.45,2076.43,2130.59,32162.3947
2026-05-23 20:45:00,2130.59,2147.0,2124.85,2146.3,22239.3131
2026-05-23 21:00:00,2146.3,2149.95,2126.58,2126.87,13836.6322
2026-05-23 21:15:00,2126.88,2131.1,2115.91,2115.91,7473.148
2026-05-23 21:30:00,2115.91,2124.11,2106.27,2114.48,9098.3421
2026-05-23 21:45:00,2114.48,2118.7,2109.94,2116.84,3174.8613
2026-05-23 22:00:00,2116.84,2120.28,2115.36,2115.57,2318.036
2026-05-23 22:15:00,2115.58,2117.0,2111.04,2112.13,1968.2852
2026-05-23 22:30:00,2112.13,2114.55,2102.65,2114.03,4740.3462
2026-05-23 22:45:00,2114.04,2118.0,2111.94,2116.83,1855.6872
2026-05-23 23:00:00,2116.84,2119.69,2114.42,2118.17,1786.8277
2026-05-23 23:15:00,2118.16,2120.67,2116.38,2116.98,1395.3174
2026-05-23 23:30:00,2116.98,2121.84,2116.97,2119.16,1502.8305
2026-05-23 23:45:00,2119.16,2120.33,2117.16,2117.68,1098.2048
2026-05-24 00:00:00,2117.69,2118.7,2115.21,2115.89,1313.0207
2026-05-24 00:15:00,2115.88,2117.43,2113.1,2115.71,1129.6322
2026-05-24 00:30:00,2115.71,2120.21,2115.46,2116.73,1055.7294
2026-05-24 00:45:00,2116.73,2121.5,2116.28,2119.45,1767.3528
2026-05-24 01:00:00,2119.45,2121.44,2118.31,2120.49,2012.3436
2026-05-24 01:15:00,2120.5,2125.51,2119.14,2123.12,2388.7135
2026-05-24 01:30:00,2123.12,2124.0,2119.69,2120.5,2577.2996
2026-05-24 01:45:00,2120.51,2122.88,2119.96,2122.56,853.3982
2026-05-24 02:00:00,2122.56,2125.16,2120.96,2123.96,2890.2768
2026-05-24 02:15:00,2123.97,2125.45,2118.3,2120.21,2933.022
2026-05-24 02:30:00,2120.22,2124.03,2120.01,2123.52,806.44
2026-05-24 02:45:00,2123.52,2125.09,2122.35,2122.53,2361.7824
2026-05-24 03:00:00,2122.54,2127.28,2121.36,2123.9,3344.0351
2026-05-24 03:15:00,2123.91,2124.01,2122.6,2123.81,427.8305
2026-05-24 03:30:00,2123.81,2123.82,2116.74,2117.63,1886.1157
2026-05-24 03:45:00,2117.63,2120.03,2117.62,2119.04,1356.0584
2026-05-24 04:00:00,2119.05,2122.91,2119.05,2122.69,1169.7357
2026-05-24 04:15:00,2122.7,2123.86,2121.02,2121.07,998.754
2026-05-24 04:30:00,2121.08,2122.34,2120.32,2121.58,627.4021
2026-05-24 04:45:00,2121.58,2121.65,2119.76,2120.21,571.6154
2026-05-24 05:00:00,2120.22,2120.33,2118.3,2118.97,1205.9213
2026-05-24 05:15:00,2118.97,2118.97,2114.69,2116.55,1931.9859
2026-05-24 05:30:00,2116.55,2117.38,2113.65,2113.79,3300.5379
2026-05-24 05:45:00,2113.79,2121.39,2113.71,2119.98,1824.9906
2026-05-24 06:00:00,2119.98,2123.06,2119.81,2122.0,938.0643
2026-05-24 06:15:00,2122.0,2122.0,2118.47,2118.9,1779.1613
2026-05-24 06:30:00,2118.9,2121.51,2117.6,2120.69,5008.0087
2026-05-24 06:45:00,2120.7,2129.93,2120.5,2128.13,4081.6553
2026-05-24 07:00:00,2128.13,2129.79,2124.36,2124.61,1343.6049
2026-05-24 07:15:00,2124.62,2125.34,2122.8,2123.55,750.3183
2026-05-24 07:30:00,2123.56,2123.88,2121.52,2122.01,1423.6895
2026-05-24 07:45:00,2122.02,2122.25,2119.49,2121.01,1507.9028
2026-05-24 08:00:00,2121.02,2122.0,2119.35,2119.35,915.364
2026-05-24 08:15:00,2119.35,2123.23,2119.25,2121.46,906.6998
2026-05-24 08:30:00,2121.47,2123.23,2120.19,2120.19,857.0787
2026-05-24 08:45:00,2120.18,2121.41,2119.91,2120.32,583.5384
2026-05-24 09:00:00,2120.33,2123.0,2119.05,2121.11,600.7499
2026-05-24 09:15:00,2121.11,2124.37,2119.82,2121.35,1755.9917
2026-05-24 09:30:00,2121.35,2124.33,2119.86,2122.98,1425.8275
2026-05-24 09:45:00,2122.98,2123.73,2122.0,2123.41,848.2282
2026-05-24 10:00:00,2123.42,2123.5,2119.46,2120.45,997.1485
2026-05-24 10:15:00,2120.45,2132.14,2119.38,2125.51,4713.283
2026-05-24 10:30:00,2125.52,2125.52,2120.01,2120.9,1627.3729
2026-05-24 10:45:00,2120.89,2122.66,2119.75,2122.35,787.154
2026-05-24 11:00:00,2122.34,2126.96,2122.23,2125.76,1734.6465
2026-05-24 11:15:00,2125.76,2127.82,2124.04,2125.12,1381.2088
2026-05-24 11:30:00,2125.12,2127.35,2124.44,2125.51,782.2911
2026-05-24 11:45:00,2125.51,2127.32,2124.36,2126.18,1061.6159
2026-05-24 12:00:00,2126.19,2126.58,2122.52,2124.14,1464.3246
2026-05-24 12:15:00,2124.15,2124.35,2118.69,2118.69,2467.0179
2026-05-24 12:30:00,2118.68,2121.76,2117.32,2121.49,2335.943
2026-05-24 12:45:00,2121.49,2121.6,2119.37,2119.97,823.0109
2026-05-24 13:00:00,2119.97,2121.05,2118.17,2118.87,721.3283
2026-05-24 13:15:00,2118.86,2120.87,2116.0,2117.98,1744.937
2026-05-24 13:30:00,2117.98,2120.62,2115.4,2119.13,1692.9415
2026-05-24 13:45:00,2119.13,2119.86,2105.79,2110.14,8539.7347
2026-05-24 14:00:00,2110.14,2112.52,2091.17,2095.36,11095.3204
2026-05-24 14:15:00,2095.35,2100.92,2079.52,2094.17,13683.946
2026-05-24 14:30:00,2094.18,2097.8,2093.31,2095.2,2552.1148
2026-05-24 14:45:00,2095.2,2098.95,2094.1,2097.98,1446.5377
2026-05-24 15:00:00,2097.98,2100.0,2096.1,2099.05,1345.4641
2026-05-24 15:15:00,2099.05,2099.94,2094.75,2097.25,1053.5665
2026-05-24 15:30:00,2097.25,2099.0,2094.22,2095.89,786.7229
2026-05-24 15:45:00,2095.9,2097.52,2094.14,2095.84,1428.5762
2026-05-24 16:00:00,2095.83,2103.69,2095.22,2103.37,3229.505
2026-05-24 16:15:00,2103.36,2109.0,2100.13,2102.1,2038.4967
2026-05-24 16:30:00,2102.1,2102.16,2095.6,2098.11,1198.4077
2026-05-24 16:45:00,2098.11,2105.0,2097.65,2103.62,926.9208
2026-05-24 17:00:00,2103.61,2106.01,2102.67,2103.42,887.4223
2026-05-24 17:15:00,2103.42,2104.63,2101.54,2102.1,806.6383
2026-05-24 17:30:00,2102.11,2105.76,2101.4,2105.59,449.6349
2026-05-24 17:45:00,2105.59,2106.68,2102.88,2102.88,882.4984
2026-05-24 18:00:00,2102.89,2104.5,2102.15,2103.32,640.5046
2026-05-24 18:15:00,2103.33,2104.78,2100.54,2100.54,816.6787
2026-05-24 18:30:00,2100.54,2101.8,2097.8,2099.41,711.2771
2026-05-24 18:45:00,2099.41,2100.5,2097.8,2099.97,796.3671
2026-05-24 19:00:00,2099.97,2102.58,2098.64,2098.64,791.4998
2026-05-24 19:15:00,2098.64,2100.39,2096.58,2097.17,1297.38
2026-05-24 19:30:00,2097.17,2098.86,2096.34,2098.11,421.0269
2026-05-24 19:45:00,2098.12,2101.69,2097.84,2100.87,495.7435
2026-05-24 20:00:00,2100.87,2102.11,2093.79,2095.37,1921.3038
2026-05-24 20:15:00,2095.36,2096.88,2091.51,2094.8,1177.246
2026-05-24 20:30:00,2094.81,2096.53,2093.4,2095.26,1891.6826
2026-05-24 20:45:00,2095.26,2096.77,2091.6,2093.15,2074.2087
2026-05-24 21:00:00,2093.15,2098.63,2092.82,2098.63,838.9526
2026-05-24 21:15:00,2098.62,2098.63,2086.74,2088.92,2276.1454
2026-05-24 21:30:00,2088.91,2090.6,2067.08,2069.48,9758.6364
2026-05-24 21:45:00,2069.49,2075.0,2063.0,2070.59,6133.3288
2026-05-24 22:00:00,2070.59,2099.47,2070.56,2097.99,8354.9778
2026-05-24 22:15:00,2097.98,2099.08,2093.34,2095.63,1621.7612
2026-05-24 22:30:00,2095.63,2099.49,2086.77,2091.38,2915.3153
2026-05-24 22:45:00,2091.38,2098.2,2091.19,2092.37,2174.027
2026-05-24 23:00:00,2092.38,2097.13,2092.38,2094.93,1513.292
2026-05-24 23:15:00,2094.92,2096.67,2091.67,2093.06,1091.2294
2026-05-24 23:30:00,2093.07,2107.0,2093.07,2105.93,3966.866
2026-05-24 23:45:00,2105.93,2106.0,2099.6,2099.85,1923.7014
2026-05-25 00:00:00,2099.86,2107.93,2099.7,2105.0,2113.964
2026-05-25 00:15:00,2104.99,2107.15,2103.09,2106.24,1100.8068
2026-05-25 00:30:00,2106.24,2109.0,2104.15,2104.87,980.1625
2026-05-25 00:45:00,2104.88,2109.4,2103.12,2104.95,1228.377
2026-05-25 01:00:00,2104.96,2106.49,2102.15,2106.39,1086.5241
2026-05-25 01:15:00,2106.39,2107.99,2104.59,2105.89,697.6921
2026-05-25 01:30:00,2105.89,2106.6,2102.16,2102.43,747.8878
2026-05-25 01:45:00,2102.43,2103.77,2093.22,2094.13,1462.447
2026-05-25 02:00:00,2094.13,2113.25,2094.13,2108.12,4825.111
2026-05-25 02:15:00,2108.12,2108.12,2096.72,2100.26,2512.236
2026-05-25 02:30:00,2100.26,2101.81,2096.43,2099.17,1495.2169
2026-05-25 02:45:00,2099.17,2099.94,2097.02,2098.35,793.18
2026-05-25 03:00:00,2098.35,2100.0,2094.76,2096.02,1670.5365
2026-05-25 03:15:00,2096.03,2097.53,2094.56,2095.59,1241.3822
2026-05-25 03:30:00,2095.6,2097.34,2092.57,2096.75,1045.898
2026-05-25 03:45:00,2096.76,2097.18,2093.76,2095.58,1129.6861
2026-05-25 04:00:00,2095.59,2097.03,2093.23,2094.15,1226.9533
2026-05-25 04:15:00,2094.15,2098.57,2092.26,2098.56,1043.0412
2026-05-25 04:30:00,2098.57,2103.14,2097.71,2103.12,2283.0194
2026-05-25 04:45:00,2103.13,2108.14,2102.25,2105.83,2319.5583
2026-05-25 05:00:00,2105.83,2111.0,2104.39,2109.91,3037.5056
2026-05-25 05:15:00,2109.9,2111.7,2108.32,2109.18,1581.8374
2026-05-25 05:30:00,2109.18,2110.98,2108.14,2110.3,1142.6728
2026-05-25 05:45:00,2110.3,2110.46,2107.77,2108.22,919.7365
2026-05-25 06:00:00,2108.21,2111.42,2102.88,2103.02,2887.2131
2026-05-25 06:15:00,2103.02,2103.64,2099.27,2101.27,4225.1677
2026-05-25 06:30:00,2101.27,2108.0,2101.19,2106.57,3863.6875
2026-05-25 06:45:00,2106.56,2109.67,2105.9,2108.99,2318.3213
2026-05-25 07:00:00,2109.0,2117.55,2109.0,2111.89,5810.391
2026-05-25 07:15:00,2111.9,2114.27,2106.5,2107.67,2302.2744
2026-05-25 07:30:00,2107.66,2111.45,2106.61,2110.05,4198.5097
2026-05-25 07:45:00,2110.04,2116.5,2109.75,2116.28,2840.4413
2026-05-25 08:00:00,2116.29,2116.29,2111.86,2112.24,1396.007
2026-05-25 08:15:00,2112.24,2113.43,2111.7,2112.52,927.8884
2026-05-25 08:30:00,2112.53,2115.69,2112.53,2115.14,1094.3091
2026-05-25 08:45:00,2115.13,2117.79,2114.06,2116.82,1087.6291
2026-05-25 09:00:00,2116.83,2121.88,2116.17,2118.66,2225.2507
2026-05-25 09:15:00,2118.66,2119.81,2117.5,2119.53,1107.3305
2026-05-25 09:30:00,2119.54,2124.1,2118.08,2118.54,2342.4155
2026-05-25 09:45:00,2118.53,2120.82,2117.02,2117.02,1211.8474
2026-05-25 10:00:00,2117.03,2119.15,2115.74,2118.86,1030.3534
2026-05-25 10:15:00,2118.86,2121.23,2115.48,2117.18,1291.9179
2026-05-25 10:30:00,2117.18,2118.05,2115.62,2116.2,588.2393
2026-05-25 10:45:00,2116.21,2117.64,2114.86,2117.03,807.5413
2026-05-25 11:00:00,2117.02,2117.13,2115.0,2115.9,875.3946
2026-05-25 11:15:00,2115.91,2116.45,2115.08,2115.92,691.3974
2026-05-25 11:30:00,2115.92,2120.3,2115.65,2118.94,2591.5407
2026-05-25 11:45:00,2118.94,2120.29,2114.26,2114.95,2397.9693
2026-05-25 12:00:00,2114.95,2115.16,2112.25,2115.12,1633.0555
2026-05-25 12:15:00,2115.12,2118.37,2113.84,2117.9,1539.8826
2026-05-25 12:30:00,2117.9,2118.82,2116.28,2117.52,848.2284
2026-05-25 12:45:00,2117.53,2119.61,2114.52,2117.34,1431.6922
2026-05-25 13:00:00,2117.35,2120.0,2114.75,2115.97,1308.6553
2026-05-25 13:15:00,2115.97,2117.06,2114.27,2115.11,921.3875
2026-05-25 13:30:00,2115.12,2116.82,2115.12,2116.8,852.0577
2026-05-25 13:45:00,2116.81,2117.07,2115.27,2116.28,937.0253
2026-05-25 14:00:00,2116.28,2122.67,2115.77,2119.83,2240.9171
2026-05-25 14:15:00,2119.84,2127.77,2118.87,2127.77,3707.0537
2026-05-25 14:30:00,2127.76,2127.77,2122.65,2124.55,1541.8561
2026-05-25 14:45:00,2124.55,2130.24,2124.54,2128.34,2251.7727
2026-05-25 15:00:00,2128.35,2138.28,2127.77,2130.27,4734.5344
2026-05-25 15:15:00,2130.28,2131.71,2124.45,2125.04,2046.7302
2026-05-25 15:30:00,2125.04,2127.59,2122.9,2125.47,1469.7432
2026-05-25 15:45:00,2125.48,2128.72,2123.0,2127.12,2223.3936
2026-05-25 16:00:00,2127.13,2127.85,2125.14,2125.14,1001.9684
2026-05-25 16:15:00,2125.15,2128.37,2125.14,2127.49,1248.8353
2026-05-25 16:30:00,2127.49,2130.49,2126.65,2130.0,1509.3823
2026-05-25 16:45:00,2129.99,2141.98,2129.37,2136.4,3992.8339
2026-05-25 17:00:00,2136.4,2140.52,2134.46,2134.51,2718.6451
2026-05-25 17:15:00,2134.52,2135.29,2131.47,2135.28,1240.7834
2026-05-25 17:30:00,2135.28,2136.0,2131.51,2132.31,805.7823
2026-05-25 17:45:00,2132.31,2132.31,2128.24,2128.55,987.5008
2026-05-25 18:00:00,2128.54,2133.81,2128.24,2131.87,1084.2521
2026-05-25 18:15:00,2131.87,2132.28,2129.87,2131.89,609.7977
2026-05-25 18:30:00,2131.89,2131.89,2127.28,2128.38,824.4535
2026-05-25 18:45:00,2128.38,2128.89,2126.64,2126.85,997.5036
2026-05-25 19:00:00,2126.86,2126.86,2122.1,2125.33,1841.9546
2026-05-25 19:15:00,2125.33,2125.59,2123.37,2125.42,996.0823
2026-05-25 19:30:00,2125.43,2125.65,2116.55,2119.97,2654.9565
2026-05-25 19:45:00,2119.97,2121.76,2119.79,2121.43,991.7325
2026-05-25 20:00:00,2121.42,2123.16,2120.54,2121.33,586.479
2026-05-25 20:15:00,2121.33,2122.38,2118.77,2118.78,815.182
2026-05-25 20:30:00,2118.78,2119.72,2110.42,2112.68,3537.049
2026-05-25 20:45:00,2112.68,2115.85,2107.38,2108.64,3846.1201
2026-05-25 21:00:00,2108.64,2113.04,2108.0,2111.36,2302.483
2026-05-25 21:15:00,2111.36,2111.93,2108.6,2111.91,1560.155
2026-05-25 21:30:00,2111.92,2112.38,2108.61,2109.37,1176.7523
2026-05-25 21:45:00,2109.37,2111.84,2108.71,2110.9,884.3381
2026-05-25 22:00:00,2110.9,2115.68,2107.9,2113.8,1834.766
2026-05-25 22:15:00,2113.79,2115.2,2109.91,2110.85,1634.24
2026-05-25 22:30:00,2110.85,2110.85,2102.35,2106.95,3526.3317
2026-05-25 22:45:00,2106.94,2109.13,2103.59,2103.61,954.0606
2026-05-25 23:00:00,2103.6,2109.46,2102.62,2108.88,665.8228
2026-05-25 23:15:00,2108.89,2110.07,2107.85,2108.61,781.8641
2026-05-25 23:30:00,2108.6,2112.85,2108.08,2111.59,623.2664
2026-05-25 23:45:00,2111.59,2113.85,2110.9,2113.01,706.7679
2026-05-26 00:00:00,2113.01,2113.89,2110.28,2110.86,827.4726
2026-05-26 00:15:00,2110.85,2111.93,2106.5,2106.5,1130.4683
2026-05-26 00:30:00,2106.5,2109.0,2094.8,2096.35,4525.6896
2026-05-26 00:45:00,2096.35,2099.78,2084.83,2097.75,6844.0373
2026-05-26 01:00:00,2097.74,2100.5,2090.58,2098.98,2256.7069
2026-05-26 01:15:00,2098.98,2100.3,2094.59,2097.14,1343.812
2026-05-26 01:30:00,2097.14,2097.14,2088.03,2090.83,2955.956
2026-05-26 01:45:00,2090.84,2096.37,2090.65,2094.35,1467.4934
2026-05-26 02:00:00,2094.36,2095.8,2090.03,2093.73,2221.1027
2026-05-26 02:15:00,2093.73,2094.04,2088.82,2089.26,2306.4955
2026-05-26 02:30:00,2089.27,2092.1,2087.49,2087.81,1632.9091
2026-05-26 02:45:00,2087.82,2091.45,2084.79,2088.83,2316.1062
2026-05-26 03:00:00,2088.83,2089.83,2085.3,2085.48,1334.5954
2026-05-26 03:15:00,2085.48,2088.25,2084.52,2088.25,1605.7182
2026-05-26 03:30:00,2088.26,2093.84,2087.58,2092.12,1470.0327
2026-05-26 03:45:00,2092.12,2093.47,2091.08,2093.12,456.5018
2026-05-26 04:00:00,2093.11,2094.88,2089.87,2090.83,974.392
2026-05-26 04:15:00,2090.84,2094.44,2088.82,2093.94,559.8076
2026-05-26 04:30:00,2093.95,2095.69,2093.38,2094.93,624.5311
2026-05-26 04:45:00,2094.93,2096.45,2093.59,2093.67,1490.4243
2026-05-26 05:00:00,2093.68,2095.82,2092.05,2095.17,1430.8354
2026-05-26 05:15:00,2095.16,2099.31,2095.16,2098.69,1401.2764
2026-05-26 05:30:00,2098.68,2103.65,2098.25,2102.67,1992.551
2026-05-26 05:45:00,2102.67,2102.67,2098.31,2100.91,1104.4028
2026-05-26 06:00:00,2100.9,2101.34,2098.19,2100.19,732.8134
2026-05-26 06:15:00,2100.19,2100.55,2094.78,2096.98,1495.6875
2026-05-26 06:30:00,2096.99,2104.65,2096.99,2102.7,1267.404
2026-05-26 06:45:00,2102.7,2103.13,2101.26,2101.73,915.041
2026-05-26 07:00:00,2101.73,2102.63,2093.47,2094.07,988.8348
2026-05-26 07:15:00,2094.08,2097.71,2090.65,2097.31,2440.5224
2026-05-26 07:30:00,2097.31,2097.7,2093.11,2095.83,2585.9012
2026-05-26 07:45:00,2095.84,2101.35,2093.61,2095.61,2933.5357
2026-05-26 08:00:00,2095.61,2099.63,2095.13,2098.62,965.6827
2026-05-26 08:15:00,2098.62,2100.14,2097.23,2098.62,1480.3867
2026-05-26 08:30:00,2098.61,2100.14,2096.4,2099.48,1047.4024
2026-05-26 08:45:00,2099.47,2099.49,2095.6,2097.25,1045.0406
2026-05-26 09:00:00,2097.26,2097.94,2095.13,2095.53,1609.1874
2026-05-26 09:15:00,2095.53,2099.62,2094.1,2097.84,1903.9905
2026-05-26 09:30:00,2097.85,2099.13,2095.54,2096.73,1238.6085
2026-05-26 09:45:00,2096.72,2097.8,2095.11,2096.81,684.5544
2026-05-26 10:00:00,2096.8,2100.63,2094.23,2099.95,949.7578
2026-05-26 10:15:00,2099.95,2122.68,2099.95,2121.3,6033.6155
2026-05-26 10:30:00,2121.29,2137.29,2121.15,2134.29,10721.0545
2026-05-26 10:45:00,2134.29,2135.54,2127.0,2127.56,5069.977
2026-05-26 11:00:00,2127.57,2130.6,2125.91,2126.2,2647.527
2026-05-26 11:15:00,2126.19,2126.19,2118.84,2120.09,5726.2995
2026-05-26 11:30:00,2120.09,2123.64,2118.6,2121.68,2293.93
2026-05-26 11:45:00,2121.68,2123.06,2120.85,2121.01,1171.5661
2026-05-26 12:00:00,2121.0,2123.0,2111.01,2117.75,7274.2064
2026-05-26 12:15:00,2117.74,2119.3,2113.22,2116.62,2183.4894
2026-05-26 12:30:00,2116.62,2120.86,2115.61,2119.34,1871.2641
2026-05-26 12:45:00,2119.35,2126.93,2119.32,2126.2,2863.1664
2026-05-26 13:00:00,2126.2,2126.44,2122.08,2123.02,1221.1409
2026-05-26 13:15:00,2123.02,2123.11,2115.46,2115.84,2785.036
2026-05-26 13:30:00,2115.84,2120.71,2109.62,2117.76,4546.3516
2026-05-26 13:45:00,2117.76,2131.5,2117.76,2125.3,5532.3476
2026-05-26 14:00:00,2125.3,2131.57,2123.98,2131.56,3427.3027
2026-05-26 14:15:00,2131.55,2140.49,2129.51,2138.03,9428.5378
2026-05-26 14:30:00,2138.03,2138.95,2105.85,2111.63,13920.9178
2026-05-26 14:45:00,2111.66,2118.57,2107.15,2109.29,6431.8978
2026-05-26 15:00:00,2109.3,2112.2,2099.01,2110.89,7377.0135
2026-05-26 15:15:00,2110.9,2111.5,2095.05,2098.8,5960.8836
2026-05-26 15:30:00,2098.81,2099.62,2086.47,2092.05,11504.5755
2026-05-26 15:45:00,2092.05,2092.05,2078.75,2087.36,7356.7808
2026-05-26 16:00:00,2087.36,2089.97,2073.48,2078.8,7468.8586
2026-05-26 16:15:00,2078.81,2085.29,2078.19,2082.48,4549.353
2026-05-26 16:30:00,2082.47,2085.02,2076.04,2080.06,7124.7656
2026-05-26 16:45:00,2080.06,2082.13,2074.35,2079.56,3163.9306
2026-05-26 17:00:00,2079.56,2083.84,2077.61,2079.87,2323.0561
2026-05-26 17:15:00,2079.87,2079.92,2064.33,2064.51,6889.8933
2026-05-26 17:30:00,2064.5,2067.33,2055.06,2066.24,8929.8731
2026-05-26 17:45:00,2066.24,2073.95,2065.52,2070.84,5217.6893
2026-05-26 18:00:00,2070.84,2077.44,2068.6,2075.6,4056.329
2026-05-26 18:15:00,2075.6,2081.21,2075.12,2075.9,3034.2419
2026-05-26 18:30:00,2075.9,2076.52,2067.52,2067.65,3856.6408
2026-05-26 18:45:00,2067.66,2072.16,2066.8,2068.59,1840.9254
2026-05-26 19:00:00,2068.6,2070.54,2067.09,2067.41,1595.9974
2026-05-26 19:15:00,2067.41,2072.1,2065.72,2071.1,1906.8879
2026-05-26 19:30:00,2071.1,2076.24,2071.1,2075.49,1914.0854
2026-05-26 19:45:00,2075.5,2076.85,2073.71,2074.29,2037.0003
2026-05-26 20:00:00,2074.3,2076.97,2074.21,2076.24,1049.4046
2026-05-26 20:15:00,2076.24,2078.0,2074.0,2077.72,1816.4209
2026-05-26 20:30:00,2077.72,2078.48,2073.9,2076.43,1262.3342
2026-05-26 20:45:00,2076.42,2078.51,2076.15,2078.35,774.7958
2026-05-26 21:00:00,2078.35,2078.52,2069.45,2071.44,1419.64
2026-05-26 21:15:00,2071.45,2075.67,2071.01,2075.59,1139.7325
2026-05-26 21:30:00,2075.6,2078.78,2074.53,2077.21,1334.2222
2026-05-26 21:45:00,2077.22,2078.63,2071.32,2072.85,1676.9002
2026-05-26 22:00:00,2072.85,2076.52,2069.43,2071.92,1963.2927
2026-05-26 22:15:00,2071.92,2072.32,2069.9,2070.34,1330.2138
2026-05-26 22:30:00,2070.33,2071.81,2067.9,2068.3,1163.3333
2026-05-26 22:45:00,2068.3,2069.65,2065.98,2068.79,1054.7091
2026-05-26 23:00:00,2068.79,2074.33,2068.79,2073.66,1832.3367
2026-05-26 23:15:00,2073.65,2074.16,2072.21,2073.55,775.752
2026-05-26 23:30:00,2073.55,2076.85,2073.55,2075.98,1567.9953
2026-05-26 23:45:00,2075.98,2076.75,2073.0,2073.77,576.1478
2026-05-27 00:00:00,2073.77,2080.42,2073.77,2078.85,1861.5953
2026-05-27 00:15:00,2078.85,2078.86,2074.27,2077.79,1082.3689
2026-05-27 00:30:00,2077.79,2082.5,2076.74,2079.46,1727.0889
2026-05-27 00:45:00,2079.45,2084.23,2079.45,2083.36,1614.9061
2026-05-27 01:00:00,2083.35,2083.93,2080.0,2081.39,931.0579
2026-05-27 01:15:00,2081.4,2081.4,2072.73,2074.65,1810.4978
2026-05-27 01:30:00,2074.66,2076.13,2071.86,2073.67,1293.0304
2026-05-27 01:45:00,2073.68,2077.19,2073.46,2074.53,1093.703
2026-05-27 02:00:00,2074.53,2075.59,2071.33,2074.19,1123.2689
2026-05-27 02:15:00,2074.19,2075.02,2069.11,2071.64,1552.3434
2026-05-27 02:30:00,2071.64,2074.29,2069.23,2070.16,1139.5133
2026-05-27 02:45:00,2070.17,2076.26,2070.17,2076.26,1070.592
2026-05-27 03:00:00,2076.25,2080.0,2075.41,2077.14,1455.1293
2026-05-27 03:15:00,2077.14,2077.98,2075.23,2077.07,1071.4978
2026-05-27 03:30:00,2077.06,2078.05,2073.06,2073.43,959.7956
2026-05-27 03:45:00,2073.44,2073.68,2068.9,2070.0,2200.6178
2026-05-27 04:00:00,2070.01,2071.16,2068.45,2068.46,1849.6664
2026-05-27 04:15:00,2068.45,2068.87,2063.0,2064.85,1796.6423
2026-05-27 04:30:00,2064.84,2065.33,2056.31,2063.44,4070.4369
2026-05-27 04:45:00,2063.44,2073.08,2063.44,2072.21,1872.7515
2026-05-27 05:00:00,2072.21,2073.77,2071.9,2073.0,1192.1267
2026-05-27 05:15:00,2072.99,2077.45,2071.62,2075.87,1293.5799
2026-05-27 05:30:00,2075.87,2077.51,2073.19,2074.57,1787.075
2026-05-27 05:45:00,2074.57,2079.2,2074.01,2077.37,2485.7849
2026-05-27 06:00:00,2077.38,2079.46,2075.75,2076.12,1841.7434
2026-05-27 06:15:00,2076.11,2078.19,2075.01,2077.8,770.2699
2026-05-27 06:30:00,2077.8,2080.98,2077.76,2080.66,1479.7429
2026-05-27 06:45:00,2080.67,2081.46,2077.55,2079.62,1116.44
2026-05-27 07:00:00,2079.62,2080.65,2076.07,2077.41,1314.0638
2026-05-27 07:15:00,2077.42,2080.0,2076.44,2080.0,1263.3851
2026-05-27 07:30:00,2080.0,2082.64,2078.34,2079.75,1380.2542
2026-05-27 07:45:00,2079.75,2084.16,2079.75,2083.78,1681.7288
2026-05-27 08:00:00,2083.77,2087.47,2083.56,2085.95,2481.5736
2026-05-27 08:15:00,2085.95,2096.71,2083.91,2093.89,3067.8407
2026-05-27 08:30:00,2093.89,2094.37,2091.58,2092.82,2465.7064
2026-05-27 08:45:00,2092.82,2093.0,2083.98,2085.05,2805.7747
2026-05-27 09:00:00,2085.06,2085.43,2079.24,2080.71,2338.8579
2026-05-27 09:15:00,2080.72,2084.1,2078.26,2081.36,1532.6183
2026-05-27 09:30:00,2081.36,2087.78,2080.77,2086.27,1364.5556
2026-05-27 09:45:00,2086.28,2086.89,2082.07,2083.36,1489.0297
2026-05-27 10:00:00,2083.36,2086.71,2081.16,2086.52,1464.5914
2026-05-27 10:15:00,2086.53,2087.9,2084.84,2085.52,1758.9234
2026-05-27 10:30:00,2085.52,2086.55,2081.16,2081.48,1345.036
2026-05-27 10:45:00,2081.49,2082.04,2079.47,2079.5,1167.599
2026-05-27 11:00:00,2079.51,2084.51,2078.88,2082.21,1101.2495
2026-05-27 11:15:00,2082.22,2085.29,2081.59,2083.14,1720.3417
2026-05-27 11:30:00,2083.14,2085.0,2078.88,2082.34,1423.3517
2026-05-27 11:45:00,2082.34,2082.34,2079.6,2080.55,1219.5062
2026-05-27 12:00:00,2080.56,2080.8,2073.84,2076.42,2564.8254
2026-05-27 12:15:00,2076.42,2097.4,2075.34,2084.96,9081.3953
2026-05-27 12:30:00,2084.96,2088.2,2083.38,2085.08,2732.5539
2026-05-27 12:45:00,2085.08,2085.08,2078.51,2078.76,2071.4413
2026-05-27 13:00:00,2078.76,2080.64,2072.15,2075.04,2638.2862
2026-05-27 13:15:00,2075.04,2075.78,2068.01,2068.75,3598.3983
2026-05-27 13:30:00,2068.74,2072.25,2051.96,2053.35,17701.2088
2026-05-27 13:45:00,2053.35,2065.35,2053.35,2064.53,6511.6787
2026-05-27 14:00:00,2064.52,2071.86,2060.97,2062.23,4366.8938
2026-05-27 14:15:00,2062.24,2067.99,2054.99,2057.34,3623.8472
2026-05-27 14:30:00,2057.33,2063.31,2054.84,2060.04,4365.674
2026-05-27 14:45:00,2060.03,2064.1,2059.64,2062.62,2413.4008
2026-05-27 15:00:00,2062.62,2068.86,2061.21,2066.81,3221.4868
2026-05-27 15:15:00,2066.8,2076.51,2066.41,2073.08,4555.9028
2026-05-27 15:30:00,2073.08,2079.73,2068.8,2070.21,4719.7157
2026-05-27 15:45:00,2070.21,2076.38,2067.98,2071.38,4855.4077
2026-05-27 16:00:00,2071.39,2074.5,2067.65,2071.02,2827.6662
2026-05-27 16:15:00,2071.02,2071.02,2062.26,2065.4,2964.8218
2026-05-27 16:30:00,2065.39,2067.05,2060.0,2065.67,1987.3268
2026-05-27 16:45:00,2065.67,2071.1,2064.54,2070.15,1952.8725
2026-05-27 17:00:00,2070.14,2070.3,2055.0,2056.99,3628.7645
2026-05-27 17:15:00,2057.0,2061.95,2054.38,2058.83,4307.2066
2026-05-27 17:30:00,2058.82,2059.64,2052.44,2054.66,3342.71
2026-05-27 17:45:00,2054.65,2058.04,2044.08,2052.28,7172.4219
2026-05-27 18:00:00,2052.27,2054.09,2043.31,2046.43,3921.5431
2026-05-27 18:15:00,2046.44,2052.83,2045.0,2052.22,2659.8166
2026-05-27 18:30:00,2052.21,2055.52,2050.01,2054.46,1874.8484
2026-05-27 18:45:00,2054.47,2056.92,2053.81,2056.71,1230.963
2026-05-27 19:00:00,2056.72,2058.66,2054.69,2058.24,1787.6563
2026-05-27 19:15:00,2058.24,2060.43,2055.62,2058.09,1767.5277
2026-05-27 19:30:00,2058.09,2061.16,2056.03,2056.99,2107.5324
2026-05-27 19:45:00,2057.0,2058.47,2054.42,2057.47,1861.7893
2026-05-27 20:00:00,2057.47,2063.51,2057.22,2063.41,2908.533
2026-05-27 20:15:00,2063.42,2066.14,2059.49,2060.87,1964.4202
2026-05-27 20:30:00,2060.88,2062.26,2058.67,2062.26,1039.6531
2026-05-27 20:45:00,2062.26,2064.5,2062.26,2063.29,936.2033
2026-05-27 21:00:00,2063.3,2063.3,2058.65,2059.27,1373.3262
2026-05-27 21:15:00,2059.27,2060.37,2056.35,2056.35,957.9053
2026-05-27 21:30:00,2056.35,2056.35,2024.5,2032.92,10647.8261
2026-05-27 21:45:00,2032.92,2034.59,2016.0,2021.04,14285.0392
2026-05-27 22:00:00,2021.04,2035.0,2016.27,2025.11,8481.9042
2026-05-27 22:15:00,2025.11,2030.63,2020.0,2029.04,4525.2972
2026-05-27 22:30:00,2029.04,2033.06,2025.6,2030.17,3299.4975
2026-05-27 22:45:00,2030.17,2031.07,2025.05,2025.34,2124.9251
2026-05-27 23:00:00,2025.34,2027.08,2023.17,2026.67,2778.1342
2026-05-27 23:15:00,2026.67,2030.19,2018.17,2019.34,5054.1946
2026-05-27 23:30:00,2019.34,2024.11,2019.0,2022.76,2371.9884
2026-05-27 23:45:00,2022.76,2026.14,2020.62,2024.84,2867.472
2026-05-28 00:00:00,2024.83,2026.62,2021.63,2021.93,2230.2582
2026-05-28 00:15:00,2021.94,2027.99,2020.7,2024.59,2506.7666
2026-05-28 00:30:00,2024.6,2027.92,2023.89,2027.68,1341.9124
2026-05-28 00:45:00,2027.68,2029.2,2024.36,2028.23,1181.2002
2026-05-28 01:00:00,2028.23,2029.2,2024.65,2026.67,1007.1551
2026-05-28 01:15:00,2026.67,2028.01,2012.7,2017.13,5409.7397
2026-05-28 01:30:00,2017.12,2022.65,2013.8,2019.48,3654.4114
2026-05-28 01:45:00,2019.48,2023.59,2018.63,2020.32,1581.217
2026-05-28 02:00:00,2020.32,2021.99,2016.21,2021.08,1861.2152
2026-05-28 02:15:00,2021.08,2021.85,2016.0,2017.73,1699.6269
2026-05-28 02:30:00,2017.73,2019.96,2014.77,2018.01,1964.7715
2026-05-28 02:45:00,2018.01,2020.43,2017.0,2017.75,829.3975
2026-05-28 03:00:00,2017.75,2020.96,2010.37,2013.96,2764.8302
2026-05-28 03:15:00,2013.96,2014.66,1972.0,1988.6,39177.9041
2026-05-28 03:30:00,1988.59,1993.2,1983.26,1984.68,10786.3973
2026-05-28 03:45:00,1984.68,1989.08,1977.47,1981.55,12610.774
2026-05-28 04:00:00,1981.55,1986.39,1967.0,1979.22,16888.4407
2026-05-28 04:15:00,1979.22,1980.79,1973.93,1980.39,5866.2053
2026-05-28 04:30:00,1980.39,1985.38,1979.33,1982.68,3754.2847
2026-05-28 04:45:00,1982.68,1982.68,1979.03,1982.33,2578.0412
2026-05-28 05:00:00,1982.33,1983.55,1979.06,1980.0,3464.9796
2026-05-28 05:15:00,1980.01,1980.47,1975.78,1975.92,4766.4534
2026-05-28 05:30:00,1975.92,1980.88,1975.66,1980.09,4187.6965
2026-05-28 05:45:00,1980.1,1980.83,1975.72,1978.52,2710.1378
2026-05-28 06:00:00,1978.52,1980.0,1977.5,1979.28,2562.3248
2026-05-28 06:15:00,1979.27,1981.0,1976.0,1977.87,2442.9669
2026-05-28 06:30:00,1977.87,1978.27,1972.5,1976.44,4824.8054
2026-05-28 06:45:00,1976.44,1984.83,1976.43,1984.07,3500.3387
2026-05-28 07:00:00,1984.07,1987.23,1982.41,1987.11,2430.5235
2026-05-28 07:15:00,1987.11,1991.61,1986.97,1989.23,3244.5754
2026-05-28 07:30:00,1989.23,1996.78,1989.23,1995.6,5858.2604
2026-05-28 07:45:00,1995.61,1995.87,1992.51,1995.56,5680.3956
2026-05-28 08:00:00,1995.56,1996.23,1990.38,1993.02,4165.4757
2026-05-28 08:15:00,1993.02,1993.02,1985.48,1986.91,3025.5479
2026-05-28 08:30:00,1986.91,1991.06,1985.0,1989.25,1998.7983
2026-05-28 08:45:00,1989.25,1991.68,1987.26,1988.26,1612.6505
2026-05-28 09:00:00,1988.27,1991.19,1984.85,1987.97,1886.4211
2026-05-28 09:15:00,1987.96,1991.36,1987.79,1991.18,1236.1051
2026-05-28 09:30:00,1991.17,1993.77,1989.74,1993.61,2492.4733
2026-05-28 09:45:00,1993.61,1995.51,1993.23,1994.04,1567.5256
2026-05-28 10:00:00,1994.04,1998.4,1993.9,1995.74,2361.5125
2026-05-28 10:15:00,1995.74,1996.37,1990.11,1992.85,2657.8579
2026-05-28 10:30:00,1992.86,1995.24,1992.16,1994.1,792.7126
2026-05-28 10:45:00,1994.11,1995.22,1988.71,1990.32,2572.374
2026-05-28 11:00:00,1990.32,1992.72,1988.11,1990.95,2697.9345
2026-05-28 11:15:00,1990.96,1991.95,1987.14,1987.89,2117.2837
2026-05-28 11:30:00,1987.88,1990.89,1986.53,1990.88,931.0034
2026-05-28 11:45:00,1990.89,1991.05,1987.72,1989.89,838.2668
2026-05-28 12:00:00,1989.88,1990.86,1986.53,1986.8,1270.5195
2026-05-28 12:15:00,1986.79,1987.66,1981.57,1985.89,2540.5102
2026-05-28 12:30:00,1985.89,1993.35,1985.89,1991.19,2717.1796
2026-05-28 12:45:00,1991.19,1994.58,1990.75,1991.89,1742.3219
2026-05-28 13:00:00,1991.88,1995.0,1986.56,1986.91,2531.347
2026-05-28 13:15:00,1986.9,1988.5,1979.31,1986.84,3979.6576
2026-05-28 13:30:00,1986.84,1987.23,1975.35,1976.23,6851.8328
2026-05-28 13:45:00,1976.24,1985.5,1976.24,1981.55,6373.5366
2026-05-28 14:00:00,1981.55,1994.51,1967.38,1993.72,13924.3478
2026-05-28 14:15:00,1993.71,2002.5,1986.86,1989.71,10295.4214
2026-05-28 14:30:00,1989.71,1992.65,1981.35,1984.36,6207.9438
2026-05-28 14:45:00,1984.36,1994.1,1981.97,1993.62,4922.8075
2026-05-28 15:00:00,1993.61,1999.4,1988.92,1989.29,4378.2834
2026-05-28 15:15:00,1989.28,1992.95,1983.84,1992.81,3030.0897
2026-05-28 15:30:00,1992.81,1993.1,1987.5,1992.54,2469.7017
2026-05-28 15:45:00,1992.53,1995.8,1989.0,1990.65,2752.6859
2026-05-28 16:00:00,1990.65,1998.0,1985.22,1995.87,4723.7368
2026-05-28 16:15:00,1995.86,2004.81,1993.7,1998.8,5420.2917
2026-05-28 16:30:00,1998.8,2007.11,1998.8,2007.11,4893.2547
2026-05-28 16:45:00,2007.11,2015.0,2005.92,2013.19,6713.5115
2026-05-28 17:00:00,2013.18,2016.41,2009.26,2015.59,3202.52
2026-05-28 17:15:00,2015.59,2016.97,2012.03,2014.62,3654.8827
2026-05-28 17:30:00,2014.61,2021.98,2013.89,2017.98,3641.4673
2026-05-28 17:45:00,2017.97,2027.14,2017.97,2019.51,4667.2517
2026-05-28 18:00:00,2019.51,2027.3,2018.24,2023.97,4919.777
2026-05-28 18:15:00,2023.97,2026.7,2020.16,2021.78,2536.722
2026-05-28 18:30:00,2021.77,2024.98,2021.77,2023.81,1948.9053
2026-05-28 18:45:00,2023.8,2030.0,2023.25,2025.0,2771.3854
2026-05-28 19:00:00,2025.0,2025.01,2018.11,2020.13,2915.8646
2026-05-28 19:15:00,2020.13,2023.44,2018.32,2023.32,1608.8857
2026-05-28 19:30:00,2023.32,2024.35,2018.44,2018.6,1436.4688
2026-05-28 19:45:00,2018.59,2020.6,2014.04,2014.55,2243.4522
2026-05-28 20:00:00,2014.54,2016.5,2006.44,2013.29,4427.5939
2026-05-28 20:15:00,2013.28,2020.03,2012.68,2019.74,1711.8152
2026-05-28 20:30:00,2019.74,2020.03,2016.04,2019.26,1596.953
2026-05-28 20:45:00,2019.26,2019.26,2013.42,2014.11,1045.8349
2026-05-28 21:00:00,2014.12,2021.45,2013.42,2020.22,1830.7016
2026-05-28 21:15:00,2020.22,2023.58,2019.55,2021.22,5045.6101
2026-05-28 21:30:00,2021.21,2024.63,2020.84,2023.51,2313.3949
2026-05-28 21:45:00,2023.5,2023.59,2020.0,2020.17,1616.5593
2026-05-28 22:00:00,2020.17,2022.9,2015.41,2016.19,1800.7499
2026-05-28 22:15:00,2016.19,2016.2,2011.8,2011.8,1359.1892
2026-05-28 22:30:00,2011.8,2011.98,2005.49,2006.24,1658.2913
2026-05-28 22:45:00,2006.23,2010.39,2005.43,2005.6,2126.4395
2026-05-28 23:00:00,2005.6,2008.59,2005.6,2008.45,1358.2747
2026-05-28 23:15:00,2008.46,2011.22,2006.62,2010.71,1264.7524
2026-05-28 23:30:00,2010.71,2011.96,2007.47,2009.02,1269.301
2026-05-28 23:45:00,2009.01,2010.57,2006.45,2009.9,1800.9463
2026-05-29 00:00:00,2009.89,2016.73,2009.89,2015.06,1952.1779
2026-05-29 00:15:00,2015.05,2016.88,2012.79,2014.79,2226.9059
2026-05-29 00:30:00,2014.78,2017.17,2013.03,2016.8,1066.1259
2026-05-29 00:45:00,2016.79,2016.8,2011.47,2012.46,1035.0874
2026-05-29 01:00:00,2012.45,2016.47,2012.45,2013.4,1126.3184
2026-05-29 01:15:00,2013.39,2014.78,2007.25,2007.87,1395.456
2026-05-29 01:30:00,2007.87,2008.94,2006.14,2008.6,1163.4347
2026-05-29 01:45:00,2008.6,2010.77,2005.9,2008.23,1300.8402
2026-05-29 02:00:00,2008.23,2010.62,2006.92,2009.51,1582.1377
2026-05-29 02:15:00,2009.52,2010.21,2001.07,2001.56,2496.5574
2026-05-29 02:30:00,2001.56,2006.07,1999.87,2000.67,2653.2717
2026-05-29 02:45:00,2000.67,2002.72,1997.24,1999.22,2433.0682
2026-05-29 03:00:00,1999.23,2007.86,1999.23,2007.06,1646.7049
2026-05-29 03:15:00,2007.06,2007.07,2003.95,2004.69,668.7027
2026-05-29 03:30:00,2004.69,2005.25,2002.14,2003.45,940.3905
2026-05-29 03:45:00,2003.44,2004.41,2001.2,2002.78,623.3952
2026-05-29 04:00:00,2002.79,2004.85,1998.4,2000.69,2065.399
2026-05-29 04:15:00,2000.7,2004.84,1999.81,2004.72,1304.1357
2026-05-29 04:30:00,2004.72,2007.32,2004.54,2006.08,1043.4187
2026-05-29 04:45:00,2006.08,2008.51,2006.08,2008.51,1242.1413
2026-05-29 05:00:00,2008.51,2015.3,2008.0,2012.45,2692.4858
2026-05-29 05:15:00,2012.45,2013.1,2010.25,2011.31,955.1706
2026-05-29 05:30:00,2011.31,2011.32,2008.25,2009.66,1660.7955
2026-05-29 05:45:00,2009.65,2015.0,2009.31,2014.56,1472.3597
2026-05-29 06:00:00,2014.56,2015.48,2012.17,2015.33,1867.0885
2026-05-29 06:15:00,2015.33,2021.51,2015.33,2015.34,2155.0184
2026-05-29 06:30:00,2015.33,2016.47,2013.92,2014.96,1148.2165
2026-05-29 06:45:00,2014.96,2018.85,2014.67,2018.09,1677.8208
2026-05-29 07:00:00,2018.09,2019.81,2017.07,2019.27,1335.3318
2026-05-29 07:15:00,2019.27,2019.32,2015.23,2016.14,1285.66
2026-05-29 07:30:00,2016.15,2016.15,2003.94,2004.46,6645.2147
2026-05-29 07:45:00,2004.47,2007.93,2003.46,2007.62,5859.6612
2026-05-29 08:00:00,2007.61,2011.9,2007.15,2008.05,1955.2158
2026-05-29 08:15:00,2008.05,2013.91,2007.46,2010.0,3270.8021
2026-05-29 08:30:00,2010.0,2010.63,2008.53,2009.4,5977.5887
2026-05-29 08:45:00,2009.4,2009.7,2005.45,2006.11,989.6236
2026-05-29 09:00:00,2006.11,2013.47,2006.11,2013.28,2043.9069
2026-05-29 09:15:00,2013.29,2015.9,2013.18,2015.77,1487.0809
2026-05-29 09:30:00,2015.76,2016.11,2011.28,2012.89,731.29
2026-05-29 09:45:00,2012.89,2015.0,2011.76,2014.85,1961.8564
2026-05-29 10:00:00,2014.84,2014.85,2013.0,2013.73,1070.0221
2026-05-29 10:15:00,2013.72,2013.73,2011.3,2011.81,1913.7323
2026-05-29 10:30:00,2011.82,2014.18,2009.77,2010.99,914.3132
2026-05-29 10:45:00,2010.99,2012.57,2010.31,2011.1,540.2729
2026-05-29 11:00:00,2011.11,2013.13,2009.41,2012.01,1271.9486
2026-05-29 11:15:00,2012.01,2014.29,2009.5,2010.2,813.9078
2026-05-29 11:30:00,2010.19,2010.77,2005.84,2007.34,1428.3206
2026-05-29 11:45:00,2007.34,2008.15,2002.35,2007.58,2354.1966
2026-05-29 12:00:00,2007.58,2007.58,2000.01,2001.71,2454.6287
2026-05-29 12:15:00,2001.71,2004.35,1999.65,2001.49,1869.5799
2026-05-29 12:30:00,2001.48,2003.16,1995.1,1998.67,3483.6629
2026-05-29 12:45:00,1998.67,2002.26,1995.34,1999.78,1436.1065
2026-05-29 13:00:00,1999.78,1999.78,1994.3,1996.16,1457.6706
2026-05-29 13:15:00,1996.16,1997.29,1993.68,1996.9,1408.8775
2026-05-29 13:30:00,1996.9,2002.89,1988.14,2002.89,8186.7908
2026-05-29 13:45:00,2002.89,2006.16,1997.2,1999.53,3063.9487
2026-05-29 14:00:00,1999.53,2001.89,1992.15,1995.36,4572.996
2026-05-29 14:15:00,1995.37,1996.75,1976.48,1987.26,9302.7639
2026-05-29 14:30:00,1987.27,1993.79,1983.32,1985.8,4533.8145
2026-05-29 14:45:00,1985.79,2004.31,1984.41,2001.84,6983.1352
2026-05-29 15:00:00,2001.85,2022.4,1999.45,2019.93,9488.8807
2026-05-29 15:15:00,2019.94,2026.89,2013.01,2025.23,12110.9732
2026-05-29 15:30:00,2025.24,2046.59,2025.14,2031.33,24559.6948
2026-05-29 15:45:00,2031.33,2034.32,2027.1,2031.62,6154.2261
2026-05-29 16:00:00,2031.62,2040.7,2031.16,2036.95,4650.1961
2026-05-29 16:15:00,2036.95,2037.67,2022.24,2025.18,4917.3355
2026-05-29 16:30:00,2025.18,2043.0,2025.08,2042.21,7615.7259
2026-05-29 16:45:00,2042.2,2042.73,2035.76,2040.45,4462.4862
2026-05-29 17:00:00,2040.46,2043.45,2033.76,2042.48,5082.9365
2026-05-29 17:15:00,2042.49,2044.29,2037.92,2039.86,5282.1461
2026-05-29 17:30:00,2039.86,2041.33,2038.02,2038.35,2418.6709
2026-05-29 17:45:00,2038.36,2038.36,2026.21,2028.27,3581.0696
2026-05-29 18:00:00,2028.28,2031.64,2026.02,2029.82,2044.1972
2026-05-29 18:15:00,2029.83,2030.04,2022.8,2024.26,8510.1028
2026-05-29 18:30:00,2024.26,2027.4,2022.57,2025.27,2720.6089
2026-05-29 18:45:00,2025.27,2025.27,2006.21,2011.41,7157.9551
2026-05-29 19:00:00,2011.41,2016.89,2009.17,2013.0,1874.6021
2026-05-29 19:15:00,2013.01,2013.31,2005.0,2010.83,2340.4968
2026-05-29 19:30:00,2010.83,2022.2,2010.83,2021.01,3375.9813
2026-05-29 19:45:00,2021.01,2021.58,2016.9,2016.96,1325.9056
2026-05-29 20:00:00,2016.96,2020.67,2015.0,2019.11,1309.0991
2026-05-29 20:15:00,2019.1,2023.84,2017.3,2021.01,1682.1142
2026-05-29 20:30:00,2021.01,2022.69,2019.49,2020.91,827.7868
2026-05-29 20:45:00,2020.91,2021.85,2016.24,2018.17,856.638
2026-05-29 21:00:00,2018.17,2023.99,2017.3,2021.69,1265.3613
2026-05-29 21:15:00,2021.7,2021.7,2010.59,2012.22,2277.1663
2026-05-29 21:30:00,2012.22,2015.67,2010.45,2015.38,1384.8229
2026-05-29 21:45:00,2015.38,2016.17,2008.23,2009.4,1870.2829
2026-05-29 22:00:00,2009.41,2011.4,2007.78,2010.06,2291.9673
2026-05-29 22:15:00,2010.05,2017.24,2009.64,2014.94,2167.0505
2026-05-29 22:30:00,2014.95,2016.09,2012.01,2014.15,1352.923
2026-05-29 22:45:00,2014.15,2015.68,2011.18,2013.83,1303.9973
2026-05-29 23:00:00,2013.83,2014.44,2009.85,2010.74,3452.1252
2026-05-29 23:15:00,2010.75,2012.69,2007.73,2009.12,2766.9173
2026-05-29 23:30:00,2009.12,2012.47,2007.0,2012.47,1160.0109
2026-05-29 23:45:00,2012.46,2015.6,2011.29,2014.54,1304.694
2026-05-30 00:00:00,2014.54,2015.97,2011.98,2014.2,904.8359
2026-05-30 00:15:00,2014.19,2016.08,2012.69,2012.79,629.3427
2026-05-30 00:30:00,2012.79,2014.86,2010.69,2013.83,714.7933
2026-05-30 00:45:00,2013.83,2016.18,2013.59,2014.74,879.7564
2026-05-30 01:00:00,2014.75,2018.75,2013.67,2017.6,890.1915
2026-05-30 01:15:00,2017.6,2020.35,2016.5,2020.35,651.4637
2026-05-30 01:30:00,2020.34,2021.55,2017.08,2017.48,2294.5456
2026-05-30 01:45:00,2017.48,2019.7,2017.35,2019.46,886.6614
2026-05-30 02:00:00,2019.46,2021.11,2019.45,2020.02,723.4556
2026-05-30 02:15:00,2020.02,2020.75,2017.12,2017.79,462.5005
2026-05-30 02:30:00,2017.79,2020.61,2017.79,2020.16,686.2582
2026-05-30 02:45:00,2020.15,2021.34,2019.28,2021.34,386.3128
2026-05-30 03:00:00,2021.34,2022.79,2019.0,2022.6,1191.6719
2026-05-30 03:15:00,2022.59,2023.55,2019.91,2019.92,813.7282
2026-05-30 03:30:00,2019.92,2019.92,2014.74,2015.52,1720.6652
2026-05-30 03:45:00,2015.52,2017.48,2015.51,2016.83,809.1085
2026-05-30 04:00:00,2016.83,2018.44,2010.0,2015.2,1561.508
2026-05-30 04:15:00,2015.2,2015.21,2008.45,2009.11,1206.2453
2026-05-30 04:30:00,2009.1,2009.58,2002.0,2007.29,4318.3908
2026-05-30 04:45:00,2007.3,2010.81,2006.04,2010.8,1268.2592
2026-05-30 05:00:00,2010.81,2019.5,2008.02,2014.76,4109.7133
2026-05-30 05:15:00,2014.76,2015.97,2013.26,2013.39,574.6144
2026-05-30 05:30:00,2013.39,2015.66,2013.0,2015.65,527.891
2026-05-30 05:45:00,2015.66,2017.29,2015.25,2015.95,494.6267
2026-05-30 06:00:00,2015.95,2015.95,2012.86,2014.54,343.7847
2026-05-30 06:15:00,2014.53,2017.15,2014.02,2016.92,1246.9878
2026-05-30 06:30:00,2016.92,2020.56,2016.92,2019.26,2446.6175
2026-05-30 06:45:00,2019.26,2019.82,2016.27,2016.98,2054.2575
2026-05-30 07:00:00,2016.99,2017.1,2015.0,2015.93,770.2033
2026-05-30 07:15:00,2015.93,2017.88,2015.12,2017.43,522.6857
2026-05-30 07:30:00,2017.42,2017.58,2013.81,2013.82,694.4622
2026-05-30 07:45:00,2013.82,2016.32,2013.62,2016.32,610.399
2026-05-30 08:00:00,2016.32,2016.32,2014.46,2014.8,247.9322
2026-05-30 08:15:00,2014.8,2016.11,2013.92,2015.16,444.2175
2026-05-30 08:30:00,2015.16,2015.75,2014.24,2014.7,373.5335
2026-05-30 08:45:00,2014.7,2015.39,2014.0,2014.16,351.843
2026-05-30 09:00:00,2014.16,2015.97,2013.92,2015.83,431.1424
2026-05-30 09:15:00,2015.82,2017.05,2014.53,2016.25,401.1125
2026-05-30 09:30:00,2016.25,2016.53,2015.07,2015.9,341.7279
2026-05-30 09:45:00,2015.9,2017.27,2015.9,2016.79,430.4178
2026-05-30 10:00:00,2016.79,2018.0,2016.34,2017.47,589.3492
2026-05-30 10:15:00,2017.47,2022.0,2017.46,2018.94,2908.3658
2026-05-30 10:30:00,2018.94,2020.46,2018.93,2020.31,450.1571
2026-05-30 10:45:00,2020.31,2020.32,2017.45,2017.98,429.5662
2026-05-30 11:00:00,2017.99,2018.03,2016.55,2016.83,438.139
2026-05-30 11:15:00,2016.83,2017.08,2015.19,2016.67,649.9751
2026-05-30 11:30:00,2016.67,2019.05,2016.66,2018.69,380.0765
2026-05-30 11:45:00,2018.7,2018.7,2017.09,2017.4,461.7557
2026-05-30 12:00:00,2017.4,2017.77,2017.14,2017.15,321.6251
2026-05-30 12:15:00,2017.15,2019.71,2017.15,2018.99,759.5477
2026-05-30 12:30:00,2019.0,2019.6,2017.68,2017.9,523.3877
2026-05-30 12:45:00,2017.91,2020.35,2017.14,2019.86,634.6139
2026-05-30 13:00:00,2019.85,2021.49,2019.62,2020.22,689.4853
2026-05-30 13:15:00,2020.22,2022.77,2018.95,2020.62,1131.7885
2026-05-30 13:30:00,2020.63,2020.63,2017.44,2019.81,840.1243
2026-05-30 13:45:00,2019.82,2020.78,2018.88,2020.73,504.9039
2026-05-30 14:00:00,2020.73,2026.02,2020.61,2023.43,1758.6056
2026-05-30 14:15:00,2023.42,2029.2,2022.07,2027.67,3069.0792
2026-05-30 14:30:00,2027.68,2030.62,2027.0,2028.62,4320.8826
2026-05-30 14:45:00,2028.62,2028.62,2025.38,2026.6,892.7909
2026-05-30 15:00:00,2026.59,2032.0,2024.47,2031.03,2307.2765
2026-05-30 15:15:00,2031.03,2031.19,2024.75,2026.74,2113.9901
2026-05-30 15:30:00,2026.75,2027.3,2024.2,2024.75,1038.1678
2026-05-30 15:45:00,2024.75,2027.74,2024.65,2026.61,1839.6973
2026-05-30 16:00:00,2026.63,2028.13,2024.35,2027.52,900.3503
2026-05-30 16:15:00,2027.51,2027.8,2024.96,2025.64,753.8455
2026-05-30 16:30:00,2025.64,2028.33,2025.63,2026.7,1255.2377
2026-05-30 16:45:00,2026.71,2027.26,2025.35,2027.09,492.1873
2026-05-30 17:00:00,2027.09,2027.22,2024.57,2026.19,856.5622
2026-05-30 17:15:00,2026.2,2029.01,2025.51,2026.4,637.3946
2026-05-30 17:30:00,2026.4,2026.4,2019.5,2024.37,3291.6361
2026-05-30 17:45:00,2024.37,2027.52,2024.37,2027.17,1016.1492
2026-05-30 18:00:00,2027.17,2028.32,2026.22,2026.8,1471.0881
2026-05-30 18:15:00,2026.81,2029.32,2024.56,2024.87,848.3169
2026-05-30 18:30:00,2024.87,2029.23,2024.86,2029.23,503.6824
2026-05-30 18:45:00,2029.23,2030.01,2026.51,2027.59,973.3972
2026-05-30 19:00:00,2027.59,2027.59,2025.63,2026.22,641.1197
2026-05-30 19:15:00,2026.22,2027.85,2025.3,2025.3,359.6013
2026-05-30 19:30:00,2025.31,2027.46,2024.54,2027.12,915.4472
2026-05-30 19:45:00,2027.12,2029.12,2027.12,2028.76,754.4057
2026-05-30 20:00:00,2028.77,2029.68,2027.54,2028.59,545.2134
2026-05-30 20:15:00,2028.59,2029.19,2028.0,2028.01,506.571
2026-05-30 20:30:00,2028.0,2028.01,2026.11,2026.52,566.8129
2026-05-30 20:45:00,2026.52,2027.73,2025.7,2027.05,2648.9564
2026-05-30 21:00:00,2027.05,2029.87,2027.05,2029.52,421.6566
2026-05-30 21:15:00,2029.52,2031.0,2028.92,2030.42,933.1148
2026-05-30 21:30:00,2030.41,2031.41,2029.01,2029.58,543.3238
2026-05-30 21:45:00,2029.57,2030.81,2027.85,2028.15,835.2873
2026-05-30 22:00:00,2028.15,2028.15,2021.59,2024.66,1779.1422
2026-05-30 22:15:00,2024.66,2026.4,2023.37,2024.52,653.5594
2026-05-30 22:30:00,2024.52,2024.69,2020.94,2020.94,677.6869
2026-05-30 22:45:00,2020.95,2023.69,2020.94,2023.57,526.629
2026-05-30 23:00:00,2023.56,2026.1,2021.2,2021.24,715.977
2026-05-30 23:15:00,2021.23,2023.23,2020.48,2022.19,510.3973
2026-05-30 23:30:00,2022.19,2022.2,2020.35,2020.53,406.2607
2026-05-30 23:45:00,2020.53,2022.68,2020.53,2022.44,565.3092
2026-05-31 00:00:00,2022.44,2023.83,2020.83,2022.68,780.5596
2026-05-31 00:15:00,2022.67,2027.83,2022.28,2025.21,871.3977
2026-05-31 00:30:00,2025.2,2026.45,2024.15,2024.88,422.9528
2026-05-31 00:45:00,2024.87,2027.3,2023.83,2027.12,473.4129
2026-05-31 01:00:00,2027.11,2029.41,2026.85,2028.69,695.2126
2026-05-31 01:15:00,2028.7,2034.23,2028.7,2030.07,2430.4351
2026-05-31 01:30:00,2030.06,2033.62,2028.79,2029.05,848.464
2026-05-31 01:45:00,2029.05,2031.68,2028.6,2029.11,422.3228
2026-05-31 02:00:00,2029.11,2033.18,2029.1,2033.18,1292.4507
2026-05-31 02:15:00,2033.17,2038.0,2027.81,2027.95,2951.1359
2026-05-31 02:30:00,2027.96,2033.09,2027.95,2030.21,2024.812
2026-05-31 02:45:00,2030.2,2035.18,2029.0,2034.36,1521.4715
2026-05-31 03:00:00,2034.35,2035.54,2032.12,2034.03,671.9331
2026-05-31 03:15:00,2034.03,2036.88,2032.72,2036.21,1274.7796
2026-05-31 03:30:00,2036.21,2036.56,2033.85,2034.86,579.0978
2026-05-31 03:45:00,2034.86,2035.48,2033.41,2033.41,445.9693
2026-05-31 04:00:00,2033.41,2034.12,2031.36,2031.51,518.3741
2026-05-31 04:15:00,2031.52,2034.99,2031.27,2033.55,450.8318
2026-05-31 04:30:00,2033.56,2034.04,2032.12,2033.54,634.8861
2026-05-31 04:45:00,2033.54,2034.42,2032.26,2033.91,361.1723
2026-05-31 05:00:00,2033.9,2033.9,2032.12,2032.12,425.6157
2026-05-31 05:15:00,2032.12,2032.61,2030.88,2032.18,615.9358
2026-05-31 05:30:00,2032.19,2032.92,2030.34,2030.56,585.6789
2026-05-31 05:45:00,2030.57,2030.93,2029.29,2030.18,1178.6575
2026-05-31 06:00:00,2030.18,2030.18,2028.52,2029.21,748.2584
2026-05-31 06:15:00,2029.21,2030.9,2029.19,2029.47,596.5622
2026-05-31 06:30:00,2029.46,2030.66,2028.88,2030.3,343.6003
2026-05-31 06:45:00,2030.31,2030.93,2029.42,2029.87,893.2351
2026-05-31 07:00:00,2029.87,2029.87,2025.59,2026.43,1046.7796
2026-05-31 07:15:00,2026.43,2027.31,2024.65,2025.31,772.9105
2026-05-31 07:30:00,2025.31,2025.32,2022.78,2023.39,1165.8097
2026-05-31 07:45:00,2023.39,2025.4,2023.0,2024.01,823.7672
2026-05-31 08:00:00,2024.02,2028.42,2024.01,2026.0,1064.1477
2026-05-31 08:15:00,2026.0,2027.76,2026.0,2026.95,1691.44
2026-05-31 08:30:00,2026.95,2026.95,2022.85,2023.93,1423.8416
2026-05-31 08:45:00,2023.93,2029.11,2023.2,2027.63,1946.0907
2026-05-31 09:00:00,2027.64,2027.83,2025.0,2025.42,955.3889
2026-05-31 09:15:00,2025.41,2028.06,2024.65,2026.89,1233.4082
2026-05-31 09:30:00,2026.89,2028.6,2026.09,2027.22,595.837
2026-05-31 09:45:00,2027.21,2028.26,2018.35,2021.13,2533.6718
2026-05-31 10:00:00,2021.13,2021.65,2018.05,2020.04,2544.3223
2026-05-31 10:15:00,2020.05,2020.09,2015.34,2018.56,2434.4391
2026-05-31 10:30:00,2018.56,2019.46,2017.31,2018.27,820.3722
2026-05-31 10:45:00,2018.27,2021.23,2017.24,2021.05,881.1011
2026-05-31 11:00:00,2021.05,2024.12,2021.04,2021.97,809.2967
2026-05-31 11:15:00,2021.96,2023.2,2021.24,2023.19,274.451
2026-05-31 11:30:00,2023.2,2023.99,2021.95,2023.01,703.3556
2026-05-31 11:45:00,2023.02,2023.78,2022.03,2023.27,1087.9758
2026-05-31 12:00:00,2023.28,2023.99,2019.69,2022.08,1144.1683
2026-05-31 12:15:00,2022.07,2025.16,2022.07,2023.53,1038.6444
2026-05-31 12:30:00,2023.53,2024.9,2022.55,2024.88,821.7073
2026-05-31 12:45:00,2024.88,2025.05,2021.35,2022.35,504.5687
2026-05-31 13:00:00,2022.35,2024.74,2021.42,2023.87,1107.887
2026-05-31 13:15:00,2023.86,2026.5,2023.3,2024.44,749.107
2026-05-31 13:30:00,2024.45,2025.31,2022.2,2022.57,871.5572
2026-05-31 13:45:00,2022.56,2023.58,2019.78,2020.5,1369.0997
2026-05-31 14:00:00,2020.5,2021.69,2011.85,2015.81,2961.6925
2026-05-31 14:15:00,2015.8,2018.3,2005.83,2011.24,7031.2135
2026-05-31 14:30:00,2011.24,2013.5,2007.73,2009.03,2498.0667
2026-05-31 14:45:00,2009.03,2012.35,2006.13,2008.06,2016.5776
2026-05-31 15:00:00,2008.06,2011.37,2007.57,2011.32,1810.17
2026-05-31 15:15:00,2011.32,2015.22,2010.72,2013.54,1309.63
2026-05-31 15:30:00,2013.54,2014.6,2008.5,2009.57,1963.8637
2026-05-31 15:45:00,2009.57,2013.34,2009.57,2010.52,1935.9745
2026-05-31 16:00:00,2010.52,2012.42,2006.46,2007.14,2025.1543
2026-05-31 16:15:00,2007.13,2009.26,2003.61,2007.15,2846.6212
2026-05-31 16:30:00,2007.16,2007.16,1997.72,2000.69,6747.178
2026-05-31 16:45:00,2000.68,2003.18,1999.05,2002.09,2451.6011
2026-05-31 17:00:00,2002.09,2003.9,1996.21,2000.36,3891.6733
2026-05-31 17:15:00,2000.36,2002.81,1999.64,2002.6,2088.4284
2026-05-31 17:30:00,2002.59,2007.33,2002.59,2005.35,2576.4834
2026-05-31 17:45:00,2005.35,2007.69,2004.86,2006.0,1951.6701
2026-05-31 18:00:00,2006.0,2006.07,2002.0,2002.7,2335.4057
2026-05-31 18:15:00,2002.71,2003.97,2001.02,2002.84,1838.7247
2026-05-31 18:30:00,2002.84,2005.0,2000.9,2000.9,1585.0597
2026-05-31 18:45:00,2000.9,2001.15,1999.0,2000.68,1861.401
2026-05-31 19:00:00,2000.69,2002.49,1998.41,1998.57,1593.2098
2026-05-31 19:15:00,1998.56,2000.2,1994.48,1997.38,2639.3185
2026-05-31 19:30:00,1997.38,1998.78,1993.75,1997.96,2486.1278
2026-05-31 19:45:00,1997.97,2000.0,1997.57,1999.59,1726.428
2026-05-31 20:00:00,1999.58,2003.62,1999.58,2001.5,2864.6303
2026-05-31 20:15:00,2001.5,2004.86,2000.97,2002.92,1517.677
2026-05-31 20:30:00,2002.92,2004.04,2002.29,2003.26,1312.1414
2026-05-31 20:45:00,2003.26,2008.25,2003.26,2007.09,1908.8642
2026-05-31 21:00:00,2007.09,2007.43,2005.0,2006.44,2115.4434
2026-05-31 21:15:00,2006.44,2010.0,2006.41,2007.04,2209.664
2026-05-31 21:30:00,2007.04,2010.11,2006.48,2009.2,1812.5041
2026-05-31 21:45:00,2009.2,2014.28,2009.2,2012.18,5118.1239
2026-05-31 22:00:00,2012.18,2014.42,2004.47,2011.72,3913.9283
2026-05-31 22:15:00,2011.72,2013.7,2007.46,2009.88,2432.0801
2026-05-31 22:30:00,2009.88,2014.17,2009.82,2011.27,2090.6165
2026-05-31 22:45:00,2011.28,2014.17,2011.28,2012.43,2198.9663
2026-05-31 23:00:00,2012.43,2023.0,2012.42,2013.91,5218.714
2026-05-31 23:15:00,2013.91,2015.27,2008.29,2008.86,2610.5955
2026-05-31 23:30:00,2008.86,2009.16,2000.11,2003.1,4213.9622
2026-05-31 23:45:00,2003.11,2007.74,2002.95,2007.01,2551.5492
2026-06-01 00:00:00,2007.02,2015.42,1997.0,2011.6,20376.0786
2026-06-01 00:15:00,2011.6,2017.49,2008.36,2016.96,3907.3157
2026-06-01 00:30:00,2016.97,2021.5,2012.07,2016.01,4253.6941
2026-06-01 00:45:00,2016.01,2019.57,2014.7,2015.44,3138.0155
2026-06-01 01:00:00,2015.44,2016.73,2004.61,2005.26,3862.3352
2026-06-01 01:15:00,2005.27,2007.84,2002.15,2004.29,3501.7977
2026-06-01 01:30:00,2004.29,2006.91,2000.0,2001.72,3185.8382
2026-06-01 01:45:00,2001.72,2004.85,1994.12,1994.7,4102.2441
2026-06-01 02:00:00,1994.7,2006.08,1991.31,2005.26,4765.6047
2026-06-01 02:15:00,2005.26,2005.75,2002.36,2004.59,2251.1144
2026-06-01 02:30:00,2004.58,2017.89,2001.9,2012.55,5030.9576
2026-06-01 02:45:00,2012.54,2014.57,2010.3,2011.47,2921.3987
2026-06-01 03:00:00,2011.47,2018.09,2011.31,2013.41,3836.2486
2026-06-01 03:15:00,2013.42,2016.81,2010.93,2015.01,3127.5782
2026-06-01 03:30:00,2015.02,2016.98,2010.93,2012.33,2575.5086
2026-06-01 03:45:00,2012.34,2014.25,2008.66,2009.09,2323.3906
2026-06-01 04:00:00,2009.09,2011.97,2002.35,2003.21,2415.4301
2026-06-01 04:15:00,2003.21,2004.35,1995.38,1995.81,3883.4535
2026-06-01 04:30:00,1995.82,2000.11,1995.4,1999.9,2198.6697
2026-06-01 04:45:00,1999.91,2002.4,1993.91,1999.99,1937.0602
2026-06-01 05:00:00,1999.98,2001.27,1997.78,2000.0,1205.3177
2026-06-01 05:15:00,2000.0,2001.27,1993.21,1993.3,1908.7495
2026-06-01 05:30:00,1993.31,1996.7,1991.65,1996.5,4546.1745
2026-06-01 05:45:00,1996.49,1998.14,1994.09,1994.55,976.1031
2026-06-01 06:00:00,1994.56,1995.34,1988.71,1992.06,2263.0789
2026-06-01 06:15:00,1992.07,1993.42,1984.35,1986.4,3135.205
2026-06-01 06:30:00,1986.4,1989.2,1982.12,1982.13,2899.7682
2026-06-01 06:45:00,1982.12,1988.92,1980.14,1988.07,3418.6142
2026-06-01 07:00:00,1988.08,1990.62,1985.0,1989.12,1798.9728
2026-06-01 07:15:00,1989.12,1990.1,1985.23,1985.69,1695.2868
2026-06-01 07:30:00,1985.68,1985.69,1979.16,1983.28,3492.2632
2026-06-01 07:45:00,1983.28,1984.28,1971.7,1976.43,5815.9529
2026-06-01 08:00:00,1976.42,1979.98,1975.48,1978.6,2973.1096
2026-06-01 08:15:00,1978.6,1979.59,1973.72,1975.76,4478.7905
2026-06-01 08:30:00,1975.76,1982.37,1969.9,1979.02,13698.8285
2026-06-01 08:45:00,1979.02,1985.07,1978.31,1983.96,2909.0726
2026-06-01 09:00:00,1983.96,1987.03,1983.94,1985.95,1942.1749
2026-06-01 09:15:00,1985.94,1990.11,1985.39,1986.98,2044.7182
2026-06-01 09:30:00,1986.98,1988.76,1985.01,1987.82,1519.1134
2026-06-01 09:45:00,1987.83,1989.8,1986.24,1987.53,3780.2696
2026-06-01 10:00:00,1987.53,1988.92,1984.49,1984.9,2177.9612
2026-06-01 10:15:00,1984.9,1986.39,1981.88,1983.67,1403.4313
2026-06-01 10:30:00,1983.66,1987.05,1980.99,1985.09,2892.9805
2026-06-01 10:45:00,1985.1,1987.04,1983.68,1984.49,2095.3085
2026-06-01 11:00:00,1984.49,1985.93,1983.03,1984.08,986.7616
2026-06-01 11:15:00,1984.07,1986.12,1983.56,1984.0,777.9733
2026-06-01 11:30:00,1983.99,1986.1,1981.88,1985.9,1622.2596
2026-06-01 11:45:00,1985.9,1986.89,1977.07,1981.44,3827.7267
2026-06-01 12:00:00,1981.44,1984.77,1967.51,1976.67,7515.8312
2026-06-01 12:15:00,1976.67,1988.73,1976.01,1987.18,4062.8051
2026-06-01 12:30:00,1987.19,1993.35,1984.58,1992.95,3181.3999
2026-06-01 12:45:00,1992.94,1994.39,1987.27,1989.55,2078.7451
2026-06-01 13:00:00,1989.55,1990.29,1971.62,1975.79,6610.1183
2026-06-01 13:15:00,1975.79,1981.42,1972.9,1976.97,4283.1098
2026-06-01 13:30:00,1976.98,1983.46,1973.37,1974.67,6985.5628
2026-06-01 13:45:00,1974.67,1980.96,1956.04,1971.22,17506.4128
2026-06-01 14:00:00,1971.22,1977.34,1964.64,1969.29,8595.2559
2026-06-01 14:15:00,1969.28,1972.24,1966.37,1968.4,6039.2948
2026-06-01 14:30:00,1968.4,1970.67,1965.06,1967.84,3882.8983
2026-06-01 14:45:00,1967.84,1971.69,1965.1,1968.63,3290.5808
2026-06-01 15:00:00,1968.64,1974.65,1968.09,1970.41,2932.8065
2026-06-01 15:15:00,1970.41,1970.82,1960.25,1961.61,4417.4734
2026-06-01 15:30:00,1961.6,1980.24,1961.29,1974.42,6878.97
2026-06-01 15:45:00,1974.42,1975.52,1967.13,1968.45,2684.9096
2026-06-01 16:00:00,1968.45,1971.9,1958.79,1967.19,6432.9518
2026-06-01 16:15:00,1967.19,1971.18,1964.08,1971.18,4908.0818
2026-06-01 16:30:00,1971.17,1974.16,1969.8,1971.95,3066.4745
2026-06-01 16:45:00,1971.94,1978.97,1971.94,1978.15,5429.0966
2026-06-01 17:00:00,1978.14,1985.0,1977.72,1983.74,5870.2301
2026-06-01 17:15:00,1983.73,1992.27,1981.81,1991.16,6194.0129
2026-06-01 17:30:00,1991.15,1994.12,1986.46,1993.46,6891.4594
2026-06-01 17:45:00,1993.46,1996.73,1990.3,1990.62,3031.7531
2026-06-01 18:00:00,1990.62,1992.23,1983.45,1985.0,2559.7738
2026-06-01 18:15:00,1984.99,1992.16,1983.72,1992.15,2212.8008
2026-06-01 18:30:00,1992.16,1995.32,1991.11,1992.62,2634.0679
2026-06-01 18:45:00,1992.61,1996.0,1991.32,1992.72,4768.1187
2026-06-01 19:00:00,1992.72,1995.51,1992.21,1994.88,4511.0555
2026-06-01 19:15:00,1994.88,2002.6,1992.23,2002.41,4083.1645
2026-06-01 19:30:00,2002.41,2008.83,2001.42,2006.52,4622.8662
2026-06-01 19:45:00,2006.51,2006.69,2003.23,2004.53,2692.6302
2026-06-01 20:00:00,2004.53,2005.06,2001.36,2002.88,1930.1449
2026-06-01 20:15:00,2002.88,2006.69,2001.14,2005.16,2373.2303
2026-06-01 20:30:00,2005.16,2008.7,2004.64,2007.78,1792.5231
2026-06-01 20:45:00,2007.78,2007.94,2003.63,2005.57,1618.7058
2026-06-01 21:00:00,2005.56,2009.2,1995.0,1999.65,8673.8956
2026-06-01 21:15:00,1999.65,2000.22,1992.94,1995.21,2162.3946
2026-06-01 21:30:00,1995.2,1995.86,1992.59,1993.38,2380.4784
2026-06-01 21:45:00,1993.37,1999.34,1992.86,1994.57,3041.7763
2026-06-01 22:00:00,1994.57,1994.57,1984.5,1990.37,3355.4533
2026-06-01 22:15:00,1990.36,2003.0,1989.33,1999.79,3823.5077
2026-06-01 22:30:00,1999.8,2001.31,1992.34,1995.85,1767.6851
2026-06-01 22:45:00,1995.85,2006.0,1995.85,2004.43,3477.5919
2026-06-01 23:00:00,2004.42,2006.91,2001.2,2002.8,4245.1561
2026-06-01 23:15:00,2002.8,2007.59,1998.52,1998.67,2426.7463
2026-06-01 23:30:00,1998.67,2008.38,1998.13,2004.98,2825.5008
2026-06-01 23:45:00,2004.98,2007.88,2003.7,2006.73,1799.0808
2026-06-02 00:00:00,2006.73,2006.78,2003.06,2003.8,2055.3744
2026-06-02 00:15:00,2003.79,2005.23,1998.0,2000.8,2649.2
2026-06-02 00:30:00,2000.8,2002.39,1995.38,1997.93,1281.005
2026-06-02 00:45:00,1997.93,2000.09,1996.18,1996.44,756.0794
2026-06-02 01:00:00,1996.43,1998.65,1992.47,1998.65,1742.418
2026-06-02 01:15:00,1998.64,1999.0,1991.65,1992.3,1624.5088
2026-06-02 01:30:00,1992.29,1993.5,1982.47,1986.48,4047.8284
2026-06-02 01:45:00,1986.49,1986.58,1979.49,1980.15,2678.3987
2026-06-02 02:00:00,1980.15,1981.31,1962.76,1972.68,6364.4064
2026-06-02 02:15:00,1972.68,1990.0,1968.56,1988.78,5431.7149
2026-06-02 02:30:00,1988.77,1994.52,1985.0,1985.52,3944.9384
2026-06-02 02:45:00,1985.51,1997.08,1984.71,1997.07,3537.3952
2026-06-02 03:00:00,1997.08,2002.67,1995.14,1998.72,3470.1559
2026-06-02 03:15:00,1998.72,2002.0,1996.14,2001.08,2485.4773
2026-06-02 03:30:00,2001.08,2005.0,1999.49,2004.12,3057.6092
2026-06-02 03:45:00,2004.12,2004.97,2002.09,2003.94,1565.7307
2026-06-02 04:00:00,2003.94,2005.9,1996.91,1998.25,3073.4237
2026-06-02 04:15:00,1998.25,2006.44,1998.25,2004.46,2223.0027
2026-06-02 04:30:00,2004.46,2005.41,2001.08,2002.2,1693.6632
2026-06-02 04:45:00,2002.2,2002.2,1995.95,1996.85,2036.6503
2026-06-02 05:00:00,1996.86,2001.23,1990.11,2000.11,3259.6209
2026-06-02 05:15:00,2000.11,2000.58,1991.61,1992.09,2365.9201
2026-06-02 05:30:00,1992.1,1995.92,1987.51,1991.91,3001.2216
2026-06-02 05:45:00,1991.92,1992.08,1985.0,1985.01,4786.5399
2026-06-02 06:00:00,1985.01,1988.65,1980.37,1982.23,3806.7755
2026-06-02 06:15:00,1982.23,1985.49,1979.4,1985.0,1888.1561
2026-06-02 06:30:00,1985.01,1988.88,1984.25,1984.3,2611.9133
2026-06-02 06:45:00,1984.3,1987.4,1978.14,1982.38,4095.2754
2026-06-02 07:00:00,1982.39,1984.0,1973.88,1981.42,3292.0127
2026-06-02 07:15:00,1981.42,1990.0,1977.11,1978.76,3362.6844
2026-06-02 07:30:00,1978.77,1989.27,1978.46,1986.43,3778.9726
2026-06-02 07:45:00,1986.43,1986.44,1981.88,1981.88,2257.1196
2026-06-02 08:00:00,1981.89,1984.93,1979.09,1983.98,2108.9371
2026-06-02 08:15:00,1983.96,1989.0,1980.0,1985.71,3619.1806
2026-06-02 08:30:00,1985.71,1988.67,1980.72,1980.73,1349.7199
2026-06-02 08:45:00,1980.72,1982.68,1977.0,1979.21,1905.7202
2026-06-02 09:00:00,1979.22,1979.78,1970.99,1972.72,4023.7777
2026-06-02 09:15:00,1972.72,1973.27,1966.69,1969.27,3828.7513
2026-06-02 09:30:00,1969.27,1976.05,1967.9,1972.63,2486.077
2026-06-02 09:45:00,1972.63,1976.54,1969.96,1975.28,5933.1687
2026-06-02 10:00:00,1975.27,1980.0,1971.75,1978.01,10556.7136
2026-06-02 10:15:00,1978.01,1980.27,1976.5,1979.53,1911.0044
2026-06-02 10:30:00,1979.53,1980.74,1975.5,1976.04,1856.9758
2026-06-02 10:45:00,1976.04,1983.88,1976.0,1983.49,1808.5157
2026-06-02 11:00:00,1983.49,1983.72,1979.27,1981.19,1328.2016
2026-06-02 11:15:00,1981.2,1981.2,1977.2,1977.62,1163.7353
2026-06-02 11:30:00,1977.62,1979.92,1975.8,1978.41,2318.4668
2026-06-02 11:45:00,1978.41,1981.89,1978.08,1978.53,1418.5285
2026-06-02 12:00:00,1978.53,1981.96,1975.34,1977.73,2134.4028
2026-06-02 12:15:00,1977.74,1982.75,1975.57,1979.99,1452.3303
2026-06-02 12:30:00,1979.99,1980.09,1972.57,1979.15,9443.5805
2026-06-02 12:45:00,1979.15,1980.0,1975.34,1976.27,1643.9498
2026-06-02 13:00:00,1976.28,1979.92,1973.19,1973.32,3437.9406
2026-06-02 13:15:00,1973.32,1981.0,1973.32,1979.69,3372.8273
2026-06-02 13:30:00,1979.69,1981.79,1970.5,1976.62,4204.0942
2026-06-02 13:45:00,1976.61,1979.44,1971.93,1974.33,2768.0224
2026-06-02 14:00:00,1974.34,1975.22,1960.0,1967.9,5498.9587
2026-06-02 14:15:00,1967.9,1968.18,1925.8,1936.77,34521.1992
2026-06-02 14:30:00,1936.76,1948.0,1932.03,1936.28,11648.6827
2026-06-02 14:45:00,1936.28,1945.62,1936.05,1941.36,5017.1227
2026-06-02 15:00:00,1941.35,1941.59,1931.85,1934.83,11582.2949
2026-06-02 15:15:00,1934.83,1934.86,1907.03,1912.75,30186.2371
2026-06-02 15:30:00,1912.75,1912.99,1890.0,1909.19,30559.5103
2026-06-02 15:45:00,1909.19,1918.64,1906.41,1914.81,7748.1317
2026-06-02 16:00:00,1914.81,1934.05,1909.57,1933.4,11604.7724
2026-06-02 16:15:00,1933.4,1943.87,1928.24,1931.29,10233.3883
2026-06-02 16:30:00,1931.28,1931.94,1923.01,1925.0,6063.8253
2026-06-02 16:45:00,1925.0,1930.0,1919.83,1920.59,4563.659
2026-06-02 17:00:00,1920.59,1927.51,1919.59,1925.35,4015.5337
2026-06-02 17:15:00,1925.35,1931.53,1923.03,1928.07,2727.8481
2026-06-02 17:30:00,1928.07,1931.19,1922.93,1923.89,2438.0175
2026-06-02 17:45:00,1923.89,1924.69,1920.9,1924.18,3112.9769
2026-06-02 18:00:00,1924.18,1928.0,1922.52,1922.64,2243.0125
2026-06-02 18:15:00,1922.65,1923.76,1912.3,1913.55,3073.187
2026-06-02 18:30:00,1913.56,1915.36,1909.11,1912.36,3897.1667
2026-06-02 18:45:00,1912.37,1913.93,1903.38,1913.11,4687.3794
2026-06-02 19:00:00,1913.11,1916.47,1910.73,1915.03,2938.0642
2026-06-02 19:15:00,1915.02,1915.44,1903.08,1904.26,4710.6673
2026-06-02 19:30:00,1904.27,1905.68,1881.01,1902.48,22976.4404
2026-06-02 19:45:00,1902.49,1917.8,1900.15,1912.28,6736.4618
2026-06-02 20:00:00,1912.28,1919.01,1907.14,1914.5,5347.6344
2026-06-02 20:15:00,1914.5,1914.85,1895.53,1896.48,4440.8665
2026-06-02 20:30:00,1896.48,1905.32,1896.18,1901.0,4030.8596
2026-06-02 20:45:00,1900.99,1911.25,1900.0,1906.74,4677.5024
2026-06-02 21:00:00,1906.75,1911.45,1900.1,1901.9,4054.2475
2026-06-02 21:15:00,1901.9,1910.76,1901.47,1909.68,3013.1726
2026-06-02 21:30:00,1909.67,1910.46,1903.92,1904.88,2803.6272
2026-06-02 21:45:00,1904.89,1905.46,1897.23,1900.34,2073.1058
2026-06-02 22:00:00,1900.35,1900.35,1888.74,1888.99,5191.8921
2026-06-02 22:15:00,1889.0,1909.59,1873.92,1901.03,20891.122
2026-06-02 22:30:00,1901.02,1901.91,1888.49,1892.43,6823.3393
2026-06-02 22:45:00,1892.42,1892.42,1862.23,1868.77,20306.7017
2026-06-02 23:00:00,1868.78,1872.74,1855.61,1872.16,16839.3413
2026-06-02 23:15:00,1872.17,1873.37,1839.02,1848.35,29152.7647
2026-06-02 23:30:00,1848.35,1856.03,1839.79,1855.57,14577.8845
2026-06-02 23:45:00,1855.56,1862.49,1853.17,1859.84,9577.1276
2026-06-03 00:00:00,1859.84,1868.9,1854.62,1867.95,9200.4045
2026-06-03 00:15:00,1867.95,1874.11,1863.38,1863.89,7937.3353
2026-06-03 00:30:00,1863.9,1872.82,1860.51,1870.19,3653.7727
2026-06-03 00:45:00,1870.19,1871.75,1867.34,1867.35,6013.645
2026-06-03 01:00:00,1867.35,1867.86,1855.59,1859.02,4263.4862
2026-06-03 01:15:00,1859.03,1868.48,1858.37,1867.93,3030.3916
2026-06-03 01:30:00,1867.93,1870.01,1850.0,1851.38,4774.9366
2026-06-03 01:45:00,1851.39,1867.22,1851.39,1864.51,5160.6867
2026-06-03 02:00:00,1864.52,1864.94,1857.41,1859.59,7333.6774
2026-06-03 02:15:00,1859.59,1862.56,1852.21,1853.64,3812.4477
2026-06-03 02:30:00,1853.64,1859.64,1852.35,1855.5,11187.224
2026-06-03 02:45:00,1855.51,1856.68,1851.2,1854.09,3351.0599
2026-06-03 03:00:00,1854.09,1856.71,1845.41,1851.99,5672.1341
2026-06-03 03:15:00,1851.99,1855.46,1841.47,1843.64,10891.8899
2026-06-03 03:30:00,1843.64,1847.99,1823.78,1824.35,19139.5709
2026-06-03 03:45:00,1824.35,1835.0,1816.92,1828.24,17367.7606
2026-06-03 04:00:00,1828.24,1846.55,1827.65,1840.31,8040.9479
2026-06-03 04:15:00,1840.31,1847.54,1838.25,1844.78,3912.7191
2026-06-03 04:30:00,1844.78,1845.34,1838.94,1844.42,5258.3804
2026-06-03 04:45:00,1844.42,1852.0,1840.8,1850.84,7511.4559
2026-06-03 05:00:00,1850.84,1873.62,1849.99,1868.37,16569.2955
2026-06-03 05:15:00,1868.37,1874.22,1865.67,1870.46,4665.0708
2026-06-03 05:30:00,1870.46,1870.46,1858.82,1865.6,3947.2788
2026-06-03 05:45:00,1865.6,1876.12,1864.74,1873.45,6435.9099
2026-06-03 06:00:00,1873.44,1875.54,1871.14,1874.62,2943.7972
2026-06-03 06:15:00,1874.61,1875.48,1872.01,1872.49,3262.6129
2026-06-03 06:30:00,1872.49,1884.41,1871.3,1880.82,7216.5646
2026-06-03 06:45:00,1880.82,1881.88,1870.28,1871.87,6743.4165
2026-06-03 07:00:00,1871.87,1876.5,1867.97,1873.66,3511.0576
2026-06-03 07:15:00,1873.66,1879.81,1871.97,1877.14,3048.1879
2026-06-03 07:30:00,1877.13,1879.79,1873.32,1876.81,3585.5407
2026-06-03 07:45:00,1876.81,1880.38,1876.64,1878.39,3784.4154
2026-06-03 08:00:00,1878.39,1880.0,1874.84,1874.85,2057.903
2026-06-03 08:15:00,1874.85,1876.65,1873.32,1875.33,2468.66
2026-06-03 08:30:00,1875.33,1881.0,1874.4,1879.43,3248.2033
2026-06-03 08:45:00,1879.43,1883.43,1878.09,1880.02,3820.9541
2026-06-03 09:00:00,1880.01,1882.96,1878.7,1879.0,2399.8116
2026-06-03 09:15:00,1879.01,1880.64,1876.82,1877.06,3918.9006
2026-06-03 09:30:00,1877.06,1877.79,1872.17,1872.43,4353.6755
2026-06-03 09:45:00,1872.44,1886.58,1869.95,1876.28,7625.6673
2026-06-03 10:00:00,1876.28,1893.07,1875.01,1885.01,6627.0996
2026-06-03 10:15:00,1885.0,1886.92,1882.02,1886.5,2320.482
2026-06-03 10:30:00,1886.5,1888.27,1882.87,1883.45,2045.7236
2026-06-03 10:45:00,1883.45,1885.24,1882.22,1884.79,2137.0047
2026-06-03 11:00:00,1884.79,1888.0,1882.93,1888.0,2064.178
2026-06-03 11:15:00,1887.99,1888.29,1884.5,1886.84,2478.4353
2026-06-03 11:30:00,1886.83,1886.83,1879.39,1881.17,2676.833
2026-06-03 11:45:00,1881.17,1881.17,1876.12,1878.16,3000.5058
2026-06-03 12:00:00,1878.17,1879.29,1872.95,1874.69,2530.5516
2026-06-03 12:15:00,1874.68,1874.68,1868.02,1873.59,5428.8896
2026-06-03 12:30:00,1873.58,1880.0,1868.26,1872.62,4007.0797
2026-06-03 12:45:00,1872.62,1879.57,1871.6,1876.4,2413.3583
2026-06-03 13:00:00,1876.41,1879.68,1869.34,1874.38,4255.7586
2026-06-03 13:15:00,1874.38,1878.3,1867.67,1867.83,2755.6989
2026-06-03 13:30:00,1867.84,1877.0,1863.01,1864.49,6231.5698
2026-06-03 13:45:00,1864.49,1872.56,1861.35,1867.64,5532.4651
2026-06-03 14:00:00,1867.64,1868.72,1862.0,1865.54,3729.7459
2026-06-03 14:15:00,1865.55,1866.47,1854.53,1858.26,5871.9497
2026-06-03 14:30:00,1858.26,1862.09,1852.8,1853.81,3543.7889
2026-06-03 14:45:00,1853.81,1859.22,1852.82,1858.51,2431.8585
2026-06-03 15:00:00,1858.51,1859.75,1847.84,1851.32,5776.4957
2026-06-03 15:15:00,1851.32,1856.56,1844.47,1853.7,9381.0096
2026-06-03 15:30:00,1853.7,1856.0,1843.09,1845.0,5362.6461
2026-06-03 15:45:00,1845.0,1846.55,1836.21,1837.21,9239.3895
2026-06-03 16:00:00,1837.22,1844.08,1831.35,1836.63,10844.7753
2026-06-03 16:15:00,1836.63,1838.64,1811.15,1819.16,16247.8548
2026-06-03 16:30:00,1819.16,1829.08,1816.8,1828.5,7072.6225
2026-06-03 16:45:00,1828.5,1833.3,1826.24,1832.68,4704.6205
2026-06-03 17:00:00,1832.68,1833.93,1818.14,1820.6,4576.8446
2026-06-03 17:15:00,1820.59,1830.09,1820.59,1829.62,3442.1339
2026-06-03 17:30:00,1829.62,1839.53,1826.63,1836.01,3640.1941
2026-06-03 17:45:00,1836.01,1836.26,1823.48,1828.11,3690.2646
2026-06-03 18:00:00,1828.12,1832.69,1825.46,1829.27,2994.7321
2026-06-03 18:15:00,1829.26,1829.27,1821.65,1825.66,3107.0591
2026-06-03 18:30:00,1825.65,1832.3,1822.41,1830.22,2028.58
2026-06-03 18:45:00,1830.23,1834.41,1830.23,1832.25,2083.6457
2026-06-03 19:00:00,1832.25,1833.64,1826.24,1827.93,2223.3778
2026-06-03 19:15:00,1827.93,1829.31,1814.47,1815.8,7095.1897
2026-06-03 19:30:00,1815.79,1823.66,1813.35,1820.01,4364.7478
2026-06-03 19:45:00,1820.0,1823.17,1795.23,1803.41,26278.0974
2026-06-03 20:00:00,1803.41,1813.11,1792.66,1811.36,12016.5759
2026-06-03 20:15:00,1811.35,1811.46,1796.87,1810.5,7785.5089
2026-06-03 20:30:00,1810.5,1810.51,1793.22,1793.79,6102.2507
2026-06-03 20:45:00,1793.8,1796.0,1769.62,1781.44,22223.7299
2026-06-03 21:00:00,1781.44,1803.6,1777.67,1797.85,7209.7586
2026-06-03 21:15:00,1797.85,1803.77,1797.49,1801.8,3447.8936
2026-06-03 21:30:00,1801.8,1839.42,1800.48,1829.42,16216.7575
2026-06-03 21:45:00,1829.42,1850.29,1825.44,1850.1,13977.143
2026-06-03 22:00:00,1850.1,1852.2,1836.6,1838.51,10695.5279
2026-06-03 22:15:00,1838.51,1838.51,1827.11,1829.58,6592.4472
2026-06-03 22:30:00,1829.57,1836.49,1822.77,1830.88,5745.402
2026-06-03 22:45:00,1830.87,1831.59,1823.43,1829.0,3048.5289
2026-06-03 23:00:00,1829.01,1830.93,1816.54,1823.56,7051.0677
2026-06-03 23:15:00,1823.56,1825.31,1816.53,1822.35,4068.9012
2026-06-03 23:30:00,1822.35,1825.48,1814.42,1816.5,5626.0007
2026-06-03 23:45:00,1816.51,1820.73,1812.84,1813.05,3594.8811
2026-06-04 00:00:00,1813.05,1820.5,1810.3,1817.01,4392.1554
2026-06-04 00:15:00,1817.01,1819.9,1784.08,1784.18,11292.3317
2026-06-04 00:30:00,1784.18,1804.32,1782.6,1800.72,14569.9031
2026-06-04 00:45:00,1800.72,1800.79,1785.4,1793.85,6439.7582
2026-06-04 01:00:00,1793.86,1801.06,1784.75,1786.91,6672.4043
2026-06-04 01:15:00,1786.92,1787.6,1765.0,1773.6,14248.4606
2026-06-04 01:30:00,1773.61,1789.74,1772.77,1781.55,6568.5163
2026-06-04 01:45:00,1781.54,1782.54,1755.0,1759.77,17904.9102
2026-06-04 02:00:00,1759.76,1762.18,1717.28,1745.53,49769.1514
2026-06-04 02:15:00,1745.53,1772.49,1736.48,1766.55,17870.1744
2026-06-04 02:30:00,1766.55,1776.9,1763.12,1774.1,9403.1629
2026-06-04 02:45:00,1774.09,1778.93,1765.82,1766.82,7171.6326
2026-06-04 03:00:00,1766.83,1797.6,1766.6,1793.53,12449.0844
2026-06-04 03:15:00,1793.53,1801.22,1793.06,1794.83,6809.1531
2026-06-04 03:30:00,1794.83,1812.52,1794.42,1808.59,9939.9855
2026-06-04 03:45:00,1808.59,1812.09,1806.22,1809.24,4545.2747
2026-06-04 04:00:00,1809.24,1817.45,1808.0,1814.0,4357.1929
2026-06-04 04:15:00,1813.99,1818.0,1809.42,1810.93,3960.0804
2026-06-04 04:30:00,1810.93,1812.8,1803.23,1807.41,4669.7968
2026-06-04 04:45:00,1807.41,1807.92,1802.69,1805.49,3969.0863
2026-06-04 05:00:00,1805.49,1805.49,1783.4,1792.72,9049.8113
2026-06-04 05:15:00,1792.72,1795.05,1783.72,1784.54,8053.11
2026-06-04 05:30:00,1784.55,1794.89,1780.59,1793.99,6338.8277
2026-06-04 05:45:00,1793.98,1793.98,1781.33,1784.06,4139.3724
2026-06-04 06:00:00,1784.05,1791.03,1782.07,1790.69,5141.3761
2026-06-04 06:15:00,1790.69,1802.06,1788.84,1797.43,5003.4695
2026-06-04 06:30:00,1797.44,1801.78,1791.29,1798.15,3769.8379
2026-06-04 06:45:00,1798.14,1798.14,1786.85,1789.95,4816.456
2026-06-04 07:00:00,1789.96,1790.72,1776.89,1783.39,5916.7466
2026-06-04 07:15:00,1783.39,1784.38,1773.52,1778.02,5553.556
2026-06-04 07:30:00,1778.02,1787.3,1777.41,1784.53,4435.9505
2026-06-04 07:45:00,1784.53,1785.24,1777.05,1777.45,3810.8811
2026-06-04 08:00:00,1777.44,1783.27,1767.46,1767.73,5353.6653
2026-06-04 08:15:00,1767.74,1774.2,1763.98,1771.59,6869.7862
2026-06-04 08:30:00,1771.59,1778.96,1766.94,1769.04,5049.6776
2026-06-04 08:45:00,1769.04,1777.34,1768.85,1773.63,4649.745
2026-06-04 09:00:00,1773.63,1774.14,1758.51,1761.25,7261.6024
2026-06-04 09:15:00,1761.25,1761.84,1746.32,1749.18,15448.6483
2026-06-04 09:30:00,1749.18,1753.92,1744.53,1752.76,8713.9578
2026-06-04 09:45:00,1752.75,1766.76,1752.64,1766.52,9487.5977
2026-06-04 10:00:00,1766.58,1767.22,1753.35,1755.9,5735.4002
2026-06-04 10:15:00,1755.9,1761.0,1751.98,1755.01,4912.1362
2026-06-04 10:30:00,1755.0,1763.31,1752.61,1752.84,5695.452
2026-06-04 10:45:00,1752.85,1753.89,1730.13,1736.86,27646.1431
2026-06-04 11:00:00,1736.86,1744.26,1732.53,1736.38,10388.9247
2026-06-04 11:15:00,1736.38,1752.09,1735.01,1747.83,10985.9462
2026-06-04 11:30:00,1747.83,1754.67,1738.04,1741.12,7359.4621
2026-06-04 11:45:00,1741.12,1751.85,1741.12,1751.51,5828.716
2026-06-04 12:00:00,1751.51,1757.43,1744.29,1747.14,6946.0187
2026-06-04 12:15:00,1747.13,1769.0,1746.76,1767.68,12058.9412
2026-06-04 12:30:00,1767.67,1782.91,1765.16,1775.18,9892.9557
2026-06-04 12:45:00,1775.17,1782.52,1772.0,1778.16,7721.318
2026-06-04 13:00:00,1778.17,1780.49,1773.27,1773.28,6867.8368
2026-06-04 13:15:00,1773.27,1775.13,1755.65,1763.13,8164.316
2026-06-04 13:30:00,1763.14,1790.0,1762.02,1778.74,12332.1312
2026-06-04 13:45:00,1778.74,1787.15,1774.91,1785.52,5070.1076
2026-06-04 14:00:00,1785.53,1794.43,1777.99,1789.5,8074.8431
2026-06-04 14:15:00,1789.51,1791.3,1780.23,1782.16,5242.1583
2026-06-04 14:30:00,1782.15,1782.15,1770.5,1772.3,6773.274
2026-06-04 14:45:00,1772.3,1775.69,1766.33,1774.38,4567.5415
2026-06-04 15:00:00,1774.37,1791.29,1771.14,1789.03,5708.4434
2026-06-04 15:15:00,1789.02,1790.0,1773.72,1778.88,4551.2957
2026-06-04 15:30:00,1778.89,1780.45,1774.32,1775.31,3660.1288
2026-06-04 15:45:00,1775.31,1780.1,1770.64,1777.02,3873.0867
2026-06-04 16:00:00,1777.03,1778.27,1771.07,1772.34,3210.8838
2026-06-04 16:15:00,1772.34,1778.05,1769.6,1770.11,3154.0696
2026-06-04 16:30:00,1770.11,1779.08,1766.13,1777.9,4183.1338
2026-06-04 16:45:00,1777.9,1781.25,1768.9,1772.2,2931.0248
2026-06-04 17:00:00,1772.2,1776.03,1768.47,1772.59,2628.2269
2026-06-04 17:15:00,1772.6,1772.6,1762.38,1764.58,3895.5514
2026-06-04 17:30:00,1764.58,1766.05,1754.0,1757.91,5624.5981
2026-06-04 17:45:00,1757.91,1774.93,1754.38,1768.05,6137.8108
2026-06-04 18:00:00,1768.06,1770.09,1760.01,1760.43,2925.5514
2026-06-04 18:15:00,1760.44,1779.57,1760.44,1779.57,5248.9491
2026-06-04 18:30:00,1779.57,1783.64,1773.15,1774.87,4906.7965
2026-06-04 18:45:00,1774.85,1781.2,1772.53,1776.28,3515.6364
2026-06-04 19:00:00,1776.27,1777.53,1771.0,1777.51,2422.1004
2026-06-04 19:15:00,1777.5,1787.11,1776.5,1784.96,4503.0515
2026-06-04 19:30:00,1784.96,1785.91,1777.68,1778.51,2723.618
2026-06-04 19:45:00,1778.5,1779.38,1773.57,1776.94,2533.5714
2026-06-04 20:00:00,1776.93,1777.52,1764.66,1772.59,3072.8597
2026-06-04 20:15:00,1772.59,1775.0,1767.35,1770.25,2001.3058
2026-06-04 20:30:00,1770.25,1774.88,1769.5,1772.54,1884.4378
2026-06-04 20:45:00,1772.53,1774.88,1768.97,1774.88,1781.1746
2026-06-04 21:00:00,1774.87,1783.02,1772.79,1778.31,4372.6717
2026-06-04 21:15:00,1778.31,1778.78,1768.44,1769.94,2474.3393
2026-06-04 21:30:00,1769.93,1770.53,1757.11,1767.77,5280.8596
2026-06-04 21:45:00,1767.77,1769.47,1760.79,1761.2,2612.6544
2026-06-04 22:00:00,1761.2,1768.6,1753.29,1756.8,6767.0092
2026-06-04 22:15:00,1756.8,1762.86,1756.69,1759.75,2931.9146
2026-06-04 22:30:00,1759.75,1764.09,1752.46,1760.46,3969.4814
2026-06-04 22:45:00,1760.46,1770.26,1756.75,1768.73,3520.8875
2026-06-04 23:00:00,1768.74,1777.02,1767.62,1770.17,3194.3432
2026-06-04 23:15:00,1770.17,1770.17,1757.35,1760.92,3081.8168
2026-06-04 23:30:00,1760.93,1770.54,1760.48,1769.87,2132.7105
2026-06-04 23:45:00,1769.88,1772.45,1766.65,1770.77,2760.1973
2026-06-05 00:00:00,1770.76,1770.76,1763.39,1763.97,2585.4399
2026-06-05 00:15:00,1763.98,1772.96,1760.39,1772.78,2738.3591
2026-06-05 00:30:00,1772.77,1774.99,1767.5,1768.8,2795.6655
2026-06-05 00:45:00,1768.79,1772.11,1758.51,1759.42,3214.7935
2026-06-05 01:00:00,1759.43,1759.57,1746.52,1756.24,6346.6982
2026-06-05 01:15:00,1756.25,1759.37,1748.22,1755.35,5471.206
2026-06-05 01:30:00,1755.36,1764.07,1752.12,1757.66,3523.6719
2026-06-05 01:45:00,1757.66,1757.79,1752.0,1753.33,2679.8844
2026-06-05 02:00:00,1753.34,1754.9,1742.95,1747.38,8266.0948
2026-06-05 02:15:00,1747.38,1750.85,1736.28,1736.41,10248.244
2026-06-05 02:30:00,1736.42,1742.09,1727.65,1735.64,11132.216
2026-06-05 02:45:00,1735.65,1740.35,1730.02,1730.24,5484.9612
2026-06-05 03:00:00,1730.24,1731.69,1722.36,1724.54,6872.2437
2026-06-05 03:15:00,1724.54,1739.43,1724.54,1730.43,9427.8899
2026-06-05 03:30:00,1730.43,1739.5,1728.71,1731.46,3160.5894
2026-06-05 03:45:00,1731.46,1735.85,1728.0,1729.71,4223.2397
2026-06-05 04:00:00,1729.72,1734.9,1718.25,1726.89,11801.0034
2026-06-05 04:15:00,1726.9,1736.62,1718.27,1736.57,9610.2189
2026-06-05 04:30:00,1736.57,1736.57,1727.97,1730.35,3463.885
2026-06-05 04:45:00,1730.34,1746.05,1725.01,1744.64,4690.997
2026-06-05 05:00:00,1744.64,1747.8,1731.94,1732.78,5311.6719
2026-06-05 05:15:00,1732.78,1737.97,1726.44,1734.98,7426.5075
2026-06-05 05:30:00,1734.97,1735.6,1698.0,1699.45,31863.3907
2026-06-05 05:45:00,1699.45,1703.9,1681.29,1684.16,35634.2892
2026-06-05 06:00:00,1684.16,1689.5,1666.66,1671.7,34663.0841
2026-06-05 06:15:00,1671.69,1676.96,1625.78,1644.91,57011.5043
2026-06-05 06:30:00,1644.92,1669.71,1643.31,1664.95,23315.0154
2026-06-05 06:45:00,1664.95,1666.4,1652.45,1656.52,13271.4264
2026-06-05 07:00:00,1656.52,1658.07,1633.45,1638.02,18519.7518
2026-06-05 07:15:00,1638.02,1663.0,1637.93,1657.45,13589.2481
2026-06-05 07:30:00,1657.44,1674.34,1653.18,1674.22,24383.689
2026-06-05 07:45:00,1674.22,1680.0,1671.01,1679.21,19119.5448
2026-06-05 08:00:00,1679.22,1679.64,1667.03,1669.52,12691.8664
2026-06-05 08:15:00,1669.52,1673.77,1662.99,1673.16,9014.2967
2026-06-05 08:30:00,1673.16,1676.43,1666.9,1667.05,7677.6353
2026-06-05 08:45:00,1667.05,1669.32,1659.43,1663.87,8873.7151
2026-06-05 09:00:00,1663.88,1687.7,1662.85,1687.1,12221.2671
2026-06-05 09:15:00,1687.1,1690.07,1676.65,1684.94,9623.0095
2026-06-05 09:30:00,1684.94,1685.78,1677.03,1678.41,5679.371
2026-06-05 09:45:00,1678.41,1685.56,1678.09,1682.72,5092.6303
2026-06-05 10:00:00,1682.73,1685.03,1672.27,1677.53,8334.9157
2026-06-05 10:15:00,1677.53,1678.25,1672.05,1676.64,3915.2517
2026-06-05 10:30:00,1676.64,1682.19,1672.39,1680.07,4863.712
2026-06-05 10:45:00,1680.07,1680.07,1672.55,1676.87,5627.6302
2026-06-05 11:00:00,1676.86,1677.4,1668.11,1670.32,4764.9133
2026-06-05 11:15:00,1670.32,1681.8,1668.45,1677.9,9364.812
2026-06-05 11:30:00,1677.9,1678.96,1667.65,1667.66,5302.4164
2026-06-05 11:45:00,1667.66,1671.34,1663.0,1663.44,6371.2276
2026-06-05 12:00:00,1663.43,1669.15,1652.0,1660.52,14337.4596
2026-06-05 12:15:00,1660.51,1671.47,1660.49,1664.25,5842.2613
2026-06-05 12:30:00,1664.26,1671.31,1646.1,1656.55,14152.8283
2026-06-05 12:45:00,1656.55,1659.39,1651.75,1657.28,6277.4905
2026-06-05 13:00:00,1657.28,1672.26,1656.88,1666.91,10532.4343
2026-06-05 13:15:00,1666.9,1674.33,1663.97,1665.41,8160.5848
2026-06-05 13:30:00,1665.4,1677.7,1652.15,1655.28,16421.4678
2026-06-05 13:45:00,1655.31,1657.07,1612.35,1615.04,32874.0962
2026-06-05 14:00:00,1615.05,1624.56,1590.8,1615.77,54198.8153
2026-06-05 14:15:00,1615.77,1622.61,1596.5,1603.42,21074.3328
2026-06-05 14:30:00,1603.41,1623.18,1596.63,1609.84,19799.1578
2026-06-05 14:45:00,1609.84,1618.27,1595.48,1600.96,23145.2987
2026-06-05 15:00:00,1600.96,1603.01,1579.03,1584.2,30224.0943
2026-06-05 15:15:00,1584.2,1604.6,1580.0,1594.77,16299.8506
2026-06-05 15:30:00,1594.76,1599.15,1572.22,1584.87,20248.1322
2026-06-05 15:45:00,1584.88,1589.06,1575.71,1583.29,10744.7165
2026-06-05 16:00:00,1583.29,1593.09,1547.01,1587.28,45619.1948
2026-06-05 16:15:00,1587.27,1608.59,1581.42,1593.81,29715.2203
2026-06-05 16:30:00,1593.8,1597.12,1578.95,1583.07,11330.4925
2026-06-05 16:45:00,1583.06,1612.44,1582.79,1608.49,14129.265
2026-06-05 17:00:00,1608.48,1612.89,1595.2,1599.46,11790.5126
2026-06-05 17:15:00,1599.46,1600.09,1588.0,1589.42,10273.259
2026-06-05 17:30:00,1589.42,1603.7,1588.37,1592.92,6954.684
2026-06-05 17:45:00,1592.93,1595.65,1589.04,1594.28,6152.2555
2026-06-05 18:00:00,1594.28,1598.66,1588.78,1589.37,6491.0929
2026-06-05 18:15:00,1589.37,1590.21,1563.0,1565.25,17105.3338
2026-06-05 18:30:00,1565.25,1576.41,1555.0,1564.95,19576.1981
2026-06-05 18:45:00,1564.95,1566.02,1544.68,1553.26,22400.6721
2026-06-05 19:00:00,1553.26,1560.83,1543.33,1551.36,17086.532
2026-06-05 19:15:00,1551.35,1561.59,1540.19,1560.99,17075.0781
2026-06-05 19:30:00,1560.98,1561.59,1545.14,1553.11,14654.8668
2026-06-05 19:45:00,1553.11,1580.3,1553.05,1574.06,17053.4215
2026-06-05 20:00:00,1574.07,1591.06,1557.36,1584.09,17238.9378
2026-06-05 20:15:00,1584.09,1601.01,1580.67,1594.94,17071.4251
2026-06-05 20:30:00,1594.95,1603.2,1590.68,1599.0,10981.0472
2026-06-05 20:45:00,1599.01,1608.5,1595.6,1603.38,11610.5851
2026-06-05 21:00:00,1603.38,1615.5,1602.45,1613.24,10344.6469
2026-06-05 21:15:00,1613.24,1616.41,1607.73,1611.42,22428.875
2026-06-05 21:30:00,1611.41,1616.51,1607.1,1613.94,4363.3333
2026-06-05 21:45:00,1613.94,1619.3,1609.13,1609.8,3277.4456
2026-06-05 22:00:00,1609.81,1610.25,1589.68,1594.12,10261.0681
2026-06-05 22:15:00,1594.11,1603.75,1591.34,1594.67,8875.6812
2026-06-05 22:30:00,1594.68,1605.44,1591.8,1599.11,7137.8597
2026-06-05 22:45:00,1599.11,1602.6,1592.37,1597.14,6773.9893
2026-06-05 23:00:00,1597.14,1603.89,1592.33,1592.49,7602.6356
2026-06-05 23:15:00,1592.48,1592.79,1570.37,1574.66,13722.157
2026-06-05 23:30:00,1574.65,1575.48,1561.07,1571.91,8573.6985
2026-06-05 23:45:00,1571.91,1584.3,1568.01,1583.4,3743.5804
2026-06-06 00:00:00,1583.4,1601.22,1582.71,1598.36,6344.6823
2026-06-06 00:15:00,1598.36,1600.73,1590.29,1595.75,4421.117
2026-06-06 00:30:00,1595.75,1599.72,1592.02,1593.25,3078.4059
2026-06-06 00:45:00,1593.25,1598.59,1591.29,1593.03,3476.5281
2026-06-06 01:00:00,1593.04,1596.77,1584.58,1585.4,2779.7491
2026-06-06 01:15:00,1585.39,1592.98,1578.15,1592.78,4054.8056
2026-06-06 01:30:00,1592.77,1592.77,1582.51,1584.41,2769.4568
2026-06-06 01:45:00,1584.4,1588.14,1580.0,1583.16,3084.5447
2026-06-06 02:00:00,1583.16,1583.57,1575.62,1575.65,4437.2627
2026-06-06 02:15:00,1575.66,1578.96,1566.66,1572.86,5440.0329
2026-06-06 02:30:00,1572.85,1581.11,1571.2,1576.8,5909.6621
2026-06-06 02:45:00,1576.8,1585.84,1574.59,1576.2,3809.9591
2026-06-06 03:00:00,1576.2,1576.73,1568.37,1570.78,4577.5641
2026-06-06 03:15:00,1570.78,1572.47,1562.85,1566.64,4593.0737
2026-06-06 03:30:00,1566.64,1566.74,1555.28,1562.72,6049.8542
2026-06-06 03:45:00,1562.72,1567.86,1559.41,1563.34,3777.6988
2026-06-06 04:00:00,1563.34,1569.57,1538.69,1541.83,14896.983
2026-06-06 04:15:00,1541.83,1548.55,1528.88,1533.79,13650.3055
2026-06-06 04:30:00,1533.79,1535.5,1510.43,1520.5,17581.0181
2026-06-06 04:45:00,1520.5,1530.58,1515.67,1522.56,7255.3139
2026-06-06 05:00:00,1522.57,1531.37,1505.68,1518.97,19454.6051
2026-06-06 05:15:00,1518.96,1565.3,1517.9,1549.6,18054.1126
2026-06-06 05:30:00,1549.59,1563.65,1549.1,1560.39,11663.9102
2026-06-06 05:45:00,1560.38,1569.17,1557.16,1566.71,11089.1931
2026-06-06 06:00:00,1566.72,1577.72,1566.65,1576.25,11003.8256
2026-06-06 06:15:00,1576.25,1581.62,1571.2,1574.73,8388.1663
2026-06-06 06:30:00,1574.72,1578.9,1563.52,1563.53,7636.8363
2026-06-06 06:45:00,1563.52,1566.84,1556.01,1560.16,11241.3572
2026-06-06 07:00:00,1560.1,1575.5,1556.07,1574.45,10311.0097
2026-06-06 07:15:00,1574.44,1580.22,1566.07,1567.99,9921.4769
2026-06-06 07:30:00,1568.0,1577.63,1567.01,1576.85,7041.5317
2026-06-06 07:45:00,1576.85,1578.37,1574.66,1575.14,2846.1493
2026-06-06 08:00:00,1575.14,1578.97,1570.01,1578.3,2631.5624
2026-06-06 08:15:00,1578.29,1588.32,1573.26,1585.85,5476.9119
2026-06-06 08:30:00,1585.84,1593.04,1583.66,1587.61,5786.0793
2026-06-06 08:45:00,1587.6,1588.24,1581.57,1582.57,3571.9813
2026-06-06 09:00:00,1582.56,1587.2,1577.42,1580.93,4210.4812
2026-06-06 09:15:00,1580.92,1587.64,1576.71,1587.17,4001.5893
2026-06-06 09:30:00,1587.17,1588.53,1578.22,1579.47,3378.8262
2026-06-06 09:45:00,1579.47,1580.68,1565.97,1570.69,6490.4635
2026-06-06 10:00:00,1570.7,1570.7,1555.49,1556.36,10481.905
2026-06-06 10:15:00,1556.36,1561.59,1552.71,1554.44,6115.1393
2026-06-06 10:30:00,1554.44,1555.26,1536.44,1544.39,14938.8549
2026-06-06 10:45:00,1544.4,1549.33,1535.68,1548.27,7723.457
2026-06-06 11:00:00,1548.26,1557.42,1547.24,1554.64,5178.2179
2026-06-06 11:15:00,1554.64,1564.92,1553.14,1564.21,8482.7383
2026-06-06 11:30:00,1564.21,1566.21,1559.55,1560.78,4554.9227
2026-06-06 11:45:00,1560.78,1567.4,1556.21,1558.89,3711.5999
2026-06-06 12:00:00,1558.9,1565.86,1558.68,1563.78,5483.0123
2026-06-06 12:15:00,1563.77,1565.17,1554.92,1554.92,6180.5334
2026-06-06 12:30:00,1554.91,1563.54,1551.56,1562.21,4931.1728
2026-06-06 12:45:00,1562.2,1575.82,1560.6,1571.32,9390.9965
2026-06-06 13:00:00,1571.32,1573.36,1567.06,1568.36,2838.4977
2026-06-06 13:15:00,1568.36,1571.77,1561.0,1561.78,6679.5768
2026-06-06 13:30:00,1561.78,1563.96,1553.92,1563.83,16906.4597
2026-06-06 13:45:00,1563.83,1567.91,1555.62,1557.03,6104.6847
2026-06-06 14:00:00,1557.04,1563.97,1556.09,1561.11,8571.8145
2026-06-06 14:15:00,1561.1,1566.43,1557.77,1561.04,5961.5264
2026-06-06 14:30:00,1561.03,1565.34,1558.65,1563.42,5775.5111
2026-06-06 14:45:00,1563.42,1566.96,1557.03,1557.7,6672.9719
2026-06-06 15:00:00,1557.71,1561.52,1549.4,1551.81,7915.6113
2026-06-06 15:15:00,1551.81,1558.12,1544.87,1555.79,7401.7676
2026-06-06 15:30:00,1555.79,1564.99,1553.17,1563.6,4703.5206
2026-06-06 15:45:00,1563.6,1565.84,1558.52,1560.45,2430.0316
2026-06-06 16:00:00,1560.45,1565.81,1557.08,1560.74,3043.7131
2026-06-06 16:15:00,1560.73,1561.85,1555.0,1556.47,3629.7889
2026-06-06 16:30:00,1556.47,1562.47,1553.36,1561.8,4891.4286
2026-06-06 16:45:00,1561.8,1566.0,1560.12,1563.57,3686.416
2026-06-06 17:00:00,1563.58,1566.51,1558.14,1562.37,2474.9408
2026-06-06 17:15:00,1562.36,1563.29,1556.72,1559.99,3584.8801
2026-06-06 17:30:00,1560.0,1564.65,1551.81,1556.24,7173.1223
2026-06-06 17:45:00,1556.23,1557.85,1547.05,1553.54,7371.7845
2026-06-06 18:00:00,1553.53,1555.89,1550.01,1552.0,5093.1557
2026-06-06 18:15:00,1552.0,1566.25,1550.54,1563.82,7244.8416
2026-06-06 18:30:00,1563.81,1563.81,1556.06,1557.45,2079.8423
2026-06-06 18:45:00,1557.46,1558.51,1552.65,1556.58,2178.5119
2026-06-06 19:00:00,1556.59,1563.51,1554.93,1560.36,2832.6125
2026-06-06 19:15:00,1560.35,1560.45,1555.88,1556.14,2029.028
2026-06-06 19:30:00,1556.14,1557.02,1553.52,1555.25,1774.3816
2026-06-06 19:45:00,1555.25,1558.35,1554.23,1554.56,1766.4668
2026-06-06 20:00:00,1554.55,1556.14,1551.09,1553.12,2696.1294
2026-06-06 20:15:00,1553.12,1555.12,1551.13,1552.65,2066.9419
2026-06-06 20:30:00,1552.64,1559.54,1550.85,1559.3,4532.7902
2026-06-06 20:45:00,1559.29,1559.99,1555.43,1557.61,1873.0889
2026-06-06 21:00:00,1557.62,1563.14,1557.62,1561.0,3021.2017
2026-06-06 21:15:00,1561.0,1564.12,1559.44,1561.52,2678.8488
2026-06-06 21:30:00,1561.52,1565.21,1560.21,1561.18,1553.6136
2026-06-06 21:45:00,1561.19,1562.55,1557.91,1558.2,1112.139
2026-06-06 22:00:00,1558.2,1560.9,1553.21,1555.9,3377.8527
2026-06-06 22:15:00,1555.91,1561.93,1551.57,1553.48,3260.5028
2026-06-06 22:30:00,1553.48,1558.01,1553.22,1557.47,1716.1699
2026-06-06 22:45:00,1557.48,1561.76,1557.48,1558.33,1704.7543
2026-06-06 23:00:00,1558.33,1564.0,1558.0,1562.68,2017.092
2026-06-06 23:15:00,1562.68,1562.68,1556.86,1560.62,1595.5086
2026-06-06 23:30:00,1560.62,1569.71,1560.27,1567.71,6168.3897
2026-06-06 23:45:00,1567.71,1570.06,1566.63,1569.69,2905.8184
2026-06-07 00:00:00,1569.68,1572.42,1565.52,1566.07,2964.1319
2026-06-07 00:15:00,1566.07,1569.46,1564.1,1566.53,1521.6154
2026-06-07 00:30:00,1566.53,1572.09,1565.57,1565.75,2452.6472
2026-06-07 00:45:00,1565.74,1567.36,1565.0,1565.03,1415.5284
2026-06-07 01:00:00,1565.03,1587.68,1564.16,1586.63,6836.6974
2026-06-07 01:15:00,1586.63,1596.54,1583.52,1596.16,9475.7201
2026-06-07 01:30:00,1596.17,1596.35,1585.6,1588.99,3364.8033
2026-06-07 01:45:00,1589.0,1592.12,1585.42,1590.12,3334.7038
2026-06-07 02:00:00,1590.12,1593.89,1587.93,1589.72,2747.2674
2026-06-07 02:15:00,1589.72,1589.86,1582.97,1585.25,2814.9302
2026-06-07 02:30:00,1585.26,1586.82,1582.39,1586.82,2059.1138
2026-06-07 02:45:00,1586.83,1594.92,1586.6,1592.67,5161.0541
2026-06-07 03:00:00,1592.67,1593.6,1589.72,1593.51,2326.5704
2026-06-07 03:15:00,1593.51,1600.51,1591.61,1595.91,4501.3701
2026-06-07 03:30:00,1595.91,1597.99,1590.89,1594.72,2703.7117
2026-06-07 03:45:00,1594.72,1595.5,1591.83,1595.01,3103.2518
2026-06-07 04:00:00,1595.0,1595.67,1587.74,1589.33,3278.6597
2026-06-07 04:15:00,1589.33,1591.13,1585.0,1586.81,2738.1425
2026-06-07 04:30:00,1586.8,1599.1,1586.29,1596.06,2851.1004
2026-06-07 04:45:00,1596.07,1598.24,1593.99,1597.0,3642.3221
2026-06-07 05:00:00,1597.0,1606.88,1593.25,1600.17,5476.1947
2026-06-07 05:15:00,1600.16,1609.96,1597.7,1603.63,7311.1563
2026-06-07 05:30:00,1603.64,1608.42,1600.0,1608.06,3085.7274
2026-06-07 05:45:00,1608.06,1608.16,1602.64,1604.02,2678.471
2026-06-07 06:00:00,1604.02,1604.39,1598.54,1600.25,3276.6511
2026-06-07 06:15:00,1600.25,1622.0,1598.58,1618.24,12713.5858
2026-06-07 06:30:00,1618.23,1623.52,1613.22,1614.45,9294.2051
2026-06-07 06:45:00,1614.45,1615.92,1610.69,1612.01,9893.4842
2026-06-07 07:00:00,1612.01,1615.34,1606.99,1610.21,12126.1503
2026-06-07 07:15:00,1610.21,1613.96,1608.42,1613.72,2919.1013
2026-06-07 07:30:00,1613.72,1615.43,1610.36,1612.33,3454.3759
2026-06-07 07:45:00,1612.33,1616.46,1611.19,1615.18,3732.8785
2026-06-07 08:00:00,1615.18,1616.21,1608.39,1613.31,2642.3547
2026-06-07 08:15:00,1613.32,1619.0,1610.08,1618.26,3061.1615
2026-06-07 08:30:00,1618.27,1622.15,1615.48,1621.95,4525.7086
2026-06-07 08:45:00,1621.94,1642.27,1621.74,1641.35,16832.1848
2026-06-07 09:00:00,1641.35,1643.26,1637.03,1642.98,7053.4064
2026-06-07 09:15:00,1642.98,1648.7,1636.3,1641.63,8586.251
2026-06-07 09:30:00,1641.63,1641.64,1633.18,1634.28,3516.3113
2026-06-07 09:45:00,1634.28,1636.67,1627.9,1633.52,4446.7188
2026-06-07 10:00:00,1633.53,1634.92,1627.98,1628.89,2869.147
2026-06-07 10:15:00,1628.9,1635.71,1628.75,1633.58,2348.9004
2026-06-07 10:30:00,1633.57,1635.73,1628.63,1630.01,3763.8701
2026-06-07 10:45:00,1630.01,1630.01,1624.78,1625.7,7282.3283
2026-06-07 11:00:00,1625.7,1628.08,1622.22,1626.64,6101.4886
2026-06-07 11:15:00,1626.64,1630.4,1625.59,1628.51,2343.6646
2026-06-07 11:30:00,1628.51,1633.33,1626.01,1632.9,2245.2494
2026-06-07 11:45:00,1632.9,1633.99,1629.35,1630.12,2186.547
2026-06-07 12:00:00,1630.12,1631.24,1609.77,1612.92,7742.1432
2026-06-07 12:15:00,1612.91,1618.42,1609.1,1610.93,6302.7062
2026-06-07 12:30:00,1610.92,1618.0,1607.0,1616.02,8142.0813
2026-06-07 12:45:00,1616.02,1622.37,1615.73,1620.17,3426.4352
2026-06-07 13:00:00,1620.17,1621.34,1613.36,1620.59,3417.5382
2026-06-07 13:15:00,1620.58,1623.0,1615.58,1621.21,2582.34
2026-06-07 13:30:00,1621.21,1622.39,1615.57,1617.56,2236.7006
2026-06-07 13:45:00,1617.56,1619.79,1615.0,1617.46,1974.9489
2026-06-07 14:00:00,1617.46,1621.12,1616.91,1618.54,3673.51
2026-06-07 14:15:00,1618.55,1633.69,1617.55,1630.47,8346.811
2026-06-07 14:30:00,1630.46,1640.0,1625.0,1626.34,8158.3761
2026-06-07 14:45:00,1626.35,1628.61,1621.76,1628.13,3095.0709
2026-06-07 15:00:00,1628.12,1628.12,1620.85,1627.15,2933.8353
2026-06-07 15:15:00,1627.15,1632.33,1623.48,1632.02,3680.5385
2026-06-07 15:30:00,1632.02,1636.12,1629.98,1632.78,4507.3426
2026-06-07 15:45:00,1632.78,1633.05,1627.04,1630.07,2815.4117
2026-06-07 16:00:00,1630.07,1631.13,1623.37,1630.25,4369.7782
2026-06-07 16:15:00,1630.26,1633.0,1627.29,1628.26,4258.0915
2026-06-07 16:30:00,1628.25,1631.99,1627.51,1629.62,2347.8627
2026-06-07 16:45:00,1629.62,1633.52,1625.82,1628.52,2476.1394
2026-06-07 17:00:00,1628.52,1636.7,1627.65,1635.25,3503.899
2026-06-07 17:15:00,1635.26,1637.56,1632.87,1635.33,6489.6884
2026-06-07 17:30:00,1635.33,1638.0,1633.05,1633.63,4228.7715
2026-06-07 17:45:00,1633.62,1633.64,1629.01,1631.35,2574.9702
2026-06-07 18:00:00,1631.34,1635.54,1630.35,1634.83,1388.6677
2026-06-07 18:15:00,1634.84,1634.98,1629.0,1633.11,1400.9483
2026-06-07 18:30:00,1633.11,1636.74,1633.03,1634.26,1754.1073
2026-06-07 18:45:00,1634.25,1635.82,1629.46,1630.36,1561.0433
2026-06-07 19:00:00,1630.37,1630.56,1613.78,1616.73,6731.0026
2026-06-07 19:15:00,1616.73,1616.73,1604.0,1611.07,9942.1812
2026-06-07 19:30:00,1611.07,1611.93,1607.13,1607.88,3276.8168
2026-06-07 19:45:00,1607.88,1617.65,1605.36,1613.11,3900.4783
2026-06-07 20:00:00,1613.1,1623.01,1609.43,1620.96,3154.2624
2026-06-07 20:15:00,1620.96,1631.65,1618.32,1624.93,4139.0006
2026-06-07 20:30:00,1624.94,1627.1,1622.6,1624.71,1765.4967
2026-06-07 20:45:00,1624.7,1630.77,1624.2,1628.14,1881.4072
2026-06-07 21:00:00,1628.14,1632.34,1623.72,1630.85,1887.7289
2026-06-07 21:15:00,1630.85,1631.75,1627.2,1628.36,2113.7768
2026-06-07 21:30:00,1628.36,1630.5,1625.21,1625.72,1580.0113
2026-06-07 21:45:00,1625.72,1634.57,1625.72,1634.53,1711.7315
2026-06-07 22:00:00,1634.53,1707.42,1629.05,1700.95,24840.645
2026-06-07 22:15:00,1701.46,1721.93,1669.68,1676.15,21717.4116
2026-06-07 22:30:00,1676.15,1689.55,1669.75,1681.98,6960.273
2026-06-07 22:45:00,1682.0,1687.0,1671.49,1672.56,6815.6642
2026-06-07 23:00:00,1672.55,1681.27,1670.76,1680.14,6352.8098
2026-06-07 23:15:00,1680.15,1685.48,1672.36,1685.2,5024.3933
2026-06-07 23:30:00,1685.19,1685.44,1679.03,1684.7,2370.6083
2026-06-07 23:45:00,1684.69,1691.93,1680.32,1690.51,7664.5184
2026-06-08 00:00:00,1690.5,1691.84,1683.24,1686.75,4234.5493
2026-06-08 00:15:00,1686.75,1698.48,1683.94,1698.47,6467.2929
2026-06-08 00:30:00,1698.48,1711.58,1694.76,1702.68,10626.5635
2026-06-08 00:45:00,1702.68,1707.73,1693.75,1697.59,7126.4828
2026-06-08 01:00:00,1697.6,1700.2,1683.34,1683.34,6676.1634
2026-06-08 01:15:00,1683.35,1684.05,1673.04,1674.68,7284.719
2026-06-08 01:30:00,1674.69,1684.0,1670.94,1683.22,5104.6556
2026-06-08 01:45:00,1683.23,1688.4,1680.0,1687.34,4325.6078
2026-06-08 02:00:00,1687.34,1689.5,1680.62,1685.61,2937.4641
2026-06-08 02:15:00,1685.6,1688.06,1679.84,1685.22,3097.7718
2026-06-08 02:30:00,1685.22,1686.92,1678.07,1684.01,3796.8502
2026-06-08 02:45:00,1684.01,1685.07,1679.92,1683.9,2484.8393
2026-06-08 03:00:00,1683.91,1692.62,1678.85,1688.06,3799.0153
2026-06-08 03:15:00,1688.05,1688.62,1680.56,1680.94,2561.3322
2026-06-08 03:30:00,1680.93,1683.41,1677.26,1678.66,2507.3699
2026-06-08 03:45:00,1678.67,1680.38,1677.0,1680.01,1439.3614
2026-06-08 04:00:00,1680.02,1681.0,1665.04,1669.21,5630.0974
2026-06-08 04:15:00,1669.21,1670.0,1662.71,1666.86,3367.2044
2026-06-08 04:30:00,1666.86,1668.22,1655.95,1657.26,5901.6114
2026-06-08 04:45:00,1657.25,1664.54,1657.05,1657.05,4102.9477
2026-06-08 05:00:00,1657.05,1659.87,1648.31,1649.09,6257.3489
2026-06-08 05:15:00,1649.1,1658.57,1647.11,1656.86,5170.44
2026-06-08 05:30:00,1656.86,1656.97,1645.0,1647.5,3577.9229
2026-06-08 05:45:00,1647.5,1654.0,1647.02,1653.68,2364.174
2026-06-08 06:00:00,1653.68,1664.65,1652.78,1663.63,4739.2224
2026-06-08 06:15:00,1663.63,1669.99,1660.73,1667.92,5042.5887
2026-06-08 06:30:00,1667.92,1668.15,1662.48,1666.89,2057.3107
2026-06-08 06:45:00,1666.89,1667.66,1663.78,1666.53,1500.5352
2026-06-08 07:00:00,1666.54,1672.78,1661.63,1668.56,3366.5738
2026-06-08 07:15:00,1668.57,1676.5,1665.47,1673.61,5087.991
2026-06-08 07:30:00,1673.61,1682.07,1671.56,1672.34,6456.372
2026-06-08 07:45:00,1672.34,1683.49,1671.49,1673.47,9059.6788
2026-06-08 08:00:00,1673.46,1673.46,1665.21,1669.39,6839.2083
2026-06-08 08:15:00,1669.39,1670.42,1662.67,1667.06,3861.9915
2026-06-08 08:30:00,1667.07,1669.7,1663.11,1665.32,2738.539
2026-06-08 08:45:00,1665.32,1665.78,1658.76,1661.17,4684.6883
2026-06-08 09:00:00,1661.17,1666.2,1657.69,1665.07,4473.4653
2026-06-08 09:15:00,1665.06,1671.5,1662.03,1662.83,3964.4839
2026-06-08 09:30:00,1662.84,1667.09,1657.21,1663.32,5899.5077
2026-06-08 09:45:00,1663.31,1672.0,1662.61,1671.1,4241.0034
2026-06-08 10:00:00,1671.09,1672.7,1667.47,1669.79,2693.4837
2026-06-08 10:15:00,1669.79,1670.44,1663.93,1665.53,2107.9038
2026-06-08 10:30:00,1665.53,1676.95,1663.32,1671.65,4851.2272
2026-06-08 10:45:00,1671.64,1672.97,1669.3,1672.36,2126.5868
2026-06-08 11:00:00,1672.37,1681.59,1667.81,1681.44,6932.1611
2026-06-08 11:15:00,1681.43,1695.44,1680.7,1688.77,8595.6362
2026-06-08 11:30:00,1688.77,1696.77,1685.0,1688.8,6313.739
2026-06-08 11:45:00,1688.81,1689.47,1681.9,1683.76,3421.7767
2026-06-08 12:00:00,1683.77,1689.51,1667.46,1668.37,10642.5482
2026-06-08 12:15:00,1668.37,1679.53,1668.29,1679.41,6579.04
2026-06-08 12:30:00,1679.41,1695.84,1678.09,1692.6,7442.2363
2026-06-08 12:45:00,1692.6,1698.9,1687.77,1695.61,5830.0618
2026-06-08 13:00:00,1695.6,1696.36,1690.58,1691.99,3464.4515
2026-06-08 13:15:00,1691.99,1696.82,1687.08,1688.89,5028.1848
2026-06-08 13:30:00,1688.88,1692.55,1681.29,1682.95,16997.9389
2026-06-08 13:45:00,1682.96,1689.66,1678.44,1681.59,11414.6431
2026-06-08 14:00:00,1681.59,1689.16,1676.55,1687.31,6620.9838
2026-06-08 14:15:00,1687.3,1687.84,1680.72,1684.75,6291.9039
2026-06-08 14:30:00,1684.75,1689.85,1682.54,1686.73,5968.6237
2026-06-08 14:45:00,1686.74,1694.46,1683.6,1691.25,16498.4353
2026-06-08 15:00:00,1691.24,1705.26,1690.82,1704.08,8083.3667
2026-06-08 15:15:00,1704.08,1706.22,1694.25,1695.71,7590.7194
2026-06-08 15:30:00,1695.72,1696.19,1690.02,1694.19,5142.0095
2026-06-08 15:45:00,1694.19,1700.64,1688.69,1691.59,5610.1515
2026-06-08 16:00:00,1691.59,1698.32,1687.97,1695.13,3650.8799
2026-06-08 16:15:00,1695.13,1703.88,1695.12,1697.57,7617.01
2026-06-08 16:30:00,1697.58,1697.74,1690.49,1692.78,5272.5996
2026-06-08 16:45:00,1692.77,1693.36,1682.69,1682.7,5395.1356
2026-06-08 17:00:00,1682.7,1684.36,1675.8,1678.64,7238.7577
2026-06-08 17:15:00,1678.64,1687.86,1678.64,1686.67,4194.5855
2026-06-08 17:30:00,1686.67,1686.7,1677.42,1680.59,3703.027
2026-06-08 17:45:00,1680.58,1686.89,1680.41,1686.8,3164.0065
2026-06-08 18:00:00,1686.81,1692.54,1685.82,1687.82,3843.4309
2026-06-08 18:15:00,1687.82,1688.79,1684.81,1688.06,2446.3585
2026-06-08 18:30:00,1688.06,1690.08,1681.1,1683.54,3348.1621
2026-06-08 18:45:00,1683.54,1686.64,1678.69,1684.71,2585.9721
2026-06-08 19:00:00,1684.71,1688.83,1681.14,1684.17,4478.5862
2026-06-08 19:15:00,1684.16,1690.45,1681.77,1687.51,5109.5365
2026-06-08 19:30:00,1687.52,1690.32,1685.0,1689.2,4118.2998
2026-06-08 19:45:00,1689.21,1691.76,1682.97,1684.78,6474.7237
2026-06-08 20:00:00,1684.78,1688.79,1681.41,1682.94,2923.1418
2026-06-08 20:15:00,1682.95,1685.98,1679.28,1679.63,3483.3555
2026-06-08 20:30:00,1679.62,1689.15,1679.25,1687.01,2084.5305
2026-06-08 20:45:00,1687.01,1689.71,1686.0,1689.71,2271.7513
2026-06-08 21:00:00,1689.71,1714.05,1689.71,1709.17,9806.9526
2026-06-08 21:15:00,1709.17,1712.91,1705.05,1709.44,3873.6355
2026-06-08 21:30:00,1709.44,1714.5,1707.72,1714.08,2912.4103
2026-06-08 21:45:00,1714.08,1714.15,1703.51,1703.52,2627.6615
2026-06-08 22:00:00,1703.51,1703.51,1691.0,1691.28,4333.4744
2026-06-08 22:15:00,1691.28,1697.12,1688.36,1694.96,2866.6338
2026-06-08 22:30:00,1694.96,1697.21,1692.0,1696.64,2032.6762
2026-06-08 22:45:00,1696.63,1704.19,1695.16,1703.22,1651.0814
2026-06-08 23:00:00,1703.21,1714.45,1702.38,1712.19,3164.489
2026-06-08 23:15:00,1712.18,1712.19,1694.87,1697.66,2664.195
2026-06-08 23:30:00,1697.65,1700.09,1693.21,1696.82,1731.8069
2026-06-08 23:45:00,1696.83,1696.89,1686.72,1690.49,7855.6867
2026-06-09 00:00:00,1690.48,1692.04,1683.92,1685.68,3846.4154
2026-06-09 00:15:00,1685.68,1696.88,1672.64,1675.52,10342.6562
2026-06-09 00:30:00,1675.53,1676.91,1664.53,1672.03,7090.6651
2026-06-09 00:45:00,1672.04,1672.1,1660.0,1663.26,7423.7215
2026-06-09 01:00:00,1663.26,1667.88,1658.8,1664.27,4869.9538
2026-06-09 01:15:00,1664.27,1673.92,1663.53,1670.32,3638.6987
2026-06-09 01:30:00,1670.32,1674.27,1667.65,1669.63,1673.1306
2026-06-09 01:45:00,1669.64,1672.48,1666.51,1669.02,1452.0251
2026-06-09 02:00:00,1669.01,1672.19,1667.43,1667.44,1921.1148
2026-06-09 02:15:00,1667.43,1667.52,1660.89,1665.37,5094.3384
2026-06-09 02:30:00,1665.36,1666.84,1654.63,1661.74,4512.7165
2026-06-09 02:45:00,1661.74,1668.56,1659.67,1667.89,5083.9276
2026-06-09 03:00:00,1667.88,1669.5,1665.18,1668.9,2487.9807
2026-06-09 03:15:00,1668.9,1671.68,1666.96,1668.65,2203.7817
2026-06-09 03:30:00,1668.65,1670.1,1663.83,1668.49,1890.0485
2026-06-09 03:45:00,1668.49,1670.03,1665.19,1669.44,2085.3338
2026-06-09 04:00:00,1669.44,1672.47,1665.01,1669.96,2582.5905
2026-06-09 04:15:00,1669.95,1670.37,1666.04,1666.18,2087.2938
2026-06-09 04:30:00,1666.18,1691.41,1664.33,1685.79,7664.8324
2026-06-09 04:45:00,1685.78,1696.41,1683.41,1686.35,5332.2124
2026-06-09 05:00:00,1686.36,1688.88,1681.53,1687.47,2208.489
2026-06-09 05:15:00,1687.47,1691.63,1687.15,1687.96,2816.8463
2026-06-09 05:30:00,1687.98,1695.23,1686.89,1690.65,3144.7414
2026-06-09 05:45:00,1690.64,1692.54,1687.44,1688.25,2280.9424
2026-06-09 06:00:00,1688.25,1691.0,1685.74,1689.26,3135.1367
2026-06-09 06:15:00,1689.26,1695.49,1687.8,1692.61,4523.1343
2026-06-09 06:30:00,1692.62,1693.51,1687.49,1688.66,2115.1121
2026-06-09 06:45:00,1688.65,1690.49,1684.06,1685.98,2522.7757
2026-06-09 07:00:00,1685.99,1691.59,1685.99,1686.43,1443.003
2026-06-09 07:15:00,1686.42,1689.95,1675.2,1675.89,5751.3743
2026-06-09 07:30:00,1675.9,1681.74,1675.9,1681.23,4312.2092
2026-06-09 07:45:00,1681.23,1681.9,1677.67,1679.86,3774.3375
2026-06-09 08:00:00,1679.86,1680.64,1668.16,1675.43,7604.8821
2026-06-09 08:15:00,1675.43,1677.29,1671.35,1674.98,1686.9511
2026-06-09 08:30:00,1674.97,1679.51,1673.77,1677.87,1727.7279
2026-06-09 08:45:00,1677.87,1679.25,1674.42,1675.28,2014.1094
2026-06-09 09:00:00,1675.28,1677.23,1672.99,1677.09,1153.7102
2026-06-09 09:15:00,1677.09,1680.16,1675.0,1675.0,2407.0554
2026-06-09 09:30:00,1675.01,1675.12,1665.0,1669.21,4624.7514
2026-06-09 09:45:00,1669.22,1671.3,1669.11,1670.61,1792.2295
2026-06-09 10:00:00,1670.6,1673.42,1667.11,1672.89,3728.3787
2026-06-09 10:15:00,1672.9,1674.68,1670.56,1673.29,1331.3265
2026-06-09 10:30:00,1673.29,1673.54,1669.15,1671.64,910.7189
2026-06-09 10:45:00,1671.64,1676.41,1670.16,1674.72,2315.2942
2026-06-09 11:00:00,1674.72,1675.46,1668.58,1668.59,2061.4535
2026-06-09 11:15:00,1668.59,1670.09,1666.12,1668.73,1310.7355
2026-06-09 11:30:00,1668.72,1672.92,1667.43,1671.21,1395.562
2026-06-09 11:45:00,1671.2,1673.68,1669.14,1671.96,2974.6759
2026-06-09 12:00:00,1671.96,1683.32,1671.04,1681.52,7172.6111
2026-06-09 12:15:00,1681.51,1681.75,1675.86,1677.1,1903.8331
2026-06-09 12:30:00,1677.1,1679.09,1673.98,1674.04,1487.2405
2026-06-09 12:45:00,1674.05,1678.07,1671.58,1676.9,5051.9467
2026-06-09 13:00:00,1676.9,1680.63,1674.93,1675.88,3997.5519
2026-06-09 13:15:00,1675.88,1676.86,1667.37,1670.57,4571.8029
2026-06-09 13:30:00,1670.56,1675.77,1664.05,1673.13,7585.1713
2026-06-09 13:45:00,1673.13,1678.47,1666.58,1666.71,6371.6444
2026-06-09 14:00:00,1666.71,1670.84,1656.58,1657.04,9297.7035
2026-06-09 14:15:00,1657.04,1659.68,1638.52,1639.58,15905.3665
2026-06-09 14:30:00,1639.56,1646.19,1635.36,1636.98,9902.1092
2026-06-09 14:45:00,1636.98,1646.03,1633.84,1645.9,8835.1393
2026-06-09 15:00:00,1645.9,1653.89,1641.34,1651.36,9009.9346
2026-06-09 15:15:00,1651.35,1653.02,1639.36,1639.95,5555.5307
2026-06-09 15:30:00,1639.94,1645.0,1637.08,1641.28,6815.9797
2026-06-09 15:45:00,1641.29,1644.3,1634.45,1636.4,6287.3361
2026-06-09 16:00:00,1636.4,1639.35,1625.36,1629.37,10180.7218
2026-06-09 16:15:00,1629.37,1633.44,1622.36,1630.47,7407.8169
2026-06-09 16:30:00,1630.46,1635.25,1614.02,1628.76,12205.8227
2026-06-09 16:45:00,1628.75,1634.57,1624.72,1632.27,6586.7087
2026-06-09 17:00:00,1632.28,1644.69,1632.18,1641.52,7062.614
2026-06-09 17:15:00,1641.51,1649.76,1640.86,1645.03,5653.4058
2026-06-09 17:30:00,1645.03,1649.2,1642.68,1643.84,3616.5028
2026-06-09 17:45:00,1643.85,1646.05,1639.51,1643.04,3366.7144
2026-06-09 18:00:00,1643.03,1647.31,1639.87,1645.61,3529.6376
2026-06-09 18:15:00,1645.6,1655.49,1644.35,1648.93,5049.7094
2026-06-09 18:30:00,1648.93,1653.32,1646.74,1646.98,2038.0847
2026-06-09 18:45:00,1646.99,1653.65,1646.99,1652.28,1322.6878
2026-06-09 19:00:00,1652.27,1655.3,1648.9,1649.43,2083.8827
2026-06-09 19:15:00,1649.44,1653.08,1648.24,1652.24,2565.7748
2026-06-09 19:30:00,1652.24,1658.5,1648.0,1652.65,5427.2389
2026-06-09 19:45:00,1652.65,1658.64,1647.82,1657.33,3724.9132
2026-06-09 20:00:00,1657.33,1662.28,1655.5,1662.27,3433.3105
2026-06-09 20:15:00,1662.27,1663.77,1655.99,1658.33,1467.0364
2026-06-09 20:30:00,1658.32,1662.73,1655.34,1660.5,1509.1889
2026-06-09 20:45:00,1660.51,1660.81,1658.21,1660.59,1486.8326
2026-06-09 21:00:00,1660.59,1661.69,1657.94,1659.75,1428.2119
2026-06-09 21:15:00,1659.76,1660.22,1650.96,1651.39,2585.0703
2026-06-09 21:30:00,1651.4,1653.18,1650.06,1650.85,1255.8261
2026-06-09 21:45:00,1650.85,1652.24,1647.29,1650.33,1384.6247
2026-06-09 22:00:00,1650.32,1652.36,1645.41,1652.27,1352.9648
2026-06-09 22:15:00,1652.26,1655.0,1647.53,1648.44,1453.3359
2026-06-09 22:30:00,1648.44,1650.95,1644.6,1646.02,1677.745
2026-06-09 22:45:00,1646.02,1646.92,1639.52,1640.0,2149.831
2026-06-09 23:00:00,1640.01,1641.88,1636.24,1639.05,1920.2412
2026-06-09 23:15:00,1639.05,1642.87,1635.01,1635.47,3219.1848
2026-06-09 23:30:00,1635.47,1637.35,1630.36,1637.32,3451.3615
2026-06-09 23:45:00,1637.33,1641.2,1636.01,1639.52,2448.23
2026-06-10 00:00:00,1639.52,1645.12,1638.23,1642.59,2097.1929
2026-06-10 00:15:00,1642.59,1643.99,1638.94,1643.5,879.233
2026-06-10 00:30:00,1643.5,1644.09,1629.52,1632.33,2315.6168
2026-06-10 00:45:00,1632.33,1646.83,1631.25,1645.74,2826.1701
2026-06-10 01:00:00,1645.75,1646.91,1638.78,1642.88,2343.2955
2026-06-10 01:15:00,1642.88,1645.78,1640.56,1642.27,2072.4598
2026-06-10 01:30:00,1642.26,1643.88,1633.55,1635.18,1689.0428
2026-06-10 01:45:00,1635.19,1642.23,1634.41,1638.98,1071.9589
2026-06-10 02:00:00,1638.99,1642.5,1633.92,1634.02,1223.1528
2026-06-10 02:15:00,1634.03,1634.57,1625.5,1631.33,3109.8993
2026-06-10 02:30:00,1631.33,1632.59,1622.51,1625.58,2791.0817
2026-06-10 02:45:00,1625.58,1626.15,1621.77,1624.22,1092.4047
2026-06-10 03:00:00,1624.21,1630.0,1623.52,1628.22,1264.3454
2026-06-10 03:15:00,1628.22,1636.53,1626.11,1636.32,1508.9715
2026-06-10 03:30:00,1636.32,1636.42,1629.15,1631.09,988.1779
2026-06-10 03:45:00,1631.09,1632.99,1629.03,1630.82,662.831
2026-06-10 04:00:00,1630.82,1631.59,1626.22,1630.25,938.3578
2026-06-10 04:15:00,1630.26,1632.92,1629.09,1630.46,760.9821
2026-06-10 04:30:00,1630.47,1630.47,1622.45,1624.3,1817.3545
2026-06-10 04:45:00,1624.31,1627.95,1623.07,1625.98,1074.6336
2026-06-10 05:00:00,1625.99,1627.96,1621.77,1622.48,1246.3951
2026-06-10 05:15:00,1622.48,1626.0,1616.33,1625.99,3428.6593
2026-06-10 05:30:00,1626.0,1627.14,1621.77,1625.28,1764.4408
2026-06-10 05:45:00,1625.29,1630.0,1622.23,1627.99,1563.3123
2026-06-10 06:00:00,1628.0,1630.75,1625.96,1628.71,2364.5361
2026-06-10 06:15:00,1628.7,1632.0,1627.45,1628.84,1948.4378
2026-06-10 06:30:00,1628.83,1633.32,1622.76,1631.49,2486.3221
2026-06-10 06:45:00,1631.49,1634.41,1630.0,1632.08,1242.4966
2026-06-10 07:00:00,1632.08,1635.24,1630.73,1633.82,1704.9354
2026-06-10 07:15:00,1633.82,1638.69,1633.01,1636.78,2454.8044
2026-06-10 07:30:00,1636.78,1643.58,1636.14,1641.07,2052.9365
2026-06-10 07:45:00,1641.08,1642.63,1637.94,1640.09,1913.8803
2026-06-10 08:00:00,1640.1,1640.89,1635.32,1636.55,2430.7399
2026-06-10 08:15:00,1636.56,1639.76,1632.42,1633.86,1955.3753
2026-06-10 08:30:00,1633.86,1635.69,1621.92,1622.2,3438.5824
2026-06-10 08:45:00,1622.19,1623.39,1618.18,1621.34,6925.8491
2026-06-10 09:00:00,1621.35,1623.54,1613.35,1613.75,3246.8816
2026-06-10 09:15:00,1613.75,1620.09,1606.01,1618.95,4988.9131
2026-06-10 09:30:00,1618.94,1623.74,1618.03,1621.04,1815.7298
2026-06-10 09:45:00,1621.05,1626.44,1616.48,1623.67,2555.4671
2026-06-10 10:00:00,1623.67,1624.0,1619.17,1620.72,1784.2245
2026-06-10 10:15:00,1620.73,1625.8,1618.1,1624.71,1129.5115
2026-06-10 10:30:00,1624.71,1629.09,1624.34,1626.14,1206.0209
2026-06-10 10:45:00,1626.14,1629.99,1625.0,1628.23,1381.0692
2026-06-10 11:00:00,1628.23,1630.22,1612.0,1621.57,8941.9574
2026-06-10 11:15:00,1621.58,1624.91,1612.6,1616.88,3790.4553
2026-06-10 11:30:00,1616.88,1621.89,1615.31,1620.21,3098.4119
2026-06-10 11:45:00,1620.2,1623.81,1619.0,1620.05,1988.3352
2026-06-10 12:00:00,1620.06,1625.03,1615.91,1623.76,3265.4291
2026-06-10 12:15:00,1623.75,1625.79,1620.04,1625.44,3026.3671
2026-06-10 12:30:00,1625.43,1645.46,1624.5,1639.42,10941.5496
2026-06-10 12:45:00,1639.41,1641.81,1635.4,1635.4,3499.5477
2026-06-10 13:00:00,1635.4,1636.87,1632.58,1634.16,2211.2239
2026-06-10 13:15:00,1634.16,1638.66,1632.0,1637.14,2029.5974
2026-06-10 13:30:00,1637.13,1667.5,1635.2,1666.61,11894.8434
2026-06-10 13:45:00,1666.61,1667.96,1650.32,1651.81,5673.8002
2026-06-10 14:00:00,1651.82,1655.64,1646.61,1647.04,5198.5907
2026-06-10 14:15:00,1647.05,1651.46,1642.22,1646.59,3544.5004
2026-06-10 14:30:00,1646.58,1648.92,1638.16,1643.07,3410.4928
2026-06-10 14:45:00,1643.05,1646.96,1637.27,1646.72,3483.9412
2026-06-10 15:00:00,1646.72,1653.33,1635.85,1639.46,4506.6148
2026-06-10 15:15:00,1639.45,1651.34,1636.31,1648.92,4035.7337
2026-06-10 15:30:00,1648.92,1654.98,1647.18,1654.51,3700.0703
2026-06-10 15:45:00,1654.52,1665.05,1642.23,1657.97,8570.8342
2026-06-10 16:00:00,1657.98,1658.73,1651.2,1651.51,4529.2363
2026-06-10 16:15:00,1651.52,1654.38,1643.15,1648.9,3624.1271
2026-06-10 16:30:00,1648.9,1652.0,1643.96,1645.0,3310.9003
2026-06-10 16:45:00,1645.0,1645.0,1632.5,1641.99,5741.9478
2026-06-10 17:00:00,1641.99,1647.59,1637.78,1639.57,3126.5622
2026-06-10 17:15:00,1639.56,1643.04,1627.66,1628.07,5167.3708
2026-06-10 17:30:00,1628.08,1631.75,1622.51,1624.27,6824.6188
2026-06-10 17:45:00,1624.28,1636.21,1623.48,1632.32,4775.5194
2026-06-10 18:00:00,1632.32,1635.8,1628.59,1631.02,1973.6505
2026-06-10 18:15:00,1631.02,1636.88,1626.91,1636.31,3163.2437
2026-06-10 18:30:00,1636.31,1636.32,1625.46,1626.63,3258.7598
2026-06-10 18:45:00,1626.64,1631.54,1622.52,1631.13,2188.5488
2026-06-10 19:00:00,1631.13,1633.16,1626.47,1626.98,1393.6368
2026-06-10 19:15:00,1626.99,1629.0,1623.13,1627.41,1400.7718
2026-06-10 19:30:00,1627.42,1633.69,1626.79,1632.22,1690.663
2026-06-10 19:45:00,1632.21,1633.09,1625.66,1630.15,3083.4479
2026-06-10 20:00:00,1630.15,1630.32,1623.15,1626.87,2200.2185
2026-06-10 20:15:00,1626.87,1636.21,1623.75,1632.91,3256.38
2026-06-10 20:30:00,1632.91,1632.99,1629.66,1629.66,1662.2385
2026-06-10 20:45:00,1629.66,1631.27,1625.74,1630.65,1629.687
2026-06-10 21:00:00,1630.64,1630.64,1615.5,1618.58,5942.6125
2026-06-10 21:15:00,1618.59,1624.11,1616.31,1618.96,1672.815
2026-06-10 21:30:00,1618.95,1625.0,1618.51,1624.0,1219.2804
2026-06-10 21:45:00,1624.0,1624.27,1603.44,1611.44,6464.3106
2026-06-10 22:00:00,1611.45,1613.01,1604.68,1610.96,3138.4943
2026-06-10 22:15:00,1610.97,1614.3,1604.62,1610.67,3496.157
2026-06-10 22:30:00,1610.66,1622.38,1610.36,1620.54,4815.5656
2026-06-10 22:45:00,1620.54,1620.54,1616.51,1616.52,2145.1406
2026-06-10 23:00:00,1616.52,1617.22,1611.77,1612.55,2400.4037
2026-06-10 23:15:00,1612.56,1622.53,1609.39,1622.03,5968.9182
2026-06-10 23:30:00,1622.02,1625.09,1619.04,1623.06,1917.243
2026-06-10 23:45:00,1623.06,1624.0,1620.26,1621.59,1239.8325
2026-06-11 00:00:00,1621.6,1627.48,1621.6,1626.09,1677.1605
2026-06-11 00:15:00,1626.1,1634.72,1626.09,1630.84,3725.4835
2026-06-11 00:30:00,1630.84,1631.5,1626.62,1627.63,1725.16
2026-06-11 00:45:00,1627.63,1631.82,1627.39,1628.64,596.6255
2026-06-11 01:00:00,1628.63,1639.95,1628.57,1638.27,1836.553
2026-06-11 01:15:00,1638.27,1641.94,1636.99,1640.55,1578.3879
2026-06-11 01:30:00,1640.54,1647.88,1638.79,1644.48,2633.579
2026-06-11 01:45:00,1644.48,1646.4,1642.17,1642.83,1026.1439
2026-06-11 02:00:00,1642.83,1644.57,1639.89,1640.62,800.3195
2026-06-11 02:15:00,1640.63,1642.56,1634.47,1634.77,1090.1094
2026-06-11 02:30:00,1634.77,1636.05,1630.9,1635.18,1171.1478
2026-06-11 02:45:00,1635.17,1645.5,1633.23,1641.07,2849.0566
2026-06-11 03:00:00,1641.06,1643.41,1636.09,1637.44,1365.1552
2026-06-11 03:15:00,1637.43,1640.6,1636.28,1639.72,1437.0155
2026-06-11 03:30:00,1639.73,1651.19,1639.73,1645.61,4119.9663
2026-06-11 03:45:00,1645.61,1661.3,1645.49,1653.95,8656.17
2026-06-11 04:00:00,1653.94,1654.8,1650.93,1652.22,2416.9984
2026-06-11 04:15:00,1652.22,1654.08,1650.82,1651.28,1145.4395
2026-06-11 04:30:00,1651.28,1657.27,1650.0,1655.73,1375.8015
2026-06-11 04:45:00,1655.73,1659.72,1655.49,1656.89,1948.4199
2026-06-11 05:00:00,1656.89,1656.9,1650.44,1651.3,2313.3909
2026-06-11 05:15:00,1651.3,1653.29,1647.63,1649.26,1474.3434
2026-06-11 05:30:00,1649.26,1652.03,1648.09,1651.68,2019.5623
2026-06-11 05:45:00,1651.67,1652.02,1647.92,1647.95,2166.8965
2026-06-11 06:00:00,1647.96,1657.26,1646.2,1657.03,3894.4139
2026-06-11 06:15:00,1657.03,1662.28,1657.03,1658.87,6512.253
2026-06-11 06:30:00,1658.87,1663.14,1658.29,1660.33,4193.2401
2026-06-11 06:45:00,1660.33,1660.59,1654.63,1654.82,1622.0658
2026-06-11 07:00:00,1654.81,1655.47,1652.23,1654.03,1582.3081
2026-06-11 07:15:00,1654.03,1658.3,1653.85,1656.98,1410.3579
2026-06-11 07:30:00,1656.98,1658.22,1651.7,1652.79,1489.9891
2026-06-11 07:45:00,1652.79,1655.15,1652.79,1654.41,997.4863
2026-06-11 08:00:00,1654.4,1659.6,1654.33,1658.25,1688.9114
2026-06-11 08:15:00,1658.24,1661.91,1656.91,1660.92,2233.1743
2026-06-11 08:30:00,1660.92,1663.72,1660.77,1660.8,1806.7561
2026-06-11 08:45:00,1660.81,1664.14,1659.03,1659.96,1890.4453
2026-06-11 09:00:00,1659.97,1661.57,1657.32,1658.73,1363.3833
2026-06-11 09:15:00,1658.72,1658.99,1656.47,1657.23,1641.8572
2026-06-11 09:30:00,1657.23,1661.0,1657.23,1659.9,827.0662
2026-06-11 09:45:00,1659.89,1662.0,1658.88,1658.98,1084.2726
2026-06-11 10:00:00,1658.97,1660.27,1657.6,1657.92,1227.372
2026-06-11 10:15:00,1657.92,1658.73,1654.28,1656.67,1480.6835
2026-06-11 10:30:00,1656.66,1658.99,1656.46,1656.87,914.1952
2026-06-11 10:45:00,1656.87,1661.58,1656.58,1658.85,2998.5189
2026-06-11 11:00:00,1658.85,1662.45,1656.43,1662.43,2580.8352
2026-06-11 11:15:00,1662.42,1664.58,1659.63,1663.29,1578.8681
2026-06-11 11:30:00,1663.29,1666.39,1660.98,1662.7,2330.6562
2026-06-11 11:45:00,1662.7,1673.5,1662.44,1666.84,4755.707
2026-06-11 12:00:00,1666.84,1666.88,1659.35,1661.37,3492.9494
2026-06-11 12:15:00,1661.36,1661.87,1646.13,1648.58,7746.9556
2026-06-11 12:30:00,1648.58,1653.82,1642.12,1652.55,6096.6271
2026-06-11 12:45:00,1652.54,1654.49,1649.49,1651.84,2900.3476
2026-06-11 13:00:00,1651.85,1651.85,1648.24,1649.55,1062.9325
2026-06-11 13:15:00,1649.55,1654.49,1647.24,1648.79,2217.8022
2026-06-11 13:30:00,1648.78,1652.7,1644.45,1650.71,3026.2017
2026-06-11 13:45:00,1650.71,1659.52,1650.09,1653.24,4874.2157
2026-06-11 14:00:00,1653.24,1655.28,1643.0,1644.46,3329.802
2026-06-11 14:15:00,1644.45,1649.89,1638.95,1649.67,4564.1716
2026-06-11 14:30:00,1649.66,1653.64,1645.74,1651.27,2458.8358
2026-06-11 14:45:00,1651.21,1655.4,1643.04,1643.04,2858.7292
2026-06-11 15:00:00,1643.04,1648.48,1636.19,1645.15,5246.4126
2026-06-11 15:15:00,1645.14,1649.9,1643.18,1646.15,1490.953
2026-06-11 15:30:00,1646.15,1650.83,1642.02,1644.68,2475.0486
2026-06-11 15:45:00,1644.67,1645.64,1641.06,1645.55,1967.1175
2026-06-11 16:00:00,1645.56,1649.19,1643.12,1649.14,1470.3873
2026-06-11 16:15:00,1649.14,1649.5,1639.53,1641.82,2381.2466
2026-06-11 16:30:00,1641.81,1648.19,1638.35,1643.11,2371.5307
2026-06-11 16:45:00,1643.11,1643.96,1639.31,1639.75,1446.7208
2026-06-11 17:00:00,1639.74,1641.5,1634.13,1636.81,3925.4382
2026-06-11 17:15:00,1636.81,1654.48,1632.71,1654.23,6956.2365
2026-06-11 17:30:00,1654.22,1682.27,1654.15,1677.44,19924.2224
2026-06-11 17:45:00,1677.44,1693.59,1674.07,1688.66,14985.9602
2026-06-11 18:00:00,1688.65,1691.85,1676.98,1683.69,6072.9107
2026-06-11 18:15:00,1683.69,1688.0,1677.6,1680.74,6587.7834
2026-06-11 18:30:00,1680.75,1686.97,1680.02,1686.96,2640.5253
2026-06-11 18:45:00,1686.97,1687.0,1683.43,1683.98,2172.417
2026-06-11 19:00:00,1683.97,1686.38,1675.98,1678.82,3388.2878
2026-06-11 19:15:00,1678.81,1684.17,1678.18,1679.98,1755.3743
2026-06-11 19:30:00,1679.97,1693.55,1679.97,1685.9,5374.6054
2026-06-11 19:45:00,1685.9,1685.9,1680.75,1681.26,3761.9999
2026-06-11 20:00:00,1681.26,1683.01,1678.21,1679.53,2084.018
2026-06-11 20:15:00,1679.52,1679.83,1668.97,1670.64,3711.6664
2026-06-11 20:30:00,1670.64,1672.95,1667.18,1668.32,4569.8668
2026-06-11 20:45:00,1668.32,1672.42,1668.31,1672.37,1110.6741
2026-06-11 21:00:00,1672.37,1683.29,1672.14,1681.71,2104.862
2026-06-11 21:15:00,1681.7,1682.62,1677.97,1678.78,2809.6055
2026-06-11 21:30:00,1678.79,1680.95,1677.82,1680.25,1622.6029
2026-06-11 21:45:00,1680.25,1680.77,1676.0,1677.0,1767.7321
2026-06-11 22:00:00,1676.99,1682.96,1676.59,1681.02,3339.6681
2026-06-11 22:15:00,1681.02,1683.21,1675.91,1677.84,2066.3338
2026-06-11 22:30:00,1677.85,1682.01,1675.94,1676.32,1514.8633
2026-06-11 22:45:00,1676.32,1678.88,1675.43,1676.17,1030.7008
2026-06-11 23:00:00,1676.16,1676.16,1671.15,1673.57,1327.898
2026-06-11 23:15:00,1673.56,1673.91,1670.19,1670.34,1449.168
2026-06-11 23:30:00,1670.35,1679.25,1670.35,1676.88,2154.2062
2026-06-11 23:45:00,1676.88,1677.5,1672.12,1673.46,1565.4031
2026-06-12 00:00:00,1673.46,1677.74,1670.36,1675.98,1513.3999
2026-06-12 00:15:00,1675.94,1675.94,1669.86,1672.92,1307.7994
2026-06-12 00:30:00,1672.91,1677.4,1671.76,1674.65,826.7224
2026-06-12 00:45:00,1674.65,1676.49,1672.71,1672.74,633.9239
2026-06-12 01:00:00,1672.74,1672.74,1668.15,1669.29,1634.4111
2026-06-12 01:15:00,1669.29,1671.73,1660.93,1663.14,3895.4168
2026-06-12 01:30:00,1663.14,1665.6,1662.08,1664.79,1623.2668
2026-06-12 01:45:00,1664.79,1667.09,1664.79,1667.09,722.8314
2026-06-12 02:00:00,1667.08,1677.6,1666.87,1675.47,2192.6935
2026-06-12 02:15:00,1675.46,1675.92,1671.97,1673.0,801.0963
2026-06-12 02:30:00,1673.0,1678.42,1672.6,1677.46,948.6913
2026-06-12 02:45:00,1677.46,1677.7,1674.93,1675.59,1028.3735
2026-06-12 03:00:00,1675.6,1676.6,1673.47,1674.02,1151.025
2026-06-12 03:15:00,1674.01,1674.01,1668.81,1671.64,1060.4359
2026-06-12 03:30:00,1671.64,1674.41,1670.58,1671.87,674.0965
2026-06-12 03:45:00,1671.87,1673.34,1671.26,1673.25,645.266
2026-06-12 04:00:00,1673.25,1673.42,1669.29,1670.46,429.6448
2026-06-12 04:15:00,1670.45,1679.27,1670.45,1677.39,2273.2104
2026-06-12 04:30:00,1677.39,1682.0,1677.24,1678.84,1813.7507
2026-06-12 04:45:00,1678.84,1679.99,1677.11,1677.47,924.9096
2026-06-12 05:00:00,1677.48,1677.86,1667.26,1667.86,2279.8454
2026-06-12 05:15:00,1667.86,1671.44,1667.49,1668.66,1694.1634
2026-06-12 05:30:00,1668.67,1669.58,1662.92,1664.76,2089.5379
2026-06-12 05:45:00,1664.76,1665.64,1662.31,1664.23,1737.613
2026-06-12 06:00:00,1664.23,1666.82,1662.0,1662.77,1255.5671
2026-06-12 06:15:00,1662.78,1662.93,1658.62,1660.32,2179.7174
2026-06-12 06:30:00,1660.31,1660.31,1652.09,1654.81,3044.1479
2026-06-12 06:45:00,1654.81,1659.36,1654.76,1657.34,2170.0323
2026-06-12 07:00:00,1657.35,1661.32,1657.12,1657.13,2083.1693
2026-06-12 07:15:00,1657.13,1659.93,1656.23,1658.82,1041.314
2026-06-12 07:30:00,1658.83,1661.62,1658.7,1660.62,2203.0812
2026-06-12 07:45:00,1660.62,1664.99,1659.61,1662.12,3003.8708
2026-06-12 08:00:00,1662.12,1668.44,1662.12,1667.59,4174.1451
2026-06-12 08:15:00,1667.59,1678.22,1667.1,1674.97,7654.3188
2026-06-12 08:30:00,1674.98,1675.89,1670.85,1671.04,1968.2785
2026-06-12 08:45:00,1671.04,1674.28,1669.84,1673.53,1621.9593
2026-06-12 09:00:00,1673.53,1675.55,1671.48,1675.39,1397.1269
2026-06-12 09:15:00,1675.4,1680.49,1675.13,1680.03,2050.0045
2026-06-12 09:30:00,1680.03,1683.6,1680.0,1682.44,2415.9576
2026-06-12 09:45:00,1682.43,1685.65,1680.16,1680.16,2333.9133
2026-06-12 10:00:00,1680.16,1683.35,1678.0,1679.63,2421.4214
2026-06-12 10:15:00,1679.62,1679.62,1671.91,1673.01,2109.7035
2026-06-12 10:30:00,1673.01,1677.05,1672.98,1675.0,762.1664
2026-06-12 10:45:00,1674.99,1676.78,1674.05,1674.85,880.6962
2026-06-12 11:00:00,1674.85,1678.11,1674.32,1676.33,961.5567
2026-06-12 11:15:00,1676.33,1678.51,1674.32,1676.21,705.4948
2026-06-12 11:30:00,1676.21,1676.22,1672.1,1675.21,953.0127
2026-06-12 11:45:00,1675.22,1677.22,1673.88,1673.89,743.1551
2026-06-12 12:00:00,1673.88,1673.88,1669.48,1670.86,1192.1875
2026-06-12 12:15:00,1670.86,1671.84,1666.81,1666.87,1106.6549
2026-06-12 12:30:00,1666.87,1670.04,1664.1,1666.02,2212.9944
2026-06-12 12:45:00,1666.02,1668.34,1663.07,1666.54,1955.3689
2026-06-12 13:00:00,1666.55,1667.86,1664.28,1667.43,1210.3961
2026-06-12 13:15:00,1667.43,1668.91,1663.9,1666.28,1206.2275
2026-06-12 13:30:00,1666.28,1667.53,1653.74,1657.01,5850.3671
2026-06-12 13:45:00,1657.01,1659.99,1654.31,1657.6,3443.1637
2026-06-12 14:00:00,1657.6,1669.1,1656.26,1666.36,4619.9587
2026-06-12 14:15:00,1666.35,1671.99,1662.32,1670.55,2269.1736
2026-06-12 14:30:00,1670.54,1676.5,1666.94,1668.83,3195.7279
2026-06-12 14:45:00,1668.82,1685.93,1666.95,1685.64,6419.4883
2026-06-12 15:00:00,1685.65,1691.07,1680.0,1690.1,8983.078
2026-06-12 15:15:00,1690.09,1691.07,1682.35,1682.54,6232.1704
2026-06-12 15:30:00,1682.54,1682.55,1669.19,1671.54,7447.963
2026-06-12 15:45:00,1671.54,1672.29,1658.75,1660.08,6049.7173
2026-06-12 16:00:00,1660.08,1674.62,1657.38,1671.33,6143.6256
2026-06-12 16:15:00,1671.33,1675.34,1666.35,1670.54,4267.0818
2026-06-12 16:30:00,1670.55,1675.81,1666.14,1668.68,3538.0416
2026-06-12 16:45:00,1668.68,1672.91,1666.79,1672.9,2310.9719
2026-06-12 17:00:00,1672.91,1678.1,1670.35,1671.71,3132.4866
2026-06-12 17:15:00,1671.71,1672.37,1667.37,1670.47,3386.7393
2026-06-12 17:30:00,1670.47,1672.18,1667.98,1669.15,1980.8059
2026-06-12 17:45:00,1669.15,1670.72,1667.73,1668.84,874.8178
2026-06-12 18:00:00,1668.84,1671.66,1663.71,1667.69,2785.5993
2026-06-12 18:15:00,1667.69,1668.29,1663.6,1667.01,1374.7396
2026-06-12 18:30:00,1667.01,1673.57,1665.78,1671.7,2253.6519
2026-06-12 18:45:00,1671.7,1672.48,1666.52,1666.87,1418.5324
2026-06-12 19:00:00,1666.86,1670.2,1666.68,1669.22,2065.7461
2026-06-12 19:15:00,1669.21,1671.0,1667.56,1669.53,1505.0634
2026-06-12 19:30:00,1669.53,1672.47,1665.31,1666.56,3149.7693
2026-06-12 19:45:00,1666.57,1668.28,1664.9,1665.92,2004.1949
2026-06-12 20:00:00,1665.92,1667.85,1664.18,1667.53,1558.5366
2026-06-12 20:15:00,1667.54,1667.75,1665.15,1666.37,635.7359
2026-06-12 20:30:00,1666.36,1667.44,1665.75,1666.11,834.0656
2026-06-12 20:45:00,1666.12,1666.37,1662.02,1664.92,930.5278
2026-06-12 21:00:00,1664.93,1668.01,1663.36,1666.96,1224.8456
2026-06-12 21:15:00,1666.96,1667.83,1666.16,1666.17,416.73
2026-06-12 21:30:00,1666.17,1667.18,1665.37,1665.8,607.2624
2026-06-12 21:45:00,1665.79,1666.09,1663.21,1664.19,775.3707
2026-06-12 22:00:00,1664.18,1665.13,1663.09,1663.93,697.0232
2026-06-12 22:15:00,1663.93,1667.49,1663.3,1665.11,487.5332
2026-06-12 22:30:00,1665.11,1665.79,1661.56,1662.54,730.8176
2026-06-12 22:45:00,1662.55,1662.9,1661.46,1662.6,460.6823
2026-06-12 23:00:00,1662.6,1662.94,1659.02,1661.2,1099.6708
2026-06-12 23:15:00,1661.2,1663.03,1660.41,1662.23,534.4479
2026-06-12 23:30:00,1662.23,1665.04,1661.42,1663.0,821.7969
2026-06-12 23:45:00,1663.0,1666.41,1663.0,1666.41,450.5233
2026-06-13 00:00:00,1666.42,1667.96,1665.31,1667.96,593.7672
2026-06-13 00:15:00,1667.95,1669.34,1666.49,1666.64,899.4522
2026-06-13 00:30:00,1666.63,1668.89,1666.22,1666.93,711.8962
2026-06-13 00:45:00,1666.92,1668.55,1665.88,1667.47,715.0098
2026-06-13 01:00:00,1667.47,1670.0,1667.21,1668.84,618.3568
2026-06-13 01:15:00,1668.85,1669.51,1666.53,1668.09,720.8258
2026-06-13 01:30:00,1668.09,1675.9,1667.6,1672.76,3061.2023
2026-06-13 01:45:00,1672.75,1675.4,1672.48,1674.03,1222.8852
2026-06-13 02:00:00,1674.03,1674.52,1671.91,1672.65,1234.6369
2026-06-13 02:15:00,1672.65,1673.11,1669.84,1670.07,978.5921
2026-06-13 02:30:00,1670.07,1670.48,1667.06,1667.28,1667.6073
2026-06-13 02:45:00,1667.29,1668.43,1665.69,1668.02,987.1554
2026-06-13 03:00:00,1668.03,1669.57,1667.9,1667.92,614.0995
2026-06-13 03:15:00,1667.91,1668.43,1663.36,1664.7,1368.4163
2026-06-13 03:30:00,1664.69,1665.5,1664.17,1665.31,537.5465
2026-06-13 03:45:00,1665.32,1666.14,1665.03,1665.25,468.1434
2026-06-13 04:00:00,1665.25,1666.26,1663.52,1664.36,806.0199
2026-06-13 04:15:00,1664.35,1666.87,1663.68,1665.52,512.9659
2026-06-13 04:30:00,1665.51,1668.28,1665.51,1667.63,546.1697
2026-06-13 04:45:00,1667.63,1668.02,1664.46,1664.51,370.391
2026-06-13 05:00:00,1664.52,1665.37,1663.52,1664.43,502.1806
2026-06-13 05:15:00,1664.44,1665.61,1663.52,1664.39,943.0354
2026-06-13 05:30:00,1664.4,1665.55,1664.14,1664.49,511.01
2026-06-13 05:45:00,1664.49,1665.22,1662.2,1665.22,1044.5981
2026-06-13 06:00:00,1665.22,1666.42,1664.22,1664.61,798.7177
2026-06-13 06:15:00,1664.62,1666.78,1663.88,1666.78,1097.0866
2026-06-13 06:30:00,1666.78,1667.67,1666.18,1667.09,576.784
2026-06-13 06:45:00,1667.09,1670.25,1667.08,1669.7,818.2893
2026-06-13 07:00:00,1669.71,1670.74,1668.47,1669.87,637.6709
2026-06-13 07:15:00,1669.88,1675.0,1668.87,1673.79,1950.217
2026-06-13 07:30:00,1673.79,1674.11,1672.66,1673.46,1379.1329
2026-06-13 07:45:00,1673.46,1677.74,1673.45,1676.38,3549.4589
2026-06-13 08:00:00,1676.38,1679.92,1673.63,1675.47,3882.1906
2026-06-13 08:15:00,1675.47,1676.9,1674.25,1675.31,1507.2442
2026-06-13 08:30:00,1675.31,1678.07,1674.83,1676.46,1590.3287
2026-06-13 08:45:00,1676.47,1676.61,1674.19,1674.57,598.8647
2026-06-13 09:00:00,1674.57,1676.3,1674.56,1674.95,487.1942
2026-06-13 09:15:00,1674.95,1676.01,1673.33,1673.76,588.718
2026-06-13 09:30:00,1673.77,1675.22,1673.61,1674.9,1781.7801
2026-06-13 09:45:00,1674.9,1675.06,1672.93,1673.7,1040.9827
2026-06-13 10:00:00,1673.7,1674.57,1672.8,1673.77,452.4987
2026-06-13 10:15:00,1673.77,1674.72,1672.94,1673.57,777.1125
2026-06-13 10:30:00,1673.56,1675.7,1673.56,1675.12,1150.3992
2026-06-13 10:45:00,1675.13,1676.37,1672.96,1674.18,759.3123
2026-06-13 11:00:00,1674.19,1677.27,1673.55,1677.23,1609.2711
2026-06-13 11:15:00,1677.23,1678.96,1677.03,1678.43,1025.4241
2026-06-13 11:30:00,1678.43,1678.56,1677.01,1677.26,722.9655
2026-06-13 11:45:00,1677.25,1678.49,1677.15,1678.34,517.7295
2026-06-13 12:00:00,1678.33,1678.34,1677.16,1677.17,571.3667
2026-06-13 12:15:00,1677.16,1678.51,1676.99,1677.03,595.6338
2026-06-13 12:30:00,1677.03,1679.57,1677.02,1678.31,977.3417
2026-06-13 12:45:00,1678.32,1683.77,1678.2,1680.53,2493.461
2026-06-13 13:00:00,1680.52,1680.77,1678.27,1679.53,1113.8114
2026-06-13 13:15:00,1679.53,1681.31,1678.65,1680.74,652.7249
2026-06-13 13:30:00,1680.73,1681.58,1679.0,1679.68,855.4224
2026-06-13 13:45:00,1679.68,1681.58,1676.69,1678.02,1800.2785
2026-06-13 14:00:00,1678.02,1681.47,1677.82,1680.18,1351.0145
2026-06-13 14:15:00,1680.18,1681.0,1678.06,1678.85,676.8858
2026-06-13 14:30:00,1678.85,1680.97,1678.85,1679.5,552.8843
2026-06-13 14:45:00,1679.5,1680.75,1678.97,1679.97,615.311
2026-06-13 15:00:00,1679.98,1681.41,1678.5,1681.17,1058.6162
2026-06-13 15:15:00,1681.17,1683.97,1680.58,1683.31,1407.8126
2026-06-13 15:30:00,1683.31,1686.56,1679.45,1679.76,3747.8774
2026-06-13 15:45:00,1679.75,1683.29,1679.0,1682.15,1459.9952
2026-06-13 16:00:00,1682.14,1682.48,1674.67,1675.44,2907.403
2026-06-13 16:15:00,1675.43,1675.58,1671.44,1673.07,5345.1925
2026-06-13 16:30:00,1673.07,1675.06,1672.0,1674.4,1001.6755
2026-06-13 16:45:00,1674.41,1680.38,1673.33,1676.74,3067.8976
2026-06-13 17:00:00,1676.74,1677.42,1673.87,1675.04,1076.2922
2026-06-13 17:15:00,1675.05,1677.59,1674.07,1677.59,704.2324
2026-06-13 17:30:00,1677.59,1678.4,1676.76,1677.62,598.7623
2026-06-13 17:45:00,1677.62,1678.15,1673.23,1674.31,1205.9711
2026-06-13 18:00:00,1674.31,1676.98,1674.2,1676.77,353.1644
2026-06-13 18:15:00,1676.77,1679.86,1676.0,1679.82,491.8614
2026-06-13 18:30:00,1679.82,1682.63,1679.78,1682.09,1172.8964
2026-06-13 18:45:00,1682.08,1682.4,1676.05,1678.53,706.6627
2026-06-13 19:00:00,1678.53,1679.44,1677.91,1678.28,372.6986
2026-06-13 19:15:00,1678.28,1678.28,1675.86,1676.89,455.4475
2026-06-13 19:30:00,1676.89,1679.87,1676.69,1679.61,1127.8427
2026-06-13 19:45:00,1679.62,1680.0,1678.29,1678.29,781.354
2026-06-13 20:00:00,1678.3,1678.3,1676.2,1677.33,679.0299
2026-06-13 20:15:00,1677.33,1678.22,1676.15,1676.26,529.7368
2026-06-13 20:30:00,1676.26,1676.5,1675.11,1675.44,429.7305
2026-06-13 20:45:00,1675.44,1676.7,1675.18,1676.53,429.1655
2026-06-13 21:00:00,1676.53,1677.25,1674.91,1675.41,575.8963
2026-06-13 21:15:00,1675.41,1677.34,1675.08,1676.4,518.8528
2026-06-13 21:30:00,1676.4,1697.28,1676.4,1687.77,3707.9676
2026-06-13 21:45:00,1687.77,1689.29,1684.43,1686.44,1874.5766
2026-06-13 22:00:00,1686.44,1686.65,1682.85,1683.5,1203.9346
2026-06-13 22:15:00,1683.5,1685.08,1682.29,1684.83,876.1723
2026-06-13 22:30:00,1684.83,1685.64,1683.2,1683.2,826.6397
2026-06-13 22:45:00,1683.21,1683.67,1681.62,1681.63,417.4158
2026-06-13 23:00:00,1681.62,1682.03,1680.83,1681.61,374.6939
2026-06-13 23:15:00,1681.61,1684.2,1680.1,1680.14,515.476
2026-06-13 23:30:00,1680.14,1681.61,1680.0,1680.01,594.4884
2026-06-13 23:45:00,1680.0,1681.18,1678.1,1681.18,962.7024
2026-06-14 00:00:00,1681.19,1681.19,1679.24,1679.67,658.3627
2026-06-14 00:15:00,1679.68,1681.64,1678.83,1680.01,493.2877
2026-06-14 00:30:00,1680.01,1683.52,1679.8,1682.7,550.705
2026-06-14 00:45:00,1682.7,1683.47,1681.19,1681.91,933.1643
2026-06-14 01:00:00,1681.9,1685.99,1680.3,1684.61,787.2866
2026-06-14 01:15:00,1684.62,1690.36,1684.62,1686.71,1345.0236
2026-06-14 01:30:00,1686.71,1686.72,1684.61,1684.61,422.4756
2026-06-14 01:45:00,1684.61,1686.56,1683.54,1683.99,963.2556
2026-06-14 02:00:00,1683.98,1685.69,1683.2,1685.29,440.2748
2026-06-14 02:15:00,1685.29,1685.7,1682.44,1683.07,473.4639
2026-06-14 02:30:00,1683.06,1684.0,1681.92,1682.1,578.3384
2026-06-14 02:45:00,1682.11,1683.23,1681.59,1682.47,437.3268
2026-06-14 03:00:00,1682.46,1683.28,1681.51,1682.16,442.4786
2026-06-14 03:15:00,1682.16,1683.19,1682.0,1682.71,442.6888
2026-06-14 03:30:00,1682.7,1683.01,1679.85,1680.06,921.8682
2026-06-14 03:45:00,1680.07,1682.11,1680.06,1681.73,517.8997
2026-06-14 04:00:00,1681.74,1682.66,1680.16,1681.02,364.0569
2026-06-14 04:15:00,1681.01,1682.0,1680.6,1680.62,554.5746
2026-06-14 04:30:00,1680.63,1680.63,1676.72,1677.31,1349.1895
2026-06-14 04:45:00,1677.3,1678.95,1676.35,1677.95,1267.185
2026-06-14 05:00:00,1677.95,1679.14,1677.2,1677.91,851.9016
2026-06-14 05:15:00,1677.91,1677.91,1675.0,1675.67,1316.9025
2026-06-14 05:30:00,1675.68,1678.58,1674.0,1678.06,1227.3702
2026-06-14 05:45:00,1678.05,1678.95,1677.92,1678.13,665.7773
2026-06-14 06:00:00,1678.13,1682.5,1678.13,1681.68,931.3464
2026-06-14 06:15:00,1681.68,1681.68,1676.62,1679.3,1834.1271
2026-06-14 06:30:00,1679.3,1679.44,1676.51,1676.84,858.0967
2026-06-14 06:45:00,1676.84,1677.33,1675.3,1676.39,1442.993
2026-06-14 07:00:00,1676.4,1676.59,1673.72,1674.65,925.8523
2026-06-14 07:15:00,1674.66,1677.55,1674.5,1676.84,847.3674
2026-06-14 07:30:00,1676.84,1676.84,1674.0,1674.01,656.8706
2026-06-14 07:45:00,1674.01,1676.69,1674.0,1675.91,497.5933
2026-06-14 08:00:00,1675.91,1676.97,1674.73,1676.42,816.9087
2026-06-14 08:15:00,1676.42,1678.68,1676.41,1677.97,1079.8397
2026-06-14 08:30:00,1677.98,1678.92,1677.0,1677.28,786.7324
2026-06-14 08:45:00,1677.29,1677.67,1675.13,1675.58,405.464
2026-06-14 09:00:00,1675.58,1676.68,1674.41,1674.79,889.1153
2026-06-14 09:15:00,1674.79,1674.84,1669.15,1671.15,4397.1055
2026-06-14 09:30:00,1671.15,1677.69,1670.86,1677.53,1484.9241
2026-06-14 09:45:00,1677.53,1679.0,1676.52,1678.49,659.1991
2026-06-14 10:00:00,1678.48,1678.5,1675.41,1675.97,539.4945
2026-06-14 10:15:00,1675.96,1678.55,1675.52,1676.6,527.3549
2026-06-14 10:30:00,1676.59,1677.7,1676.16,1676.17,469.3613
2026-06-14 10:45:00,1676.16,1676.18,1673.13,1673.13,359.8606
2026-06-14 11:00:00,1673.13,1674.79,1672.36,1674.66,787.9215
2026-06-14 11:15:00,1674.67,1675.48,1672.9,1674.94,526.7734
2026-06-14 11:30:00,1674.94,1677.15,1674.87,1675.89,772.9859
2026-06-14 11:45:00,1675.9,1675.93,1673.64,1673.73,313.2321
2026-06-14 12:00:00,1673.73,1674.58,1672.81,1673.09,730.7895
2026-06-14 12:15:00,1673.09,1674.52,1672.96,1672.98,736.9325
2026-06-14 12:30:00,1672.99,1673.24,1666.62,1668.69,1439.6965
2026-06-14 12:45:00,1668.7,1668.86,1665.35,1666.9,1652.8311
2026-06-14 13:00:00,1666.9,1669.01,1666.2,1667.99,915.8164
2026-06-14 13:15:00,1667.99,1669.12,1665.53,1666.12,1007.3158
2026-06-14 13:30:00,1666.11,1668.43,1664.5,1668.07,1630.6594
2026-06-14 13:45:00,1668.07,1669.15,1665.47,1666.54,736.2973
2026-06-14 14:00:00,1666.53,1666.99,1664.5,1666.52,1129.137
2026-06-14 14:15:00,1666.51,1670.2,1663.57,1665.13,2020.7656
2026-06-14 14:30:00,1665.12,1665.18,1654.9,1656.27,5362.2244
2026-06-14 14:45:00,1656.27,1659.77,1655.83,1659.76,2234.6919
2026-06-14 15:00:00,1659.76,1664.35,1659.6,1662.9,1717.3358
2026-06-14 15:15:00,1662.9,1664.37,1661.21,1663.23,1314.8462
2026-06-14 15:30:00,1663.24,1664.51,1661.25,1663.01,915.7253
2026-06-14 15:45:00,1663.0,1664.67,1662.13,1662.95,387.4997
2026-06-14 16:00:00,1662.95,1666.66,1662.58,1665.38,924.1108
2026-06-14 16:15:00,1665.39,1668.3,1665.0,1667.3,726.0208
2026-06-14 16:30:00,1667.3,1668.57,1666.81,1666.94,718.2239
2026-06-14 16:45:00,1666.93,1667.25,1659.36,1661.38,4147.0135
2026-06-14 17:00:00,1661.37,1665.0,1660.92,1664.75,2157.2593
2026-06-14 17:15:00,1664.75,1666.22,1664.2,1664.2,673.5092
2026-06-14 17:30:00,1664.21,1666.52,1661.63,1664.37,1164.9608
2026-06-14 17:45:00,1664.38,1665.21,1661.36,1662.09,1155.6755
2026-06-14 18:00:00,1662.09,1663.27,1660.97,1662.29,802.9957
2026-06-14 18:15:00,1662.29,1662.9,1658.95,1659.94,1072.9167
2026-06-14 18:30:00,1659.94,1661.44,1659.24,1660.87,605.5187
2026-06-14 18:45:00,1660.88,1662.32,1660.34,1662.08,575.6792
2026-06-14 19:00:00,1662.07,1665.47,1661.13,1665.19,776.3002
2026-06-14 19:15:00,1665.18,1667.93,1665.18,1666.34,699.5888
2026-06-14 19:30:00,1666.34,1667.84,1665.05,1665.74,1305.8864
2026-06-14 19:45:00,1665.73,1665.76,1664.99,1665.43,437.3192
2026-06-14 20:00:00,1665.44,1666.85,1662.67,1663.3,1043.2758
2026-06-14 20:15:00,1663.3,1668.0,1663.29,1667.17,947.0072
2026-06-14 20:30:00,1667.17,1673.72,1667.17,1671.54,1640.9365
2026-06-14 20:45:00,1671.55,1672.55,1670.38,1670.48,727.2908
2026-06-14 21:00:00,1670.48,1672.48,1669.97,1672.48,303.1671
2026-06-14 21:15:00,1672.47,1713.0,1672.47,1700.99,20551.4881
2026-06-14 21:30:00,1701.04,1724.93,1699.23,1716.44,14291.2038
2026-06-14 21:45:00,1716.44,1732.28,1715.81,1718.67,13635.3926
2026-06-14 22:00:00,1718.68,1729.1,1712.34,1721.0,13959.6792
2026-06-14 22:15:00,1720.99,1724.67,1716.17,1721.16,5426.1933
2026-06-14 22:30:00,1721.17,1728.8,1718.13,1725.86,4948.2356
2026-06-14 22:45:00,1725.87,1727.67,1720.5,1722.62,3709.3716
2026-06-14 23:00:00,1722.62,1725.91,1716.79,1724.42,3834.5284
2026-06-14 23:15:00,1724.43,1726.43,1720.51,1723.72,3686.9786
2026-06-14 23:30:00,1723.73,1726.08,1719.52,1719.52,3463.9873
2026-06-14 23:45:00,1719.53,1726.3,1719.28,1725.62,3150.2974
2026-06-15 00:00:00,1725.63,1733.04,1724.07,1731.51,6623.4691
2026-06-15 00:15:00,1731.51,1731.51,1723.93,1725.64,4029.567
2026-06-15 00:30:00,1725.63,1726.0,1720.0,1720.99,2622.9103
2026-06-15 00:45:00,1721.0,1722.29,1719.78,1720.83,1295.0348
2026-06-15 01:00:00,1720.83,1721.2,1712.34,1717.65,3450.7995
2026-06-15 01:15:00,1717.65,1717.7,1709.66,1711.79,3421.9666
2026-06-15 01:30:00,1711.79,1721.91,1710.83,1721.8,3153.2024
2026-06-15 01:45:00,1721.79,1721.79,1715.24,1715.79,2072.0113
2026-06-15 02:00:00,1715.8,1721.0,1714.23,1720.67,2571.3422
2026-06-15 02:15:00,1720.67,1726.96,1720.65,1720.9,2681.6404
2026-06-15 02:30:00,1720.9,1722.48,1719.49,1719.76,1557.0154
2026-06-15 02:45:00,1719.76,1720.16,1716.02,1716.78,2156.2602
2026-06-15 03:00:00,1716.78,1723.5,1715.55,1722.99,2665.9362
2026-06-15 03:15:00,1722.99,1723.26,1719.68,1721.11,2547.2
2026-06-15 03:30:00,1721.11,1723.62,1719.71,1722.96,2571.0211
2026-06-15 03:45:00,1722.97,1724.17,1720.23,1720.78,3371.7078
2026-06-15 04:00:00,1720.78,1720.78,1717.38,1718.6,3293.2315
2026-06-15 04:15:00,1718.59,1720.28,1717.24,1718.83,2021.2122
2026-06-15 04:30:00,1718.84,1719.15,1716.0,1717.27,2711.9816
2026-06-15 04:45:00,1717.27,1719.61,1716.59,1717.04,3400.3496
2026-06-15 05:00:00,1717.05,1718.32,1715.95,1717.9,1320.698
2026-06-15 05:15:00,1717.9,1722.63,1717.71,1721.09,2308.0046
2026-06-15 05:30:00,1721.1,1721.85,1717.09,1717.28,1756.9824
2026-06-15 05:45:00,1717.29,1720.87,1717.19,1720.66,1575.9409
2026-06-15 06:00:00,1720.67,1722.98,1719.84,1721.43,1971.2072
2026-06-15 06:15:00,1721.44,1723.29,1719.84,1722.48,1651.1885
2026-06-15 06:30:00,1722.48,1722.88,1718.25,1719.2,1615.8678
2026-06-15 06:45:00,1719.19,1722.29,1719.14,1719.82,1369.4412
2026-06-15 07:00:00,1719.82,1723.3,1716.83,1720.9,2544.9515
2026-06-15 07:15:00,1720.91,1723.8,1720.8,1722.03,1918.9535
2026-06-15 07:30:00,1722.02,1722.03,1717.49,1718.48,1429.052
2026-06-15 07:45:00,1718.48,1719.27,1716.49,1716.59,2284.3209
2026-06-15 08:00:00,1716.6,1720.48,1715.6,1719.83,1610.1266
2026-06-15 08:15:00,1719.82,1720.62,1716.61,1718.78,1523.008
2026-06-15 08:30:00,1718.79,1721.91,1718.53,1720.8,1420.7985
2026-06-15 08:45:00,1720.81,1721.37,1719.0,1720.36,1473.9955
2026-06-15 09:00:00,1720.35,1721.31,1719.49,1719.99,1449.2375
2026-06-15 09:15:00,1720.0,1726.94,1719.99,1721.82,4773.0423
2026-06-15 09:30:00,1721.81,1721.83,1712.17,1715.73,6053.2222
2026-06-15 09:45:00,1715.73,1718.71,1714.0,1718.65,2322.0087
2026-06-15 10:00:00,1718.65,1723.46,1718.27,1722.93,2024.4541
2026-06-15 10:15:00,1722.93,1728.29,1722.75,1724.64,7458.3864
2026-06-15 10:30:00,1724.63,1728.36,1724.22,1728.18,2111.6203
2026-06-15 10:45:00,1728.18,1748.6,1727.25,1737.77,15162.5054
2026-06-15 11:00:00,1737.77,1742.43,1734.11,1740.98,7550.7798
2026-06-15 11:15:00,1740.98,1769.0,1740.98,1761.91,19659.1045
2026-06-15 11:30:00,1761.9,1765.26,1759.2,1761.79,7930.8626
2026-06-15 11:45:00,1761.79,1766.51,1760.0,1764.67,3814.1433
2026-06-15 12:00:00,1764.67,1765.93,1761.19,1765.68,4204.861
2026-06-15 12:15:00,1765.69,1765.9,1760.28,1765.5,4533.2388
2026-06-15 12:30:00,1765.5,1775.06,1763.07,1774.56,10042.0334
2026-06-15 12:45:00,1774.56,1777.77,1773.0,1777.48,8658.0648
2026-06-15 13:00:00,1777.48,1797.86,1774.6,1794.07,16412.3652
2026-06-15 13:15:00,1794.07,1827.67,1793.49,1820.19,30716.6969
2026-06-15 13:30:00,1820.19,1822.23,1808.48,1813.11,14914.6178
2026-06-15 13:45:00,1813.1,1818.18,1811.44,1814.12,8323.5205
2026-06-15 14:00:00,1814.12,1815.01,1804.71,1810.56,9877.9403
2026-06-15 14:15:00,1810.55,1814.88,1807.87,1813.41,4815.7655
2026-06-15 14:30:00,1813.42,1814.12,1808.81,1812.18,5120.8635
2026-06-15 14:45:00,1812.19,1818.58,1812.18,1814.55,5960.8139
2026-06-15 15:00:00,1814.55,1817.55,1813.54,1815.96,3167.6128
2026-06-15 15:15:00,1815.96,1821.0,1814.71,1816.62,3863.7132
2026-06-15 15:30:00,1816.63,1832.98,1813.15,1830.1,13955.0941
2026-06-15 15:45:00,1830.1,1849.54,1830.03,1845.53,26192.5601
2026-06-15 16:00:00,1845.53,1847.13,1838.51,1843.89,9848.2631
2026-06-15 16:15:00,1843.89,1844.9,1837.48,1842.25,7065.4531
2026-06-15 16:30:00,1842.26,1846.58,1839.59,1844.14,5278.5741
2026-06-15 16:45:00,1844.14,1846.55,1840.0,1842.85,5922.7687
2026-06-15 17:00:00,1842.85,1842.86,1826.48,1832.12,11381.3386
2026-06-15 17:15:00,1832.12,1833.28,1826.82,1830.23,5052.7366
2026-06-15 17:30:00,1830.23,1832.49,1823.58,1830.37,4323.0618
2026-06-15 17:45:00,1830.36,1832.0,1827.16,1829.19,2949.3423
2026-06-15 18:00:00,1829.19,1831.92,1826.21,1830.58,2757.3524
2026-06-15 18:15:00,1830.58,1831.93,1828.11,1829.24,1994.4033
2026-06-15 18:30:00,1829.24,1831.43,1825.85,1829.78,1953.4855
2026-06-15 18:45:00,1829.78,1835.58,1828.0,1828.13,3291.3323
2026-06-15 19:00:00,1828.12,1833.0,1826.07,1832.57,2645.4904
2026-06-15 19:15:00,1832.56,1834.44,1811.66,1819.09,8049.192
2026-06-15 19:30:00,1819.09,1830.31,1818.66,1829.51,2833.1019
2026-06-15 19:45:00,1829.51,1830.31,1818.34,1821.89,3118.6057
2026-06-15 20:00:00,1821.88,1826.62,1818.5,1824.13,2165.7767
2026-06-15 20:15:00,1824.13,1824.39,1820.25,1821.6,2208.4921
2026-06-15 20:30:00,1821.6,1823.86,1819.06,1819.23,1968.3594
2026-06-15 20:45:00,1819.22,1819.22,1815.33,1816.95,2103.7602
2026-06-15 21:00:00,1816.94,1822.15,1815.2,1820.34,2659.3012
2026-06-15 21:15:00,1820.35,1820.39,1815.17,1815.18,1150.9803
2026-06-15 21:30:00,1815.18,1818.34,1812.9,1816.31,2909.9412
2026-06-15 21:45:00,1816.3,1816.53,1809.53,1811.35,2149.6363
2026-06-15 22:00:00,1811.36,1813.55,1809.0,1809.03,1245.4664
2026-06-15 22:15:00,1809.03,1811.0,1789.2,1792.01,6989.6736
2026-06-15 22:30:00,1792.01,1797.95,1787.0,1793.61,4273.6391
2026-06-15 22:45:00,1793.6,1794.86,1788.1,1789.68,3707.5463
2026-06-15 23:00:00,1789.69,1792.22,1786.77,1790.48,3751.0376
2026-06-15 23:15:00,1790.48,1792.56,1785.46,1789.66,2627.0717
2026-06-15 23:30:00,1789.67,1791.5,1782.82,1791.05,3594.4949
2026-06-15 23:45:00,1791.06,1797.58,1790.67,1796.13,5104.0513
2026-06-16 00:00:00,1796.14,1799.68,1793.61,1797.2,3171.9302
2026-06-16 00:15:00,1797.2,1798.51,1791.44,1792.62,2097.6091
2026-06-16 00:30:00,1792.62,1802.09,1792.27,1798.64,2386.1374
2026-06-16 00:45:00,1798.63,1798.64,1789.0,1789.6,2206.0872
2026-06-16 01:00:00,1789.59,1795.5,1789.13,1792.11,1814.7334
2026-06-16 01:15:00,1792.11,1796.46,1790.67,1795.81,1456.2874
2026-06-16 01:30:00,1795.8,1797.4,1794.88,1795.7,906.1244
2026-06-16 01:45:00,1795.69,1797.42,1791.49,1792.27,1160.7247
2026-06-16 02:00:00,1792.26,1794.1,1784.12,1784.65,2379.8711
2026-06-16 02:15:00,1784.64,1787.24,1772.75,1773.43,5579.2579
2026-06-16 02:30:00,1773.43,1776.32,1768.49,1774.67,6822.7632
2026-06-16 02:45:00,1774.67,1775.49,1767.4,1770.13,5950.6371
2026-06-16 03:00:00,1770.13,1774.64,1768.65,1774.34,4112.7732
2026-06-16 03:15:00,1774.34,1780.47,1764.84,1778.07,6077.4143
2026-06-16 03:30:00,1778.07,1780.54,1776.8,1780.3,2531.4394
2026-06-16 03:45:00,1780.3,1780.73,1777.76,1779.16,1878.838
2026-06-16 04:00:00,1779.16,1783.32,1776.0,1777.02,2928.1546
2026-06-16 04:15:00,1777.01,1777.02,1768.36,1768.37,3728.0004
2026-06-16 04:30:00,1768.36,1768.36,1760.19,1763.25,6181.9827
2026-06-16 04:45:00,1763.25,1764.18,1758.0,1760.64,4884.3771
2026-06-16 05:00:00,1760.65,1766.0,1760.57,1762.41,4287.8757
2026-06-16 05:15:00,1762.41,1765.9,1761.17,1763.6,2702.8359
2026-06-16 05:30:00,1763.6,1764.34,1760.63,1762.95,2180.1246
2026-06-16 05:45:00,1762.95,1764.77,1761.46,1762.05,2304.017
2026-06-16 06:00:00,1762.06,1765.98,1762.06,1765.93,1957.5924
2026-06-16 06:15:00,1765.94,1768.6,1763.82,1768.08,2852.2146
2026-06-16 06:30:00,1768.09,1773.13,1766.09,1770.37,3204.2433
2026-06-16 06:45:00,1770.37,1774.17,1769.89,1771.4,3186.007
2026-06-16 07:00:00,1771.41,1774.18,1769.06,1769.64,2189.9825
2026-06-16 07:15:00,1769.65,1773.98,1769.02,1772.9,2462.0778
2026-06-16 07:30:00,1772.9,1776.47,1771.53,1772.36,3396.6929
2026-06-16 07:45:00,1772.35,1775.2,1771.64,1774.24,1955.7566
2026-06-16 08:00:00,1774.25,1778.5,1773.25,1777.84,3201.4224
2026-06-16 08:15:00,1777.83,1786.16,1776.43,1783.16,6222.344
2026-06-16 08:30:00,1783.16,1787.25,1781.75,1787.08,3188.2191
2026-06-16 08:45:00,1787.08,1807.97,1785.51,1803.23,9468.515
2026-06-16 09:00:00,1803.23,1805.79,1798.1,1800.69,4276.4613
2026-06-16 09:15:00,1800.7,1800.7,1787.99,1791.02,4622.073
2026-06-16 09:30:00,1791.01,1794.69,1788.48,1793.39,2060.0315
2026-06-16 09:45:00,1793.39,1794.33,1787.07,1789.63,2357.1759
2026-06-16 10:00:00,1789.63,1791.98,1788.61,1789.31,2047.5796
2026-06-16 10:15:00,1789.31,1800.0,1789.3,1799.74,5832.7505
2026-06-16 10:30:00,1799.74,1799.74,1794.57,1796.78,2872.9188
2026-06-16 10:45:00,1796.78,1798.99,1792.69,1793.95,2287.1355
2026-06-16 11:00:00,1793.95,1800.0,1793.77,1794.93,2498.7266
2026-06-16 11:15:00,1794.93,1798.91,1790.7,1793.44,1710.2606
2026-06-16 11:30:00,1793.45,1795.84,1791.52,1795.84,2613.9436
2026-06-16 11:45:00,1795.83,1799.99,1794.38,1799.59,1965.3983
2026-06-16 12:00:00,1799.6,1809.82,1796.71,1809.34,5692.9369
2026-06-16 12:15:00,1809.34,1823.29,1809.34,1820.89,12685.222
2026-06-16 12:30:00,1820.9,1839.77,1814.16,1817.38,15281.0592
2026-06-16 12:45:00,1817.37,1818.39,1810.31,1814.88,4561.8433
2026-06-16 13:00:00,1814.89,1817.1,1791.57,1802.79,10546.9906
2026-06-16 13:15:00,1802.79,1809.48,1801.2,1801.9,6700.093
2026-06-16 13:30:00,1801.9,1808.12,1795.14,1804.5,8591.0341
2026-06-16 13:45:00,1804.5,1806.35,1796.41,1797.88,6998.2376
2026-06-16 14:00:00,1797.86,1805.57,1794.03,1795.95,7001.9479
2026-06-16 14:15:00,1795.95,1797.57,1771.55,1772.1,14630.3138
2026-06-16 14:30:00,1772.1,1782.0,1763.36,1779.82,10500.46
2026-06-16 14:45:00,1779.82,1784.53,1778.28,1780.56,5504.2468
2026-06-16 15:00:00,1780.56,1786.99,1778.27,1785.81,4032.0319
2026-06-16 15:15:00,1785.81,1786.66,1776.09,1779.87,4149.0461
2026-06-16 15:30:00,1779.88,1788.32,1778.26,1779.54,3294.0798
2026-06-16 15:45:00,1779.54,1787.3,1774.52,1782.44,3817.6137
2026-06-16 16:00:00,1782.43,1785.58,1777.86,1777.86,2372.6227
2026-06-16 16:15:00,1777.87,1779.87,1773.03,1779.35,3839.6185
2026-06-16 16:30:00,1779.35,1780.63,1773.7,1779.49,2010.454
2026-06-16 16:45:00,1779.49,1780.48,1776.03,1777.89,1884.5026
2026-06-16 17:00:00,1777.9,1782.76,1777.38,1780.01,1616.6147
2026-06-16 17:15:00,1780.01,1784.92,1779.42,1781.53,1582.955
2026-06-16 17:30:00,1781.53,1785.81,1779.92,1784.47,1433.2213
2026-06-16 17:45:00,1784.46,1799.45,1784.03,1795.1,6592.3827
2026-06-16 18:00:00,1795.1,1808.44,1793.63,1804.34,6460.138
2026-06-16 18:15:00,1804.33,1804.38,1792.88,1795.46,3396.3448
2026-06-16 18:30:00,1795.46,1799.1,1792.58,1796.14,2864.7883
2026-06-16 18:45:00,1796.14,1803.42,1795.54,1799.21,2219.6727
2026-06-16 19:00:00,1799.2,1799.2,1790.28,1794.38,3886.9867
2026-06-16 19:15:00,1794.39,1798.16,1790.14,1797.47,2496.5444
2026-06-16 19:30:00,1797.47,1801.04,1795.33,1798.03,2330.7918
2026-06-16 19:45:00,1798.03,1800.95,1792.45,1795.41,3150.1596
2026-06-16 20:00:00,1795.41,1795.95,1789.53,1794.55,2087.2136
2026-06-16 20:15:00,1794.55,1798.09,1789.69,1790.09,2366.1816
2026-06-16 20:30:00,1790.09,1798.47,1789.68,1798.16,1807.5996
2026-06-16 20:45:00,1798.17,1798.5,1796.34,1797.82,1099.8535
2026-06-16 21:00:00,1797.82,1800.48,1795.11,1799.38,1980.6426
2026-06-16 21:15:00,1799.38,1800.28,1793.43,1794.09,1669.1603
2026-06-16 21:30:00,1794.09,1794.86,1790.57,1794.86,1377.4749
2026-06-16 21:45:00,1794.86,1796.96,1794.11,1796.52,1110.9157
2026-06-16 22:00:00,1796.53,1799.28,1793.28,1798.06,1460.5493
2026-06-16 22:15:00,1798.06,1799.49,1791.38,1794.31,1650.7216
2026-06-16 22:30:00,1794.31,1795.28,1792.31,1792.31,1498.3519
2026-06-16 22:45:00,1792.32,1796.62,1791.03,1796.21,1173.4255
2026-06-16 23:00:00,1796.22,1798.89,1793.91,1795.95,1172.8602
2026-06-16 23:15:00,1795.94,1795.97,1792.12,1795.47,859.9407
2026-06-16 23:30:00,1795.48,1797.32,1793.1,1793.58,788.3699
2026-06-16 23:45:00,1793.58,1793.87,1791.26,1792.99,1189.8148
2026-06-17 00:00:00,1793.0,1796.38,1793.0,1794.08,803.2804
2026-06-17 00:15:00,1794.08,1795.71,1792.57,1794.09,983.9544
2026-06-17 00:30:00,1794.09,1798.42,1791.95,1797.35,1236.7125
2026-06-17 00:45:00,1797.35,1799.01,1792.97,1794.22,813.4041
2026-06-17 01:00:00,1794.22,1797.0,1792.8,1794.16,855.6765
2026-06-17 01:15:00,1794.15,1794.15,1778.99,1785.79,4630.2524
2026-06-17 01:30:00,1785.79,1794.59,1782.32,1790.74,2025.7494
2026-06-17 01:45:00,1790.74,1799.12,1790.74,1797.76,2007.1536
2026-06-17 02:00:00,1797.76,1798.66,1795.78,1797.7,1294.2839
2026-06-17 02:15:00,1797.7,1810.21,1796.38,1805.68,4575.7718
2026-06-17 02:30:00,1805.68,1805.68,1788.78,1794.6,4512.6832
2026-06-17 02:45:00,1794.6,1796.34,1791.8,1795.59,1156.8797
2026-06-17 03:00:00,1795.59,1795.59,1791.3,1791.31,1961.5981
2026-06-17 03:15:00,1791.31,1791.68,1787.65,1790.94,2119.0709
2026-06-17 03:30:00,1790.94,1797.36,1790.93,1793.33,1143.4919
2026-06-17 03:45:00,1793.33,1795.43,1791.55,1793.58,1054.5402
2026-06-17 04:00:00,1793.58,1796.62,1792.4,1793.71,1035.8616
2026-06-17 04:15:00,1793.71,1795.88,1792.0,1794.95,889.4907
2026-06-17 04:30:00,1794.95,1796.16,1793.72,1795.42,738.2545
2026-06-17 04:45:00,1795.42,1801.79,1794.27,1794.3,1903.343
2026-06-17 05:00:00,1794.3,1799.45,1791.27,1791.78,1712.3346
2026-06-17 05:15:00,1791.78,1794.31,1789.13,1793.71,1108.8118
2026-06-17 05:30:00,1793.71,1797.0,1792.65,1796.29,986.9368
2026-06-17 05:45:00,1796.28,1797.49,1791.88,1793.98,2416.8347
2026-06-17 06:00:00,1793.98,1795.9,1792.69,1795.52,996.7877
2026-06-17 06:15:00,1795.52,1797.2,1788.61,1788.84,1018.8387
2026-06-17 06:30:00,1788.83,1792.62,1786.44,1789.05,2213.9821
2026-06-17 06:45:00,1789.06,1792.0,1787.74,1790.38,1121.1698
2026-06-17 07:00:00,1790.38,1792.28,1786.09,1791.5,1507.6361
2026-06-17 07:15:00,1791.49,1792.34,1783.61,1785.37,2110.9423
2026-06-17 07:30:00,1785.37,1788.4,1784.35,1787.25,1472.393
2026-06-17 07:45:00,1787.24,1787.82,1778.71,1785.08,2376.6822
2026-06-17 08:00:00,1785.09,1786.15,1779.29,1779.3,1440.3938
2026-06-17 08:15:00,1779.3,1780.57,1774.88,1775.84,2284.9692
2026-06-17 08:30:00,1775.83,1775.83,1761.84,1763.03,6300.6
2026-06-17 08:45:00,1763.03,1768.0,1760.4,1765.31,5012.5066
2026-06-17 09:00:00,1765.3,1770.32,1765.0,1769.66,2042.4338
2026-06-17 09:15:00,1769.67,1777.78,1768.57,1775.03,2050.2313
2026-06-17 09:30:00,1775.04,1775.98,1771.91,1772.49,932.2464
2026-06-17 09:45:00,1772.5,1776.3,1769.8,1773.07,1467.5753
2026-06-17 10:00:00,1773.08,1776.05,1769.11,1772.68,1616.3902
2026-06-17 10:15:00,1772.68,1774.68,1770.0,1772.3,990.2165
2026-06-17 10:30:00,1772.3,1773.99,1771.16,1772.71,655.8482
2026-06-17 10:45:00,1772.72,1773.88,1767.14,1768.38,1458.3401
2026-06-17 11:00:00,1768.39,1770.77,1759.35,1764.97,4083.4153
2026-06-17 11:15:00,1764.97,1768.54,1760.55,1766.43,2626.3918
2026-06-17 11:30:00,1766.43,1767.71,1764.18,1765.42,1263.6888
2026-06-17 11:45:00,1765.42,1767.75,1763.92,1763.92,892.3582
2026-06-17 12:00:00,1763.93,1765.99,1761.34,1764.68,1762.1812
2026-06-17 12:15:00,1764.68,1764.72,1743.43,1747.04,15231.6455
2026-06-17 12:30:00,1747.05,1756.44,1742.94,1755.58,3660.3839
2026-06-17 12:45:00,1755.58,1759.83,1754.64,1759.44,1993.7388
2026-06-17 13:00:00,1759.42,1762.59,1756.99,1761.57,2364.1853
2026-06-17 13:15:00,1761.56,1761.57,1754.72,1758.51,2275.2573
2026-06-17 13:30:00,1758.51,1770.6,1755.05,1766.98,11321.6732
2026-06-17 13:45:00,1766.99,1771.91,1760.55,1761.25,4862.3281
2026-06-17 14:00:00,1761.24,1763.66,1754.41,1761.38,4523.4684
2026-06-17 14:15:00,1761.39,1765.52,1752.46,1756.39,4522.3108
2026-06-17 14:30:00,1756.4,1758.85,1752.64,1755.82,2739.8398
2026-06-17 14:45:00,1755.82,1760.54,1741.05,1754.96,10160.9099
2026-06-17 15:00:00,1754.97,1759.44,1751.21,1759.29,3246.3747
2026-06-17 15:15:00,1759.28,1765.42,1756.9,1763.42,3543.9687
2026-06-17 15:30:00,1763.42,1768.41,1761.36,1767.66,4966.2751
2026-06-17 15:45:00,1767.67,1776.94,1766.24,1773.41,4954.9314
2026-06-17 16:00:00,1773.42,1777.0,1770.83,1775.44,3317.9986
2026-06-17 16:15:00,1775.44,1791.73,1773.39,1784.74,10749.7032
2026-06-17 16:30:00,1784.74,1785.42,1772.1,1775.08,4462.7645
2026-06-17 16:45:00,1775.08,1775.8,1769.52,1772.02,1990.7462
2026-06-17 17:00:00,1772.03,1774.39,1767.54,1772.15,2381.652
2026-06-17 17:15:00,1772.14,1779.53,1771.51,1777.92,2071.0703
2026-06-17 17:30:00,1777.93,1781.27,1773.91,1774.68,1654.4397
2026-06-17 17:45:00,1774.69,1796.08,1773.38,1789.27,6602.4571
2026-06-17 18:00:00,1789.27,1789.4,1746.42,1764.97,21761.2866
2026-06-17 18:15:00,1764.98,1773.96,1763.06,1766.96,4898.5823
2026-06-17 18:30:00,1766.96,1788.99,1761.68,1785.12,10869.9164
2026-06-17 18:45:00,1785.12,1786.08,1766.64,1770.32,7568.125
2026-06-17 19:00:00,1770.31,1775.85,1762.99,1772.1,4904.4838
2026-06-17 19:15:00,1772.11,1772.56,1736.54,1741.1,16790.8821
2026-06-17 19:30:00,1741.1,1749.38,1730.96,1734.32,13129.1348
2026-06-17 19:45:00,1734.33,1739.27,1729.26,1734.72,13219.7222
2026-06-17 20:00:00,1734.73,1744.08,1732.97,1738.14,5477.9584
2026-06-17 20:15:00,1738.14,1741.83,1737.28,1739.58,2424.5474
2026-06-17 20:30:00,1739.57,1745.06,1736.55,1736.57,2223.3425
2026-06-17 20:45:00,1736.57,1747.92,1735.48,1747.36,2352.4463
2026-06-17 21:00:00,1747.37,1748.01,1742.19,1742.81,1206.2179
2026-06-17 21:15:00,1742.81,1745.76,1742.26,1743.86,1763.0937
2026-06-17 21:30:00,1743.86,1746.0,1739.07,1739.89,1810.1978
2026-06-17 21:45:00,1739.88,1740.03,1736.39,1738.9,2103.3019
2026-06-17 22:00:00,1738.91,1740.81,1725.34,1735.51,5983.9522
2026-06-17 22:15:00,1735.52,1744.8,1734.77,1743.59,1773.214
2026-06-17 22:30:00,1743.58,1745.02,1741.88,1743.26,1762.1529
2026-06-17 22:45:00,1743.27,1746.6,1740.06,1740.31,1249.8873
2026-06-17 23:00:00,1740.31,1746.1,1740.1,1744.0,1898.0066
2026-06-17 23:15:00,1744.01,1751.66,1743.75,1750.14,1963.812
2026-06-17 23:30:00,1750.13,1750.71,1747.64,1747.85,1069.0948
2026-06-17 23:45:00,1747.85,1750.74,1746.85,1750.6,1031.9868
2026-06-18 00:00:00,1750.61,1757.28,1749.98,1755.86,1949.0722
2026-06-18 00:15:00,1755.86,1757.24,1752.73,1754.97,2738.1153
2026-06-18 00:30:00,1754.97,1759.49,1752.63,1755.47,1765.4885
2026-06-18 00:45:00,1755.47,1756.49,1751.68,1752.97,1981.7866
2026-06-18 01:00:00,1752.97,1762.99,1752.64,1761.57,2615.5193
2026-06-18 01:15:00,1761.57,1762.21,1755.78,1757.23,2180.3571
2026-06-18 01:30:00,1757.22,1762.91,1757.22,1757.49,926.3113
2026-06-18 01:45:00,1757.48,1757.48,1752.9,1754.92,1014.1206
2026-06-18 02:00:00,1754.93,1758.62,1754.29,1754.5,1049.0817
2026-06-18 02:15:00,1754.5,1759.0,1750.34,1757.72,2024.7427
2026-06-18 02:30:00,1757.72,1758.6,1754.82,1757.67,1322.294
2026-06-18 02:45:00,1757.67,1758.0,1755.48,1755.85,1545.0625
2026-06-18 03:00:00,1755.86,1756.26,1751.1,1751.59,2456.4801
2026-06-18 03:15:00,1751.59,1752.58,1744.78,1745.01,2496.5002
2026-06-18 03:30:00,1745.01,1748.29,1741.46,1742.67,2820.1622
2026-06-18 03:45:00,1742.68,1747.25,1742.02,1744.17,2096.709
2026-06-18 04:00:00,1744.17,1745.92,1730.88,1735.25,4896.2096
2026-06-18 04:15:00,1735.25,1739.33,1731.13,1735.45,2092.9797
2026-06-18 04:30:00,1735.46,1737.29,1732.38,1732.73,1450.0466
2026-06-18 04:45:00,1732.73,1734.59,1730.0,1730.64,2387.7747
2026-06-18 05:00:00,1730.63,1733.0,1722.24,1728.94,4691.9294
2026-06-18 05:15:00,1728.94,1731.66,1727.1,1728.57,1849.5683
2026-06-18 05:30:00,1728.58,1731.29,1725.32,1728.87,1333.7026
2026-06-18 05:45:00,1728.86,1731.39,1726.95,1730.97,1629.4063
2026-06-18 06:00:00,1730.97,1734.5,1726.0,1728.65,2588.1308
2026-06-18 06:15:00,1728.64,1730.69,1725.53,1730.49,2012.8969
2026-06-18 06:30:00,1730.48,1736.05,1730.18,1735.91,2561.3914
2026-06-18 06:45:00,1735.9,1736.79,1733.99,1735.56,2009.4645
2026-06-18 07:00:00,1735.56,1736.52,1732.91,1734.81,1535.0606
2026-06-18 07:15:00,1734.82,1746.98,1734.47,1745.34,6272.9941
2026-06-18 07:30:00,1745.34,1753.29,1743.77,1749.24,3683.1467
2026-06-18 07:45:00,1749.25,1750.96,1747.12,1749.79,3008.5046
2026-06-18 08:00:00,1749.8,1753.61,1746.07,1748.37,5923.8883
2026-06-18 08:15:00,1748.36,1751.14,1748.25,1749.96,1304.9895
2026-06-18 08:30:00,1749.96,1753.29,1749.51,1750.67,1472.7407
2026-06-18 08:45:00,1750.68,1751.04,1743.7,1747.67,8293.7074
2026-06-18 09:00:00,1747.67,1747.79,1743.03,1747.52,5269.4502
2026-06-18 09:15:00,1747.52,1751.87,1743.36,1743.37,2203.4305
2026-06-18 09:30:00,1743.36,1747.29,1742.53,1747.08,989.4355
2026-06-18 09:45:00,1747.09,1749.07,1745.71,1746.07,725.7604
2026-06-18 10:00:00,1746.07,1747.4,1741.24,1741.3,2253.3126
2026-06-18 10:15:00,1741.3,1743.45,1739.46,1742.18,2022.9062
2026-06-18 10:30:00,1742.19,1743.17,1739.78,1740.45,2228.8333
2026-06-18 10:45:00,1740.45,1752.84,1740.0,1746.9,3788.1678
2026-06-18 11:00:00,1746.9,1749.39,1743.85,1745.94,2732.0647
2026-06-18 11:15:00,1745.94,1747.56,1741.0,1745.93,2999.2098
2026-06-18 11:30:00,1745.93,1747.57,1739.11,1743.34,2418.8017
2026-06-18 11:45:00,1743.34,1744.61,1739.52,1743.31,2449.2744
2026-06-18 12:00:00,1743.31,1747.15,1741.88,1745.27,2502.549
2026-06-18 12:15:00,1745.28,1752.0,1744.05,1751.8,3377.5486
2026-06-18 12:30:00,1751.8,1753.06,1747.45,1748.92,2475.0807
2026-06-18 12:45:00,1748.91,1751.18,1746.94,1750.41,1323.422
2026-06-18 13:00:00,1750.41,1752.29,1748.33,1749.88,1085.4634
2026-06-18 13:15:00,1749.87,1752.51,1748.54,1749.73,1647.3189
2026-06-18 13:30:00,1749.72,1750.82,1731.27,1731.53,6778.0387
2026-06-18 13:45:00,1731.54,1743.19,1729.08,1736.78,4955.4222
2026-06-18 14:00:00,1736.78,1740.52,1730.4,1732.26,3791.1584
2026-06-18 14:15:00,1732.26,1745.46,1729.66,1733.66,4586.912
2026-06-18 14:30:00,1733.66,1744.54,1732.47,1739.05,3669.9314
2026-06-18 14:45:00,1739.06,1742.54,1731.74,1739.79,3580.5151
2026-06-18 15:00:00,1739.78,1740.09,1732.01,1732.84,3212.3588
2026-06-18 15:15:00,1732.84,1734.91,1717.65,1720.5,9782.9892
2026-06-18 15:30:00,1720.5,1726.08,1697.39,1698.67,21650.7272
2026-06-18 15:45:00,1698.66,1700.18,1680.0,1682.23,20110.1621
2026-06-18 16:00:00,1682.23,1692.95,1680.39,1689.72,8418.8723
2026-06-18 16:15:00,1689.73,1691.53,1683.52,1686.77,5642.1243
2026-06-18 16:30:00,1686.77,1688.74,1682.74,1686.86,5458.2954
2026-06-18 16:45:00,1686.86,1689.16,1684.01,1686.93,3699.4327
2026-06-18 17:00:00,1686.96,1687.68,1681.32,1683.71,3165.9822
2026-06-18 17:15:00,1683.71,1686.48,1671.79,1680.21,8027.7917
2026-06-18 17:30:00,1680.22,1686.64,1679.5,1681.67,4673.1498
2026-06-18 17:45:00,1681.67,1686.4,1676.86,1679.42,2470.1837
2026-06-18 18:00:00,1679.41,1682.0,1677.18,1679.9,2645.97
2026-06-18 18:15:00,1679.9,1689.4,1676.35,1686.73,4989.7617
2026-06-18 18:30:00,1686.73,1687.17,1681.29,1685.25,2314.9162
2026-06-18 18:45:00,1685.25,1688.53,1682.41,1685.38,1542.4478
2026-06-18 19:00:00,1685.38,1687.21,1682.78,1686.58,1426.4595
2026-06-18 19:15:00,1686.57,1692.26,1685.59,1691.68,2594.832
2026-06-18 19:30:00,1691.69,1703.67,1690.31,1702.99,3815.5733
2026-06-18 19:45:00,1702.98,1707.48,1700.79,1705.39,5135.1582
2026-06-18 20:00:00,1705.4,1714.46,1705.4,1712.01,4341.2699
2026-06-18 20:15:00,1712.01,1717.23,1708.22,1713.36,3070.5396
2026-06-18 20:30:00,1713.36,1715.54,1711.67,1713.19,1966.6786
2026-06-18 20:45:00,1713.19,1713.37,1710.03,1710.47,1424.9848
2026-06-18 21:00:00,1710.47,1711.96,1702.72,1704.4,2072.4203
2026-06-18 21:15:00,1704.39,1706.49,1701.64,1705.79,2293.1124
2026-06-18 21:30:00,1705.78,1709.85,1705.0,1706.21,2209.4214
2026-06-18 21:45:00,1706.22,1709.73,1705.4,1708.39,1734.8992
2026-06-18 22:00:00,1708.39,1708.56,1705.65,1706.89,1627.1659
2026-06-18 22:15:00,1706.89,1707.35,1701.99,1703.49,1401.9013
2026-06-18 22:30:00,1703.5,1704.79,1700.19,1704.79,1254.3116
2026-06-18 22:45:00,1704.79,1708.39,1703.39,1706.81,1104.6474
2026-06-18 23:00:00,1706.81,1708.28,1702.96,1702.96,1317.951
2026-06-18 23:15:00,1702.96,1709.78,1702.96,1709.09,1342.3495
2026-06-18 23:30:00,1709.09,1712.17,1709.06,1709.31,1564.7023
2026-06-18 23:45:00,1709.31,1712.38,1708.47,1711.11,1143.0788
2026-06-19 00:00:00,1711.11,1711.6,1708.64,1710.48,1395.6169
2026-06-19 00:15:00,1710.49,1715.0,1709.55,1712.91,1526.0438
2026-06-19 00:30:00,1712.91,1716.0,1712.68,1716.0,1355.1765
2026-06-19 00:45:00,1715.99,1716.3,1712.65,1713.84,1421.1227
2026-06-19 01:00:00,1713.85,1719.51,1710.4,1711.92,1882.186
2026-06-19 01:15:00,1711.91,1716.79,1709.24,1709.31,1059.9022
2026-06-19 01:30:00,1709.31,1710.79,1706.19,1709.69,1273.0233
2026-06-19 01:45:00,1709.68,1713.95,1709.68,1713.5,764.1817
2026-06-19 02:00:00,1713.5,1715.21,1710.55,1710.93,1459.5287
2026-06-19 02:15:00,1710.93,1712.01,1704.09,1704.09,1825.8477
2026-06-19 02:30:00,1704.09,1706.13,1702.34,1704.44,2082.6364
2026-06-19 02:45:00,1704.46,1708.09,1701.29,1707.15,1736.612
2026-06-19 03:00:00,1707.15,1708.28,1694.79,1695.39,3658.9745
2026-06-19 03:15:00,1695.39,1702.11,1682.35,1699.95,11943.229
2026-06-19 03:30:00,1699.94,1700.07,1692.6,1696.79,2258.4239
2026-06-19 03:45:00,1696.8,1699.09,1694.77,1697.69,2048.5181
2026-06-19 04:00:00,1697.7,1700.72,1689.93,1700.12,2651.3051
2026-06-19 04:15:00,1700.13,1702.97,1694.56,1694.91,2087.7947
2026-06-19 04:30:00,1694.91,1695.19,1687.35,1692.15,2688.5355
2026-06-19 04:45:00,1692.16,1694.11,1686.0,1689.72,1620.0778
2026-06-19 05:00:00,1689.72,1697.39,1689.39,1697.31,2703.4359
2026-06-19 05:15:00,1697.31,1697.31,1692.08,1693.74,1181.3717
2026-06-19 05:30:00,1693.75,1696.11,1691.49,1695.7,1708.3894
2026-06-19 05:45:00,1695.7,1697.75,1694.8,1697.51,1158.3641
2026-06-19 06:00:00,1697.51,1700.21,1696.18,1699.84,1749.7523
2026-06-19 06:15:00,1699.85,1702.08,1697.86,1701.15,1961.6206
2026-06-19 06:30:00,1701.16,1703.4,1696.65,1700.49,1153.4884
2026-06-19 06:45:00,1700.49,1701.47,1696.67,1700.26,1047.3274
2026-06-19 07:00:00,1700.27,1700.98,1696.12,1696.13,1162.2536
2026-06-19 07:15:00,1696.13,1698.36,1693.99,1696.15,1332.4869
2026-06-19 07:30:00,1696.16,1699.82,1690.09,1693.09,4858.5749
2026-06-19 07:45:00,1693.09,1697.56,1691.67,1695.82,3517.7421
2026-06-19 08:00:00,1695.82,1697.72,1693.66,1696.67,1790.8744
2026-06-19 08:15:00,1696.66,1699.11,1695.28,1696.3,1140.5251
2026-06-19 08:30:00,1696.3,1699.11,1693.99,1695.93,1235.5564
2026-06-19 08:45:00,1695.93,1698.36,1695.77,1697.94,704.8215
2026-06-19 09:00:00,1697.94,1699.82,1690.4,1692.01,1554.1097
2026-06-19 09:15:00,1692.01,1694.54,1690.0,1691.89,1088.075
2026-06-19 09:30:00,1691.9,1695.03,1691.89,1692.88,1041.6348
2026-06-19 09:45:00,1692.87,1693.08,1688.72,1689.2,1863.1541
2026-06-19 10:00:00,1689.21,1693.5,1688.72,1691.36,1837.2644
2026-06-19 10:15:00,1691.34,1691.51,1687.34,1690.09,1739.9299
2026-06-19 10:30:00,1690.09,1690.21,1687.05,1688.17,1498.0032
2026-06-19 10:45:00,1688.17,1694.67,1687.69,1692.61,921.1864
2026-06-19 11:00:00,1692.6,1693.56,1688.94,1689.99,1149.3333
2026-06-19 11:15:00,1689.99,1694.24,1688.84,1692.88,788.0336
2026-06-19 11:30:00,1692.88,1693.84,1692.06,1693.21,814.5981
2026-06-19 11:45:00,1693.22,1694.2,1691.3,1691.74,577.1089
2026-06-19 12:00:00,1691.74,1694.24,1690.5,1690.5,879.4806
2026-06-19 12:15:00,1690.5,1690.5,1687.22,1689.49,805.2355
2026-06-19 12:30:00,1689.49,1690.76,1683.29,1686.5,2414.5676
2026-06-19 12:45:00,1686.5,1696.12,1679.11,1695.36,5487.6673
2026-06-19 13:00:00,1695.37,1699.3,1692.2,1693.61,2135.3655
2026-06-19 13:15:00,1693.62,1694.59,1687.75,1691.4,1362.6698
2026-06-19 13:30:00,1691.4,1703.0,1690.49,1701.16,2707.6145
2026-06-19 13:45:00,1701.16,1711.59,1700.77,1703.47,5430.6679
2026-06-19 14:00:00,1703.46,1705.62,1697.29,1698.62,2215.2528
2026-06-19 14:15:00,1698.62,1705.0,1696.51,1703.84,1585.9317
2026-06-19 14:30:00,1703.85,1708.02,1701.77,1704.87,2319.5928
2026-06-19 14:45:00,1704.87,1709.98,1704.87,1706.97,2105.6179
2026-06-19 15:00:00,1706.96,1707.53,1703.7,1706.05,1119.3347
2026-06-19 15:15:00,1706.06,1707.45,1698.37,1699.56,3177.6768
2026-06-19 15:30:00,1699.56,1712.06,1699.55,1708.94,3141.3749
2026-06-19 15:45:00,1708.94,1709.59,1706.7,1707.86,1652.4293
2026-06-19 16:00:00,1707.87,1711.76,1704.78,1711.58,1436.0867
2026-06-19 16:15:00,1711.59,1711.59,1707.39,1707.75,1858.9574
2026-06-19 16:30:00,1707.74,1708.2,1704.43,1705.44,1724.0368
2026-06-19 16:45:00,1705.44,1705.44,1695.09,1696.8,2256.9443
2026-06-19 17:00:00,1696.8,1698.05,1693.7,1697.27,1537.6133
2026-06-19 17:15:00,1697.27,1702.22,1694.26,1696.69,1705.3881
2026-06-19 17:30:00,1696.69,1702.43,1696.51,1702.05,1853.7759
2026-06-19 17:45:00,1702.05,1706.25,1700.29,1704.85,2272.8075
2026-06-19 18:00:00,1704.85,1705.45,1702.68,1705.05,1002.7899
2026-06-19 18:15:00,1705.06,1705.36,1703.01,1703.23,665.4433
2026-06-19 18:30:00,1703.22,1704.19,1698.3,1701.15,1333.1769
2026-06-19 18:45:00,1701.16,1703.36,1700.83,1702.7,810.7592
2026-06-19 19:00:00,1702.69,1704.61,1699.43,1702.22,1089.729
2026-06-19 19:15:00,1702.22,1702.48,1698.15,1700.06,803.3948
2026-06-19 19:30:00,1700.07,1701.4,1698.67,1700.52,856.7541
2026-06-19 19:45:00,1700.52,1704.34,1699.85,1701.2,1237.8679
2026-06-19 20:00:00,1701.21,1704.76,1701.21,1703.15,655.1815
2026-06-19 20:15:00,1703.16,1703.16,1698.89,1702.79,482.1546
2026-06-19 20:30:00,1702.8,1704.29,1701.35,1702.71,676.7645
2026-06-19 20:45:00,1702.71,1709.37,1702.71,1708.96,1599.9076
2026-06-19 21:00:00,1708.97,1708.97,1705.49,1708.58,902.9168
2026-06-19 21:15:00,1708.58,1708.59,1704.64,1704.79,449.4321
2026-06-19 21:30:00,1704.79,1705.61,1702.69,1702.69,750.3453
2026-06-19 21:45:00,1702.7,1704.19,1701.52,1702.03,745.2447
2026-06-19 22:00:00,1702.02,1703.31,1700.45,1703.01,945.1292
2026-06-19 22:15:00,1703.0,1710.38,1702.8,1708.39,1492.6781
2026-06-19 22:30:00,1708.4,1709.3,1706.07,1708.14,1351.9117
2026-06-19 22:45:00,1708.14,1709.32,1706.93,1707.61,703.852
2026-06-19 23:00:00,1707.61,1708.28,1704.88,1705.7,636.7665
2026-06-19 23:15:00,1705.7,1708.27,1705.37,1707.94,404.8684
2026-06-19 23:30:00,1707.94,1708.78,1707.05,1707.8,333.5951
2026-06-19 23:45:00,1707.8,1715.0,1706.57,1711.19,1943.693
2026-06-20 00:00:00,1711.18,1713.07,1708.41,1709.79,1880.914
2026-06-20 00:15:00,1709.79,1712.55,1708.46,1711.84,694.9629
2026-06-20 00:30:00,1711.83,1718.0,1709.22,1710.86,3346.0051
2026-06-20 00:45:00,1710.86,1711.08,1708.65,1708.8,546.3481
2026-06-20 01:00:00,1708.8,1709.36,1706.62,1708.25,772.4838
2026-06-20 01:15:00,1708.24,1710.51,1706.76,1709.21,609.1735
2026-06-20 01:30:00,1709.22,1713.36,1708.64,1708.98,1154.3467
2026-06-20 01:45:00,1708.98,1710.41,1708.35,1709.89,411.0718
2026-06-20 02:00:00,1709.89,1710.52,1706.89,1707.31,681.9842
2026-06-20 02:15:00,1707.31,1707.31,1704.06,1704.5,680.9149
2026-06-20 02:30:00,1704.5,1708.21,1704.5,1705.96,638.4034
2026-06-20 02:45:00,1705.96,1707.56,1704.5,1704.85,1057.2933
2026-06-20 03:00:00,1704.85,1707.03,1704.56,1706.7,640.8626
2026-06-20 03:15:00,1706.7,1708.61,1706.7,1707.96,699.8209
2026-06-20 03:30:00,1707.97,1709.33,1706.34,1708.18,332.7265
2026-06-20 03:45:00,1708.18,1708.66,1707.19,1708.17,339.0922
2026-06-20 04:00:00,1708.18,1709.4,1706.51,1707.67,707.6534
2026-06-20 04:15:00,1707.67,1713.0,1707.56,1712.92,674.1406
2026-06-20 04:30:00,1712.93,1715.47,1711.07,1714.94,1514.1492
2026-06-20 04:45:00,1714.94,1714.94,1712.55,1713.52,1360.6169
2026-06-20 05:00:00,1713.52,1733.89,1712.25,1729.7,9255.239
2026-06-20 05:15:00,1729.7,1730.68,1721.42,1722.42,3069.6606
2026-06-20 05:30:00,1722.42,1727.56,1722.42,1723.56,1723.5226
2026-06-20 05:45:00,1723.56,1726.99,1722.03,1726.1,1377.1459
2026-06-20 06:00:00,1726.11,1727.38,1723.98,1726.35,1189.415
2026-06-20 06:15:00,1726.35,1729.84,1724.88,1727.77,1279.2348
2026-06-20 06:30:00,1727.76,1728.03,1724.44,1726.72,791.849
2026-06-20 06:45:00,1726.72,1728.65,1725.34,1727.67,1129.2413
2026-06-20 07:00:00,1727.66,1727.83,1723.05,1725.19,1013.273
2026-06-20 07:15:00,1725.2,1728.58,1724.81,1728.28,924.4944
2026-06-20 07:30:00,1728.28,1729.56,1727.04,1727.58,1395.0947
2026-06-20 07:45:00,1727.57,1728.32,1725.19,1725.82,1234.6151
2026-06-20 08:00:00,1725.81,1726.9,1722.5,1725.14,1873.6597
2026-06-20 08:15:00,1725.14,1726.79,1723.6,1723.6,613.4083
2026-06-20 08:30:00,1723.61,1724.26,1721.77,1723.19,1050.654
2026-06-20 08:45:00,1723.19,1723.92,1721.25,1722.83,631.7206
2026-06-20 09:00:00,1722.83,1727.05,1722.83,1725.75,931.3676
2026-06-20 09:15:00,1725.76,1726.14,1723.51,1723.87,662.3811
2026-06-20 09:30:00,1723.86,1730.0,1723.61,1728.78,1634.1382
2026-06-20 09:45:00,1728.79,1730.0,1727.52,1728.47,692.4541
2026-06-20 10:00:00,1728.46,1728.69,1726.37,1727.57,377.6015
2026-06-20 10:15:00,1727.56,1729.53,1726.98,1728.11,645.1702
2026-06-20 10:30:00,1728.11,1728.24,1725.26,1726.17,726.7946
2026-06-20 10:45:00,1726.17,1728.31,1726.17,1727.62,368.3287
2026-06-20 11:00:00,1727.63,1728.93,1725.84,1726.77,536.7848
2026-06-20 11:15:00,1726.76,1728.33,1726.31,1726.61,687.7585
2026-06-20 11:30:00,1726.61,1728.3,1726.11,1727.92,314.326
2026-06-20 11:45:00,1727.92,1731.76,1726.89,1727.18,1563.5047
2026-06-20 12:00:00,1727.18,1730.35,1726.92,1729.76,809.2442
2026-06-20 12:15:00,1729.76,1729.87,1727.32,1729.08,883.0772
2026-06-20 12:30:00,1729.08,1729.08,1724.21,1725.49,765.5925
2026-06-20 12:45:00,1725.5,1727.03,1723.61,1726.86,710.6254
2026-06-20 13:00:00,1726.86,1727.21,1724.2,1724.2,628.7856
2026-06-20 13:15:00,1724.21,1725.91,1712.81,1714.85,4044.1873
2026-06-20 13:30:00,1714.84,1719.31,1714.48,1718.37,1382.777
2026-06-20 13:45:00,1718.37,1719.64,1716.38,1717.56,1453.0807
2026-06-20 14:00:00,1717.56,1717.56,1708.11,1708.85,3058.6628
2026-06-20 14:15:00,1708.85,1713.53,1708.85,1713.22,1233.0876
2026-06-20 14:30:00,1713.21,1720.26,1712.06,1719.92,1590.3249
2026-06-20 14:45:00,1719.91,1746.67,1718.95,1733.48,11419.3223
2026-06-20 15:00:00,1733.49,1737.64,1729.44,1735.93,3553.2902
2026-06-20 15:15:00,1735.94,1749.55,1733.78,1742.56,9812.0017
2026-06-20 15:30:00,1742.56,1743.7,1738.31,1739.16,2471.2541
2026-06-20 15:45:00,1739.15,1741.81,1737.49,1740.63,1748.4463
2026-06-20 16:00:00,1740.63,1740.91,1735.05,1736.33,1279.7023
2026-06-20 16:15:00,1736.32,1738.5,1732.76,1733.45,1366.8153
2026-06-20 16:30:00,1733.44,1734.58,1730.9,1732.32,1175.0541
2026-06-20 16:45:00,1732.31,1734.7,1732.0,1733.92,850.6717
2026-06-20 17:00:00,1733.92,1733.93,1729.28,1730.79,606.2151
2026-06-20 17:15:00,1730.79,1730.79,1726.88,1729.88,1025.8853
2026-06-20 17:30:00,1729.88,1732.0,1721.03,1726.11,2691.9284
2026-06-20 17:45:00,1726.12,1728.18,1725.5,1726.86,563.2121
2026-06-20 18:00:00,1726.87,1732.0,1726.49,1727.64,953.5542
2026-06-20 18:15:00,1727.64,1730.25,1727.64,1729.7,768.1046
2026-06-20 18:30:00,1729.71,1730.5,1726.72,1727.69,1173.7605
2026-06-20 18:45:00,1727.7,1728.61,1726.0,1726.63,1150.4311
2026-06-20 19:00:00,1726.62,1728.58,1725.24,1727.87,2938.0495
2026-06-20 19:15:00,1727.87,1728.55,1725.26,1726.79,5972.4989
2026-06-20 19:30:00,1726.79,1730.18,1726.1,1729.77,743.826
2026-06-20 19:45:00,1729.76,1730.05,1728.66,1729.27,210.0412
2026-06-20 20:00:00,1729.27,1730.94,1728.56,1730.01,1267.6124
2026-06-20 20:15:00,1730.0,1731.03,1728.5,1728.99,443.2744
2026-06-20 20:30:00,1729.0,1729.03,1726.53,1728.29,372.853
2026-06-20 20:45:00,1728.28,1731.34,1728.28,1730.98,477.3222
2026-06-20 21:00:00,1730.98,1737.11,1730.38,1735.31,1179.5866
2026-06-20 21:15:00,1735.31,1735.31,1732.29,1732.99,1635.5531
2026-06-20 21:30:00,1732.98,1737.18,1732.41,1736.35,2856.0708
2026-06-20 21:45:00,1736.36,1738.01,1733.21,1735.33,4367.3984
2026-06-20 22:00:00,1735.33,1740.26,1732.96,1738.85,4985.125
2026-06-20 22:15:00,1738.84,1744.58,1736.34,1743.01,2449.0182
2026-06-20 22:30:00,1743.01,1746.17,1740.79,1743.21,3233.5907
2026-06-20 22:45:00,1743.21,1745.18,1741.2,1743.32,2589.7951
2026-06-20 23:00:00,1743.32,1743.69,1741.65,1741.71,3012.8208
2026-06-20 23:15:00,1741.71,1743.76,1740.94,1740.99,2077.5846
2026-06-20 23:30:00,1740.99,1743.02,1740.52,1742.23,1800.1174
2026-06-20 23:45:00,1742.23,1742.23,1740.7,1741.08,1574.7863
2026-06-21 00:00:00,1741.08,1741.09,1737.0,1738.59,1237.1466
2026-06-21 00:15:00,1738.59,1739.43,1736.19,1737.36,1052.4974
2026-06-21 00:30:00,1737.37,1739.8,1736.76,1738.25,645.8133
2026-06-21 00:45:00,1738.25,1739.07,1736.77,1737.92,562.5937
2026-06-21 01:00:00,1737.92,1738.25,1735.32,1735.4,652.0784
2026-06-21 01:15:00,1735.41,1736.19,1734.5,1735.27,473.9146
2026-06-21 01:30:00,1735.27,1738.12,1734.71,1737.38,736.8162
2026-06-21 01:45:00,1737.38,1740.0,1737.0,1737.01,419.235
2026-06-21 02:00:00,1737.0,1738.18,1735.77,1737.31,375.4591
2026-06-21 02:15:00,1737.31,1737.76,1735.66,1736.76,286.2648
2026-06-21 02:30:00,1736.76,1737.73,1735.86,1736.7,486.5628
2026-06-21 02:45:00,1736.71,1737.82,1735.88,1736.09,485.363
2026-06-21 03:00:00,1736.08,1736.54,1733.51,1736.54,1552.9287
2026-06-21 03:15:00,1736.54,1741.45,1735.03,1736.63,1344.3284
2026-06-21 03:30:00,1736.64,1739.9,1736.01,1739.26,671.4563
2026-06-21 03:45:00,1739.26,1739.59,1737.87,1737.87,503.4705
2026-06-21 04:00:00,1737.88,1738.2,1735.32,1736.26,739.1421
2026-06-21 04:15:00,1736.25,1740.44,1736.25,1739.16,656.2345
2026-06-21 04:30:00,1739.15,1741.41,1737.44,1737.77,652.4244
2026-06-21 04:45:00,1737.76,1737.77,1731.63,1732.85,1533.0584
2026-06-21 05:00:00,1732.85,1733.77,1731.14,1731.87,812.8043
2026-06-21 05:15:00,1731.86,1735.4,1729.8,1735.08,1585.0289
2026-06-21 05:30:00,1735.08,1736.27,1733.62,1734.17,585.4222
2026-06-21 05:45:00,1734.17,1734.18,1732.0,1733.47,467.244
2026-06-21 06:00:00,1733.46,1735.59,1732.52,1734.7,7632.2552
2026-06-21 06:15:00,1734.7,1736.82,1734.24,1736.22,473.936
2026-06-21 06:30:00,1736.22,1738.66,1735.21,1737.31,546.7286
2026-06-21 06:45:00,1737.31,1737.53,1736.0,1736.14,338.5647
2026-06-21 07:00:00,1736.14,1736.44,1734.37,1735.34,766.5685
2026-06-21 07:15:00,1735.34,1735.79,1733.0,1733.29,525.9411
2026-06-21 07:30:00,1733.29,1734.35,1733.0,1734.15,1252.1857
2026-06-21 07:45:00,1734.16,1734.49,1731.79,1732.36,581.1169
2026-06-21 08:00:00,1732.36,1733.22,1729.79,1731.04,1126.1659
2026-06-21 08:15:00,1731.04,1731.07,1729.0,1729.42,650.8348
2026-06-21 08:30:00,1729.41,1730.23,1724.0,1728.55,2074.1739
2026-06-21 08:45:00,1728.55,1729.11,1726.61,1729.1,656.3934
2026-06-21 09:00:00,1729.11,1730.08,1727.36,1727.36,505.2586
2026-06-21 09:15:00,1727.36,1730.92,1725.89,1728.88,706.6307
2026-06-21 09:30:00,1728.88,1734.37,1728.88,1731.38,1179.8926
2026-06-21 09:45:00,1731.38,1733.66,1731.37,1732.78,689.8658
2026-06-21 10:00:00,1732.77,1735.39,1731.57,1734.22,954.4155
2026-06-21 10:15:00,1734.22,1737.02,1733.42,1734.53,1018.9908
2026-06-21 10:30:00,1734.53,1734.53,1732.43,1732.54,678.6308
2026-06-21 10:45:00,1732.54,1733.95,1731.03,1731.38,932.3111
2026-06-21 11:00:00,1731.39,1734.81,1729.52,1732.54,1633.7104
2026-06-21 11:15:00,1732.53,1732.53,1718.56,1727.7,4742.4116
2026-06-21 11:30:00,1727.69,1728.25,1723.86,1726.64,776.046
2026-06-21 11:45:00,1726.65,1728.39,1723.36,1725.36,1284.3736
2026-06-21 12:00:00,1725.37,1726.58,1721.59,1722.17,1769.5362
2026-06-21 12:15:00,1722.17,1722.18,1717.14,1719.28,2926.0299
2026-06-21 12:30:00,1719.29,1721.79,1717.33,1720.62,1043.974
2026-06-21 12:45:00,1720.62,1726.93,1720.59,1726.0,2273.1831
2026-06-21 13:00:00,1725.99,1728.14,1724.0,1726.05,1434.3291
2026-06-21 13:15:00,1726.06,1727.77,1724.76,1726.27,878.4293
2026-06-21 13:30:00,1726.28,1726.89,1722.12,1722.77,891.3822
2026-06-21 13:45:00,1722.77,1725.4,1722.7,1725.15,501.16
2026-06-21 14:00:00,1725.15,1725.99,1722.63,1723.32,541.2104
2026-06-21 14:15:00,1723.31,1724.59,1721.78,1722.39,1702.7029
2026-06-21 14:30:00,1722.39,1726.29,1722.15,1725.36,448.1021
2026-06-21 14:45:00,1725.36,1728.46,1723.89,1728.44,714.0035
2026-06-21 15:00:00,1728.45,1732.2,1727.12,1729.06,1883.0603
2026-06-21 15:15:00,1729.06,1732.11,1729.0,1731.63,691.6299
2026-06-21 15:30:00,1731.63,1732.57,1729.69,1730.98,866.4406
2026-06-21 15:45:00,1730.98,1731.17,1730.37,1730.72,434.6884
2026-06-21 16:00:00,1730.71,1730.71,1726.04,1727.6,2710.8418
2026-06-21 16:15:00,1727.61,1729.11,1726.37,1726.99,662.8269
2026-06-21 16:30:00,1726.99,1727.31,1722.21,1725.29,1491.4686
2026-06-21 16:45:00,1725.29,1730.0,1725.27,1728.15,748.8306
2026-06-21 17:00:00,1728.16,1731.54,1727.71,1730.24,1256.5935
2026-06-21 17:15:00,1730.25,1730.58,1726.7,1726.78,1512.5297
2026-06-21 17:30:00,1726.78,1727.48,1725.97,1727.07,1569.1262
2026-06-21 17:45:00,1727.08,1729.18,1727.08,1727.36,313.7252
2026-06-21 18:00:00,1727.37,1727.49,1721.67,1723.56,742.847
2026-06-21 18:15:00,1723.56,1726.08,1723.56,1725.85,494.1229
2026-06-21 18:30:00,1725.86,1737.56,1725.57,1734.25,4138.1769
2026-06-21 18:45:00,1734.25,1737.81,1732.94,1735.39,1707.0186
2026-06-21 19:00:00,1735.4,1739.32,1734.59,1736.51,1561.9701
2026-06-21 19:15:00,1736.5,1736.62,1733.59,1734.28,498.6546
2026-06-21 19:30:00,1734.29,1735.53,1733.75,1734.93,422.3136
2026-06-21 19:45:00,1734.93,1736.12,1733.92,1734.14,354.3313
2026-06-21 20:00:00,1734.14,1735.34,1731.4,1731.68,553.8154
2026-06-21 20:15:00,1731.68,1732.46,1729.28,1730.76,548.7385
2026-06-21 20:30:00,1730.77,1731.41,1726.49,1727.88,1278.637
2026-06-21 20:45:00,1727.88,1728.11,1717.3,1721.3,3204.6162
2026-06-21 21:00:00,1721.32,1722.38,1702.0,1710.31,6598.4888
2026-06-21 21:15:00,1710.31,1717.5,1702.51,1714.5,4219.534
2026-06-21 21:30:00,1714.5,1724.19,1714.5,1720.65,2461.1061
2026-06-21 21:45:00,1720.65,1721.86,1717.13,1718.6,604.4909
2026-06-21 22:00:00,1718.59,1721.38,1712.96,1716.33,2285.6193
2026-06-21 22:15:00,1716.35,1719.43,1714.44,1714.63,1294.9053
2026-06-21 22:30:00,1714.63,1716.76,1708.57,1714.8,2405.0992
2026-06-21 22:45:00,1714.79,1719.72,1714.43,1717.65,859.4855
2026-06-21 23:00:00,1717.64,1717.64,1710.0,1711.84,1580.3655
2026-06-21 23:15:00,1711.84,1716.37,1710.55,1713.54,1263.7705
2026-06-21 23:30:00,1713.54,1714.54,1704.25,1706.38,3578.2638
2026-06-21 23:45:00,1706.39,1709.34,1704.8,1706.94,1595.6037
2026-06-22 00:00:00,1706.94,1715.68,1706.94,1712.72,1991.4699
2026-06-22 00:15:00,1712.72,1721.11,1712.48,1720.22,2037.321
2026-06-22 00:30:00,1720.23,1732.2,1719.36,1725.89,4115.0572
2026-06-22 00:45:00,1725.89,1729.75,1720.54,1726.95,1986.5324
2026-06-22 01:00:00,1726.95,1730.49,1724.56,1725.81,1677.0293
2026-06-22 01:15:00,1725.82,1759.84,1725.82,1752.43,14616.7417
2026-06-22 01:30:00,1752.42,1754.86,1741.74,1744.43,4442.4281
2026-06-22 01:45:00,1744.43,1746.82,1743.17,1743.82,1966.7722
2026-06-22 02:00:00,1743.83,1745.28,1738.67,1740.73,1892.8472
2026-06-22 02:15:00,1740.72,1745.0,1739.17,1741.8,1716.409
2026-06-22 02:30:00,1741.81,1745.13,1740.01,1742.99,1096.8125
2026-06-22 02:45:00,1742.99,1743.26,1737.28,1737.28,1593.9904
2026-06-22 03:00:00,1737.27,1737.33,1726.54,1731.61,3177.9926
2026-06-22 03:15:00,1731.62,1740.0,1731.62,1736.59,1326.6578
2026-06-22 03:30:00,1736.59,1740.98,1734.21,1734.96,2339.4608
2026-06-22 03:45:00,1734.96,1735.53,1727.0,1730.0,2268.4687
2026-06-22 04:00:00,1730.0,1733.79,1727.69,1732.24,1210.1926
2026-06-22 04:15:00,1732.23,1734.97,1730.87,1734.51,1510.1188
2026-06-22 04:30:00,1734.52,1735.55,1731.12,1731.95,2783.6227
2026-06-22 04:45:00,1731.95,1735.96,1731.94,1735.31,961.346
2026-06-22 05:00:00,1735.3,1738.18,1734.2,1737.02,1480.2838
2026-06-22 05:15:00,1737.02,1739.83,1735.89,1737.77,2166.9676
2026-06-22 05:30:00,1737.77,1739.51,1736.08,1737.61,1175.3547
2026-06-22 05:45:00,1737.6,1738.07,1735.72,1736.85,686.0563
2026-06-22 06:00:00,1736.85,1740.21,1733.98,1738.03,1549.5403
2026-06-22 06:15:00,1738.03,1739.97,1735.69,1736.52,2348.1101
2026-06-22 06:30:00,1736.51,1736.63,1733.24,1734.67,1720.2192
2026-06-22 06:45:00,1734.65,1735.86,1733.21,1735.06,1197.2968
2026-06-22 07:00:00,1735.07,1746.45,1734.76,1744.39,5866.9952
2026-06-22 07:15:00,1744.38,1749.25,1743.89,1748.12,2538.6127
2026-06-22 07:30:00,1748.12,1751.58,1747.35,1747.82,2719.9329
2026-06-22 07:45:00,1747.81,1749.44,1745.15,1746.34,1641.7859
2026-06-22 08:00:00,1746.34,1752.23,1743.56,1751.83,1890.1262
2026-06-22 08:15:00,1751.82,1752.11,1746.21,1746.39,1861.3529
2026-06-22 08:30:00,1746.4,1749.48,1743.93,1749.48,1483.7871
2026-06-22 08:45:00,1749.47,1750.8,1746.1,1747.79,1204.8517
2026-06-22 09:00:00,1747.8,1750.38,1747.12,1748.72,1947.8493
2026-06-22 09:15:00,1748.73,1749.87,1745.45,1746.21,3207.3881
2026-06-22 09:30:00,1746.22,1748.95,1743.75,1746.98,1681.2231
2026-06-22 09:45:00,1746.98,1747.57,1745.73,1746.2,728.9638
2026-06-22 10:00:00,1746.19,1751.58,1745.23,1749.56,1244.8773
2026-06-22 10:15:00,1749.56,1750.81,1747.12,1747.51,835.6511
2026-06-22 10:30:00,1747.52,1751.39,1747.0,1747.09,960.0714
2026-06-22 10:45:00,1747.08,1749.97,1747.08,1748.81,615.8427
2026-06-22 11:00:00,1748.81,1757.45,1747.48,1751.91,4980.014
2026-06-22 11:15:00,1751.92,1754.97,1748.97,1752.68,2117.6369
2026-06-22 11:30:00,1752.69,1765.44,1752.69,1763.68,7348.0447
2026-06-22 11:45:00,1763.68,1774.7,1762.65,1767.68,7846.2709
2026-06-22 12:00:00,1767.68,1772.0,1764.22,1765.74,5310.5613
2026-06-22 12:15:00,1765.73,1769.51,1763.77,1767.15,2537.0929
2026-06-22 12:30:00,1767.16,1767.37,1761.29,1764.17,3637.6949
2026-06-22 12:45:00,1764.17,1767.14,1761.68,1764.0,2044.6181
2026-06-22 13:00:00,1764.0,1766.85,1762.93,1764.34,2465.7837
2026-06-22 13:15:00,1764.34,1765.95,1762.23,1764.44,1888.001
2026-06-22 13:30:00,1764.44,1779.9,1762.06,1774.08,11943.8287
2026-06-22 13:45:00,1774.08,1777.51,1771.7,1777.51,4318.7456
2026-06-22 14:00:00,1777.52,1778.0,1766.42,1767.9,4283.36
2026-06-22 14:15:00,1767.9,1768.19,1754.89,1755.39,4496.6517
2026-06-22 14:30:00,1755.38,1759.26,1751.62,1753.58,5046.4807
2026-06-22 14:45:00,1753.58,1758.36,1749.85,1754.61,3311.098
2026-06-22 15:00:00,1754.62,1758.06,1751.24,1755.59,2259.01
2026-06-22 15:15:00,1755.59,1756.55,1751.13,1754.15,3736.7724
2026-06-22 15:30:00,1754.16,1756.44,1752.47,1754.46,2819.266
2026-06-22 15:45:00,1754.46,1754.88,1742.41,1744.74,4296.6402
2026-06-22 16:00:00,1744.75,1746.29,1737.0,1742.0,5843.3443
2026-06-22 16:15:00,1742.01,1745.0,1738.51,1741.93,2558.9119
2026-06-22 16:30:00,1741.93,1742.6,1734.66,1738.14,4697.3822
2026-06-22 16:45:00,1738.13,1742.86,1733.71,1740.1,3931.3724
2026-06-22 17:00:00,1740.1,1743.12,1738.99,1741.43,1405.5393
2026-06-22 17:15:00,1741.44,1742.13,1733.92,1734.39,2298.9368
2026-06-22 17:30:00,1734.39,1736.14,1731.32,1734.93,3521.2887
2026-06-22 17:45:00,1734.94,1742.27,1734.7,1740.93,1859.1786
2026-06-22 18:00:00,1740.92,1746.54,1740.92,1745.67,2152.1266
2026-06-22 18:15:00,1745.67,1747.7,1740.7,1741.72,1879.7843
2026-06-22 18:30:00,1741.72,1743.0,1739.69,1739.91,1870.2821
2026-06-22 18:45:00,1739.91,1740.26,1729.42,1733.51,6669.0005
2026-06-22 19:00:00,1733.51,1735.64,1729.56,1734.97,3674.0306
2026-06-22 19:15:00,1734.96,1736.82,1729.15,1731.38,3637.6322
2026-06-22 19:30:00,1731.39,1735.8,1730.96,1733.54,1531.5606
2026-06-22 19:45:00,1733.54,1735.46,1730.01,1734.59,2125.7709
2026-06-22 20:00:00,1734.59,1740.07,1734.03,1736.67,1956.9712
2026-06-22 20:15:00,1736.67,1738.13,1732.04,1733.79,1310.3195
2026-06-22 20:30:00,1733.79,1736.49,1733.49,1736.12,919.2873
2026-06-22 20:45:00,1736.11,1736.87,1731.14,1734.61,1348.7217
2026-06-22 21:00:00,1734.61,1737.53,1733.86,1735.68,1459.1598
2026-06-22 21:15:00,1735.67,1735.67,1731.33,1734.01,1020.1463
2026-06-22 21:30:00,1734.01,1734.12,1726.83,1729.2,2121.2801
2026-06-22 21:45:00,1729.19,1732.76,1728.75,1732.74,1104.706
2026-06-22 22:00:00,1732.74,1735.93,1732.03,1733.28,1065.9699
2026-06-22 22:15:00,1733.28,1733.6,1718.0,1722.28,4862.3144
2026-06-22 22:30:00,1722.28,1725.42,1717.02,1719.45,3988.7848
2026-06-22 22:45:00,1719.45,1724.81,1718.74,1724.15,1424.6041
2026-06-22 23:00:00,1724.16,1726.18,1723.05,1723.52,1436.1656
2026-06-22 23:15:00,1723.52,1727.56,1721.38,1726.76,1376.3956
2026-06-22 23:30:00,1726.76,1730.6,1724.84,1727.18,1998.8316
2026-06-22 23:45:00,1727.18,1729.82,1725.9,1728.19,1455.3993
2026-06-23 00:00:00,1728.19,1728.57,1724.1,1725.56,1476.5773
2026-06-23 00:15:00,1725.56,1727.05,1719.75,1721.8,1511.6624
2026-06-23 00:30:00,1721.8,1729.42,1721.8,1729.41,1268.275
2026-06-23 00:45:00,1729.41,1731.74,1727.07,1731.27,1370.4952
2026-06-23 01:00:00,1731.26,1736.25,1731.26,1732.45,1243.0718
2026-06-23 01:15:00,1732.45,1735.44,1731.5,1733.76,756.8486
2026-06-23 01:30:00,1733.74,1734.8,1727.5,1728.15,1353.0107
2026-06-23 01:45:00,1728.15,1731.62,1721.22,1730.61,2609.0925
2026-06-23 02:00:00,1730.61,1732.1,1726.36,1729.28,671.9186
2026-06-23 02:15:00,1729.28,1733.35,1729.28,1730.88,903.2587
2026-06-23 02:30:00,1730.89,1733.15,1730.4,1732.37,518.7787
2026-06-23 02:45:00,1732.37,1735.04,1731.38,1732.65,1043.1865
2026-06-23 03:00:00,1732.65,1733.11,1725.98,1728.67,1380.0666
2026-06-23 03:15:00,1728.67,1730.72,1727.46,1729.66,681.8705
2026-06-23 03:30:00,1729.66,1729.66,1726.69,1727.77,1137.528
2026-06-23 03:45:00,1727.77,1730.5,1727.43,1729.9,804.0345
2026-06-23 04:00:00,1729.91,1731.25,1728.51,1730.58,629.5182
2026-06-23 04:15:00,1730.59,1730.59,1724.85,1727.99,1312.3751
2026-06-23 04:30:00,1727.98,1727.99,1722.66,1723.34,1583.6792
2026-06-23 04:45:00,1723.35,1724.33,1717.75,1719.07,2457.2216
2026-06-23 05:00:00,1719.07,1721.38,1717.35,1719.46,2078.4296
2026-06-23 05:15:00,1719.46,1720.0,1710.5,1713.6,3987.9411
2026-06-23 05:30:00,1713.59,1714.84,1710.64,1714.57,2509.179
2026-06-23 05:45:00,1714.57,1715.03,1712.16,1713.44,1149.2802
2026-06-23 06:00:00,1713.51,1713.7,1703.39,1707.48,4218.9334
2026-06-23 06:15:00,1707.48,1709.13,1680.52,1687.39,15347.8016
2026-06-23 06:30:00,1687.39,1692.91,1683.56,1690.38,4091.3294
2026-06-23 06:45:00,1690.39,1693.34,1689.45,1692.29,1707.3769
2026-06-23 07:00:00,1692.3,1694.73,1691.21,1694.15,1908.2548
2026-06-23 07:15:00,1694.15,1696.47,1692.5,1693.4,1634.6198
2026-06-23 07:30:00,1693.4,1693.64,1687.04,1687.62,4207.9978
2026-06-23 07:45:00,1687.63,1689.91,1682.34,1683.01,3092.7126
2026-06-23 08:00:00,1683.02,1684.8,1673.93,1675.63,6926.4518
2026-06-23 08:15:00,1675.65,1675.73,1635.65,1642.16,27073.6043
2026-06-23 08:30:00,1642.15,1652.44,1641.84,1649.37,8168.3291
2026-06-23 08:45:00,1649.36,1650.36,1646.07,1648.48,3253.1933
2026-06-23 09:00:00,1648.47,1652.16,1648.15,1650.86,2195.2511
2026-06-23 09:15:00,1650.86,1654.39,1650.3,1653.8,2147.1427
2026-06-23 09:30:00,1653.8,1654.31,1648.26,1649.81,3743.1624
2026-06-23 09:45:00,1649.8,1652.11,1649.38,1650.97,1580.2837
2026-06-23 10:00:00,1650.97,1658.91,1650.91,1656.51,2607.2428
2026-06-23 10:15:00,1656.52,1656.52,1652.58,1654.01,2120.2266
2026-06-23 10:30:00,1654.0,1654.26,1649.37,1650.46,1608.8427
2026-06-23 10:45:00,1650.46,1653.1,1649.45,1652.65,1367.3095
2026-06-23 11:00:00,1652.65,1655.93,1652.65,1655.86,1519.9354
2026-06-23 11:15:00,1655.85,1663.51,1655.38,1660.65,3301.7509
2026-06-23 11:30:00,1660.64,1663.68,1659.32,1661.4,1451.7399
2026-06-23 11:45:00,1661.4,1663.9,1657.98,1660.9,2191.6938
2026-06-23 12:00:00,1660.9,1662.59,1656.77,1658.35,1925.8789
2026-06-23 12:15:00,1658.34,1659.88,1656.21,1658.38,1514.027
2026-06-23 12:30:00,1658.38,1660.85,1655.42,1658.02,2115.7986
2026-06-23 12:45:00,1658.01,1658.74,1653.6,1654.53,3214.6228
2026-06-23 13:00:00,1654.54,1655.0,1649.5,1652.7,3251.3715
2026-06-23 13:15:00,1652.69,1652.69,1647.48,1649.19,6026.4777
2026-06-23 13:30:00,1649.2,1661.85,1645.52,1659.32,5846.7113
2026-06-23 13:45:00,1659.31,1664.13,1656.21,1662.83,3064.0791
2026-06-23 14:00:00,1662.82,1668.12,1659.69,1667.71,2586.519
2026-06-23 14:15:00,1667.7,1670.44,1658.04,1662.2,3445.9105
2026-06-23 14:30:00,1662.2,1672.0,1659.84,1663.46,3146.3034
2026-06-23 14:45:00,1663.46,1666.34,1660.1,1662.1,2721.7052
2026-06-23 15:00:00,1662.1,1663.39,1655.0,1656.99,2277.6893
2026-06-23 15:15:00,1656.98,1656.98,1651.77,1654.02,2177.7439
2026-06-23 15:30:00,1654.02,1660.92,1654.02,1656.04,2637.6457
2026-06-23 15:45:00,1656.03,1659.78,1651.39,1659.78,2888.4706
2026-06-23 16:00:00,1659.78,1673.89,1656.99,1668.06,11756.8567
2026-06-23 16:15:00,1668.07,1668.94,1661.24,1662.14,1801.3083
2026-06-23 16:30:00,1662.13,1663.02,1660.64,1662.53,1892.4816
2026-06-23 16:45:00,1662.53,1663.06,1658.48,1659.35,1302.6404
2026-06-23 17:00:00,1659.34,1661.04,1655.34,1657.95,2120.2164
2026-06-23 17:15:00,1657.94,1663.46,1657.76,1662.8,1180.3272
2026-06-23 17:30:00,1662.81,1664.87,1657.87,1659.52,1170.4302
2026-06-23 17:45:00,1659.52,1660.53,1654.67,1656.85,962.2024
2026-06-23 18:00:00,1656.86,1660.64,1655.2,1658.21,1056.9613
2026-06-23 18:15:00,1658.21,1660.06,1655.9,1657.67,3467.9144
2026-06-23 18:30:00,1657.67,1657.67,1650.17,1650.97,2253.5014
2026-06-23 18:45:00,1650.97,1657.42,1650.0,1655.53,2459.2015
2026-06-23 19:00:00,1655.53,1661.92,1655.47,1659.93,1971.7801
2026-06-23 19:15:00,1659.93,1661.92,1656.56,1661.92,1430.3812
2026-06-23 19:30:00,1661.92,1662.82,1658.2,1658.21,1356.9949
2026-06-23 19:45:00,1658.21,1663.97,1657.38,1662.58,2498.9188
2026-06-23 20:00:00,1662.57,1667.64,1662.57,1664.16,2030.0799
2026-06-23 20:15:00,1664.16,1665.5,1662.37,1664.28,1352.2284
2026-06-23 20:30:00,1664.28,1664.28,1662.07,1663.14,1200.4862
2026-06-23 20:45:00,1663.14,1664.32,1661.42,1664.13,842.4368
2026-06-23 21:00:00,1664.12,1667.84,1663.52,1665.25,1274.4069
2026-06-23 21:15:00,1665.25,1666.94,1664.44,1666.79,633.9203
2026-06-23 21:30:00,1666.8,1667.77,1665.64,1667.0,995.1856
2026-06-23 21:45:00,1667.01,1668.37,1666.07,1666.75,981.7609
2026-06-23 22:00:00,1666.74,1672.0,1666.31,1671.27,1458.1011
2026-06-23 22:15:00,1671.27,1672.92,1664.13,1665.34,1465.6589
2026-06-23 22:30:00,1665.34,1666.42,1663.3,1663.51,737.7136
2026-06-23 22:45:00,1663.51,1665.8,1663.0,1664.67,715.5894
2026-06-23 23:00:00,1664.67,1664.68,1660.27,1661.43,1395.2427
2026-06-23 23:15:00,1661.44,1665.74,1661.44,1664.13,1557.2793
2026-06-23 23:30:00,1664.14,1664.79,1662.15,1662.79,1068.7409
2026-06-23 23:45:00,1662.78,1669.55,1662.5,1667.13,1127.6239
2026-06-24 00:00:00,1667.13,1673.11,1666.75,1671.17,1569.5591
2026-06-24 00:15:00,1671.17,1672.3,1667.82,1668.78,943.609
2026-06-24 00:30:00,1668.78,1674.72,1667.51,1670.75,1263.6149
2026-06-24 00:45:00,1670.74,1673.55,1669.0,1671.37,893.9648
2026-06-24 01:00:00,1671.37,1672.5,1666.52,1672.3,1397.3992
2026-06-24 01:15:00,1672.29,1672.96,1666.12,1671.39,1086.6735
2026-06-24 01:30:00,1671.39,1680.46,1671.39,1674.56,2709.7073
2026-06-24 01:45:00,1674.56,1677.21,1672.22,1672.71,1699.3007
2026-06-24 02:00:00,1672.71,1673.62,1668.93,1671.71,1313.3705
2026-06-24 02:15:00,1671.7,1671.7,1664.98,1667.79,966.6095
2026-06-24 02:30:00,1667.8,1669.5,1663.53,1667.76,1310.2266
2026-06-24 02:45:00,1667.76,1668.07,1663.78,1664.03,974.2993
2026-06-24 03:00:00,1664.03,1665.95,1662.22,1663.94,2731.6818
2026-06-24 03:15:00,1663.94,1664.17,1658.18,1664.17,1669.8909
2026-06-24 03:30:00,1664.16,1669.03,1664.16,1668.4,972.011
2026-06-24 03:45:00,1668.41,1670.09,1666.13,1666.67,888.5863
2026-06-24 04:00:00,1666.67,1667.55,1664.29,1664.81,1031.309
2026-06-24 04:15:00,1664.82,1666.49,1658.22,1659.58,1428.3545
2026-06-24 04:30:00,1659.58,1665.97,1659.56,1664.57,1582.9791
2026-06-24 04:45:00,1664.56,1671.01,1664.56,1669.0,2370.5661
2026-06-24 05:00:00,1669.0,1671.69,1667.8,1669.36,838.1905
2026-06-24 05:15:00,1669.38,1673.39,1669.29,1673.27,1185.5272
2026-06-24 05:30:00,1673.27,1679.57,1672.51,1675.84,3259.5672
2026-06-24 05:45:00,1675.84,1676.75,1672.82,1674.48,1335.5746
2026-06-24 06:00:00,1674.48,1675.0,1670.54,1673.68,1316.7314
2026-06-24 06:15:00,1673.68,1676.99,1672.58,1675.22,1898.5417
2026-06-24 06:30:00,1675.23,1677.0,1674.42,1674.42,703.8269
2026-06-24 06:45:00,1674.42,1676.36,1672.79,1674.89,1119.3681
2026-06-24 07:00:00,1674.89,1678.53,1672.93,1678.0,2069.2798
2026-06-24 07:15:00,1677.99,1677.99,1673.13,1673.41,974.2359
2026-06-24 07:30:00,1673.4,1675.78,1670.94,1672.44,1873.0785
2026-06-24 07:45:00,1672.45,1673.97,1671.14,1673.12,1417.3689
2026-06-24 08:00:00,1673.13,1674.48,1669.23,1671.09,2181.6831
2026-06-24 08:15:00,1671.09,1672.74,1669.48,1670.38,841.874
2026-06-24 08:30:00,1670.38,1675.2,1670.0,1674.23,1169.5309
2026-06-24 08:45:00,1674.23,1674.68,1672.56,1673.28,1378.5324
2026-06-24 09:00:00,1673.28,1673.38,1668.14,1670.8,1906.7545
2026-06-24 09:15:00,1670.8,1670.86,1667.51,1667.65,1408.4914
2026-06-24 09:30:00,1667.65,1667.95,1665.29,1666.76,1816.3769
2026-06-24 09:45:00,1666.76,1668.61,1665.69,1667.15,1022.2404
2026-06-24 10:00:00,1667.14,1667.42,1663.87,1666.43,1639.947
2026-06-24 10:15:00,1666.42,1667.81,1662.88,1665.67,2696.4827
2026-06-24 10:30:00,1665.67,1668.0,1664.23,1666.84,1998.0337
2026-06-24 10:45:00,1666.85,1666.85,1663.15,1663.69,1056.1761
2026-06-24 11:00:00,1663.68,1665.2,1658.83,1658.83,1987.1325
2026-06-24 11:15:00,1658.84,1660.32,1655.76,1657.89,1748.5206
2026-06-24 11:30:00,1657.9,1669.99,1657.9,1669.84,2683.7999
2026-06-24 11:45:00,1669.84,1693.67,1668.56,1679.57,8160.4782
2026-06-24 12:00:00,1679.57,1681.29,1676.0,1678.25,2710.9477
2026-06-24 12:15:00,1678.25,1680.21,1675.76,1676.86,2614.6583
2026-06-24 12:30:00,1676.85,1678.3,1674.08,1676.56,1544.8759
2026-06-24 12:45:00,1676.56,1676.78,1670.52,1671.53,1325.2129
2026-06-24 13:00:00,1671.53,1672.17,1652.9,1655.61,4691.5814
2026-06-24 13:15:00,1655.61,1660.9,1642.88,1652.15,8363.3784
2026-06-24 13:30:00,1652.14,1664.16,1644.55,1648.31,8040.0197
2026-06-24 13:45:00,1648.31,1655.24,1641.44,1645.43,6292.7752
2026-06-24 14:00:00,1645.42,1650.83,1638.5,1646.12,7101.1698
2026-06-24 14:15:00,1646.12,1650.82,1638.14,1649.18,7162.2384
2026-06-24 14:30:00,1649.18,1657.4,1646.0,1650.48,5517.9262
2026-06-24 14:45:00,1650.48,1653.29,1643.01,1647.26,3491.9554
2026-06-24 15:00:00,1647.27,1647.93,1637.16,1639.65,4414.8493
2026-06-24 15:15:00,1639.65,1651.24,1638.61,1644.68,5128.3027
2026-06-24 15:30:00,1644.68,1644.69,1624.05,1627.23,10051.9259
2026-06-24 15:45:00,1627.24,1627.6,1616.8,1618.08,9948.879
2026-06-24 16:00:00,1618.08,1628.34,1616.23,1627.67,7320.8908
2026-06-24 16:15:00,1627.67,1636.08,1625.42,1631.78,7369.4882
2026-06-24 16:30:00,1631.77,1632.32,1620.01,1623.43,5142.4381
2026-06-24 16:45:00,1623.43,1623.43,1585.2,1589.87,28763.971
2026-06-24 17:00:00,1589.86,1597.83,1583.0,1588.21,8190.785
2026-06-24 17:15:00,1588.2,1590.24,1567.74,1576.67,14586.3638
2026-06-24 17:30:00,1576.68,1579.01,1564.19,1567.48,9791.5573
2026-06-24 17:45:00,1567.47,1569.48,1552.95,1560.66,11781.8771
2026-06-24 18:00:00,1560.66,1569.57,1556.86,1568.51,8854.0948
2026-06-24 18:15:00,1568.51,1585.11,1568.41,1578.4,10711.9194
2026-06-24 18:30:00,1578.4,1580.31,1574.66,1575.98,3887.9401
2026-06-24 18:45:00,1575.97,1576.27,1568.31,1572.26,4273.0672
2026-06-24 19:00:00,1572.27,1576.84,1567.12,1571.45,3635.1669
2026-06-24 19:15:00,1571.45,1577.0,1568.68,1576.04,3286.4572
2026-06-24 19:30:00,1576.03,1583.62,1572.36,1579.74,3582.6065
2026-06-24 19:45:00,1579.74,1585.39,1578.5,1584.58,4128.1196
2026-06-24 20:00:00,1584.59,1612.48,1580.0,1610.56,11205.5278
2026-06-24 20:15:00,1610.55,1617.22,1608.11,1613.22,4482.5894
2026-06-24 20:30:00,1613.22,1617.38,1608.92,1612.31,3790.3623
2026-06-24 20:45:00,1612.3,1622.12,1611.48,1613.63,4485.1076
2026-06-24 21:00:00,1613.63,1615.11,1606.09,1609.64,3640.4365
2026-06-24 21:15:00,1609.63,1612.11,1608.26,1611.77,1902.5003
2026-06-24 21:30:00,1611.77,1619.75,1610.2,1618.24,2042.211
2026-06-24 21:45:00,1618.24,1621.81,1615.51,1621.37,2736.1279
2026-06-24 22:00:00,1621.37,1629.82,1619.69,1619.74,4866.5198
2026-06-24 22:15:00,1619.74,1619.74,1615.0,1615.68,2941.1688
2026-06-24 22:30:00,1615.67,1618.0,1614.92,1617.49,1784.8337
2026-06-24 22:45:00,1617.49,1617.49,1613.65,1615.46,1642.3964
2026-06-24 23:00:00,1615.45,1617.67,1613.75,1616.83,1772.6287
2026-06-24 23:15:00,1616.83,1622.28,1615.51,1619.56,1400.3909
2026-06-24 23:30:00,1619.56,1622.0,1618.0,1619.78,1327.0087
2026-06-24 23:45:00,1619.78,1623.46,1618.11,1622.17,1510.0332
2026-06-25 00:00:00,1622.18,1626.51,1622.01,1625.29,1921.6655
2026-06-25 00:15:00,1625.28,1625.59,1620.15,1620.54,1161.253
2026-06-25 00:30:00,1620.55,1622.87,1618.77,1619.04,1680.7423
2026-06-25 00:45:00,1619.04,1621.93,1616.56,1619.12,5319.1669
2026-06-25 01:00:00,1619.12,1622.0,1615.47,1617.17,1420.7358
2026-06-25 01:15:00,1617.16,1622.07,1614.69,1618.99,1405.3002
2026-06-25 01:30:00,1618.98,1622.22,1618.6,1619.39,1244.8208
2026-06-25 01:45:00,1619.39,1624.24,1618.31,1620.72,988.9687
2026-06-25 02:00:00,1620.73,1621.47,1615.04,1616.32,551.7348
2026-06-25 02:15:00,1616.32,1620.39,1615.09,1620.35,484.0125
2026-06-25 02:30:00,1620.34,1620.35,1615.32,1616.28,810.0866
2026-06-25 02:45:00,1616.28,1621.34,1615.83,1621.0,1757.8458
2026-06-25 03:00:00,1621.01,1624.12,1618.01,1618.8,1956.6212
2026-06-25 03:15:00,1618.79,1621.02,1616.23,1619.21,1319.4679
2026-06-25 03:30:00,1619.21,1620.49,1616.5,1616.78,781.7295
2026-06-25 03:45:00,1616.77,1620.64,1616.71,1619.6,1132.9439
2026-06-25 04:00:00,1619.61,1620.41,1617.71,1618.01,1169.1748
2026-06-25 04:15:00,1618.01,1620.97,1617.36,1619.25,941.1516
2026-06-25 04:30:00,1619.25,1622.9,1617.12,1622.9,1267.7786
2026-06-25 04:45:00,1622.9,1636.52,1622.45,1635.03,7237.9263
2026-06-25 05:00:00,1635.04,1650.0,1633.58,1645.38,10611.062
2026-06-25 05:15:00,1645.39,1651.41,1641.74,1647.82,7899.6401
2026-06-25 05:30:00,1647.82,1652.23,1644.87,1644.88,5691.4773
2026-06-25 05:45:00,1644.87,1648.96,1644.1,1645.89,5172.5669
2026-06-25 06:00:00,1645.89,1649.66,1644.15,1647.39,2659.292
2026-06-25 06:15:00,1647.39,1650.67,1646.12,1648.54,2231.8799
2026-06-25 06:30:00,1648.53,1655.23,1647.45,1654.51,3576.8666
2026-06-25 06:45:00,1654.5,1660.54,1652.04,1653.95,4621.7393
2026-06-25 07:00:00,1653.95,1656.02,1651.22,1653.07,3673.6484
2026-06-25 07:15:00,1653.08,1656.54,1652.94,1654.94,2530.2362
2026-06-25 07:30:00,1654.93,1659.89,1654.93,1658.01,2440.8783
2026-06-25 07:45:00,1658.0,1658.84,1654.63,1657.19,1863.485
2026-06-25 08:00:00,1657.2,1658.98,1654.42,1654.44,1224.9862
2026-06-25 08:15:00,1654.44,1654.57,1651.03,1653.42,1250.51
2026-06-25 08:30:00,1653.42,1653.7,1651.6,1653.44,1336.5468
2026-06-25 08:45:00,1653.44,1654.6,1651.51,1652.92,1325.6827
2026-06-25 09:00:00,1652.93,1655.41,1652.1,1653.64,1181.7647
2026-06-25 09:15:00,1653.65,1654.09,1647.43,1648.27,1908.0681
2026-06-25 09:30:00,1648.28,1650.46,1647.43,1648.23,754.3228
2026-06-25 09:45:00,1648.23,1649.36,1646.62,1648.88,1447.7615
2026-06-25 10:00:00,1648.89,1649.43,1646.83,1648.47,1441.6977
2026-06-25 10:15:00,1648.46,1649.83,1642.88,1643.45,3400.4333
2026-06-25 10:30:00,1643.44,1644.19,1636.92,1636.92,3926.7703
2026-06-25 10:45:00,1636.92,1638.85,1633.6,1636.58,3511.3761
2026-06-25 11:00:00,1636.58,1638.41,1628.05,1636.91,9336.1744
2026-06-25 11:15:00,1636.9,1639.17,1630.32,1630.89,4858.9915
2026-06-25 11:30:00,1630.89,1635.22,1630.89,1632.11,1689.7583
2026-06-25 11:45:00,1632.11,1633.38,1628.54,1633.27,5430.4558
2026-06-25 12:00:00,1633.28,1634.72,1629.71,1631.81,1241.5745
2026-06-25 12:15:00,1631.81,1632.01,1624.71,1627.11,2718.145
2026-06-25 12:30:00,1627.12,1650.38,1627.12,1637.21,8147.1061
2026-06-25 12:45:00,1637.2,1640.39,1633.99,1635.81,1975.3155
2026-06-25 13:00:00,1635.82,1640.98,1634.59,1638.63,2314.8843
2026-06-25 13:15:00,1638.63,1639.16,1633.43,1634.5,2009.5145
2026-06-25 13:30:00,1634.5,1637.55,1591.3,1592.67,12423.9474
2026-06-25 13:45:00,1592.68,1600.75,1532.9,1538.15,53230.3148
2026-06-25 14:00:00,1538.15,1575.57,1538.15,1565.18,30281.3555
2026-06-25 14:15:00,1565.18,1571.2,1550.77,1563.85,14743.8068
2026-06-25 14:30:00,1563.84,1593.07,1559.95,1567.37,20172.4867
2026-06-25 14:45:00,1567.38,1578.74,1563.63,1568.37,9041.6095
2026-06-25 15:00:00,1568.37,1568.77,1552.25,1554.18,9413.8294
2026-06-25 15:15:00,1554.17,1566.19,1544.68,1561.77,15024.1644
2026-06-25 15:30:00,1561.78,1567.42,1555.38,1560.06,7092.7078
2026-06-25 15:45:00,1560.06,1573.55,1559.3,1570.01,8663.2673
2026-06-25 16:00:00,1570.01,1587.7,1568.18,1577.62,14214.2682
2026-06-25 16:15:00,1577.62,1578.47,1573.02,1576.52,4215.7904
2026-06-25 16:30:00,1576.52,1576.52,1561.89,1563.39,4516.9537
2026-06-25 16:45:00,1563.4,1564.12,1558.17,1562.04,4508.5934
2026-06-25 17:00:00,1562.04,1569.66,1557.56,1568.09,3654.0603
2026-06-25 17:15:00,1568.1,1575.43,1565.08,1570.29,5229.5772
2026-06-25 17:30:00,1570.29,1574.51,1568.62,1569.8,2736.8032
2026-06-25 17:45:00,1569.79,1574.97,1566.48,1574.92,4552.7666
2026-06-25 18:00:00,1574.92,1577.49,1564.75,1565.19,4168.8754
2026-06-25 18:15:00,1565.19,1577.0,1564.55,1573.52,4338.6516
2026-06-25 18:30:00,1573.52,1573.52,1560.0,1563.76,4312.1119
2026-06-25 18:45:00,1563.76,1570.11,1561.07,1567.56,2261.5161
2026-06-25 19:00:00,1567.56,1567.83,1557.39,1559.22,2984.9849
2026-06-25 19:15:00,1559.21,1560.87,1554.6,1559.97,3731.964
2026-06-25 19:30:00,1559.97,1562.75,1557.97,1558.55,2313.3808
2026-06-25 19:45:00,1558.54,1560.73,1555.28,1559.42,2580.1187
2026-06-25 20:00:00,1559.41,1570.42,1559.41,1567.01,3098.3432
2026-06-25 20:15:00,1567.01,1570.74,1566.72,1567.53,1321.1563
2026-06-25 20:30:00,1567.54,1568.5,1560.72,1563.39,1709.3085
2026-06-25 20:45:00,1563.38,1563.38,1556.73,1560.33,2952.9194
2026-06-25 21:00:00,1560.33,1564.99,1560.14,1564.49,2937.0394
2026-06-25 21:15:00,1564.49,1568.72,1563.47,1568.19,1439.6312
2026-06-25 21:30:00,1568.18,1578.49,1567.83,1575.01,3617.6667
2026-06-25 21:45:00,1575.01,1583.09,1573.04,1580.77,3369.0215
2026-06-25 22:00:00,1580.76,1583.65,1570.08,1570.08,4271.0034
2026-06-25 22:15:00,1570.07,1573.78,1566.62,1568.82,2163.6229
2026-06-25 22:30:00,1568.82,1572.79,1568.16,1571.02,2041.9815
2026-06-25 22:45:00,1571.02,1573.77,1568.25,1570.3,2118.2008
2026-06-25 23:00:00,1570.29,1572.93,1567.81,1572.68,1236.4939
2026-06-25 23:15:00,1572.68,1579.08,1572.27,1577.51,3662.425
2026-06-25 23:30:00,1577.52,1579.82,1570.71,1572.31,2152.3112
2026-06-25 23:45:00,1572.3,1572.3,1564.57,1567.84,2214.2353
2026-06-26 00:00:00,1567.86,1571.78,1567.73,1571.31,1536.8858
2026-06-26 00:15:00,1571.31,1571.31,1566.18,1569.0,1058.2216
2026-06-26 00:30:00,1568.99,1571.29,1566.61,1569.02,1019.6817
2026-06-26 00:45:00,1569.02,1569.7,1563.69,1564.72,1314.6744
2026-06-26 01:00:00,1564.73,1568.65,1559.3,1565.01,1562.0597
2026-06-26 01:15:00,1565.01,1567.31,1557.42,1557.77,2321.152
2026-06-26 01:30:00,1557.77,1561.44,1555.33,1558.86,1997.2217
2026-06-26 01:45:00,1558.87,1562.64,1557.88,1560.13,1169.9357
2026-06-26 02:00:00,1560.13,1560.94,1521.0,1522.68,13854.584
2026-06-26 02:15:00,1522.69,1538.48,1520.0,1537.76,10507.908
2026-06-26 02:30:00,1537.75,1542.01,1530.64,1535.91,5264.455
2026-06-26 02:45:00,1535.92,1535.92,1522.51,1524.7,5553.4269
2026-06-26 03:00:00,1524.7,1534.37,1512.0,1532.6,15111.289
2026-06-26 03:15:00,1532.6,1536.19,1525.64,1532.8,5940.5811
2026-06-26 03:30:00,1532.81,1540.72,1529.21,1540.22,5084.7096
2026-06-26 03:45:00,1540.21,1563.65,1539.85,1557.93,10269.2145
2026-06-26 04:00:00,1557.93,1558.88,1552.95,1555.14,3135.6787
2026-06-26 04:15:00,1555.13,1560.7,1550.26,1552.75,2794.3845
2026-06-26 04:30:00,1552.75,1554.38,1549.23,1552.55,1770.4094
2026-06-26 04:45:00,1552.56,1552.97,1547.41,1549.79,1221.2121
2026-06-26 05:00:00,1549.8,1553.0,1548.4,1552.93,3260.9715
2026-06-26 05:15:00,1552.94,1559.22,1550.68,1557.05,3632.0246
2026-06-26 05:30:00,1557.05,1559.16,1554.54,1555.24,2839.7633
2026-06-26 05:45:00,1555.24,1557.07,1552.18,1555.69,1667.0366
2026-06-26 06:00:00,1555.68,1555.68,1543.43,1546.25,5235.3302
2026-06-26 06:15:00,1546.24,1561.18,1545.78,1560.36,3086.058
2026-06-26 06:30:00,1560.36,1572.85,1557.86,1572.48,4383.6858
2026-06-26 06:45:00,1572.48,1574.02,1567.99,1570.99,2372.3742
2026-06-26 07:00:00,1571.0,1578.68,1570.65,1577.57,3930.7449
2026-06-26 07:15:00,1577.56,1582.0,1575.92,1578.67,4609.657
2026-06-26 07:30:00,1578.67,1586.5,1578.08,1579.66,12279.9845
2026-06-26 07:45:00,1579.68,1583.34,1579.68,1581.12,12517.171
2026-06-26 08:00:00,1581.12,1582.43,1571.35,1573.47,6980.1762
2026-06-26 08:15:00,1573.47,1575.46,1570.4,1572.9,11230.3991
2026-06-26 08:30:00,1572.9,1573.39,1566.42,1567.12,5026.675
2026-06-26 08:45:00,1567.12,1569.33,1563.55,1566.43,4616.0054
2026-06-26 09:00:00,1566.44,1567.05,1560.07,1563.41,4393.9086
2026-06-26 09:15:00,1563.42,1563.42,1559.84,1562.68,2300.841
2026-06-26 09:30:00,1562.67,1567.28,1560.93,1563.45,4214.6556
2026-06-26 09:45:00,1563.46,1564.26,1549.33,1552.99,5816.7786
2026-06-26 10:00:00,1552.99,1555.04,1549.45,1552.89,2833.33
2026-06-26 10:15:00,1552.9,1556.15,1551.6,1553.22,1972.6541
2026-06-26 10:30:00,1553.22,1554.99,1545.0,1549.91,2707.9408
2026-06-26 10:45:00,1549.9,1550.65,1545.76,1548.37,2892.0465
2026-06-26 11:00:00,1548.36,1555.2,1546.99,1551.55,3945.5049
2026-06-26 11:15:00,1551.55,1551.55,1545.05,1546.37,5959.2521
2026-06-26 11:30:00,1546.37,1549.75,1545.78,1547.26,2099.6695
2026-06-26 11:45:00,1547.25,1548.32,1541.01,1545.14,3848.8651
2026-06-26 12:00:00,1545.15,1549.48,1542.83,1545.79,2550.3851
2026-06-26 12:15:00,1545.79,1552.0,1545.72,1551.8,2660.7394
2026-06-26 12:30:00,1551.79,1560.61,1527.81,1530.83,9595.8075
2026-06-26 12:45:00,1530.82,1544.48,1528.1,1536.28,5809.6181
2026-06-26 13:00:00,1536.29,1541.85,1530.71,1535.19,3679.8014
2026-06-26 13:15:00,1535.2,1536.41,1521.54,1534.14,8161.6234
2026-06-26 13:30:00,1534.15,1548.55,1529.09,1547.0,9768.8757
2026-06-26 13:45:00,1547.0,1571.4,1542.33,1569.4,13822.8379
2026-06-26 14:00:00,1569.4,1573.29,1559.1,1566.06,10945.8323
2026-06-26 14:15:00,1566.05,1575.36,1561.09,1569.94,7944.0992
2026-06-26 14:30:00,1569.94,1571.85,1555.29,1557.89,7403.2319
2026-06-26 14:45:00,1557.89,1570.35,1553.66,1559.98,6834.948
2026-06-26 15:00:00,1559.98,1576.65,1559.56,1567.18,5549.1638
2026-06-26 15:15:00,1567.17,1587.21,1565.48,1580.02,11917.9898
2026-06-26 15:30:00,1580.02,1588.23,1578.68,1585.28,6495.7382
2026-06-26 15:45:00,1585.27,1585.86,1572.79,1580.14,6965.1657
2026-06-26 16:00:00,1580.13,1594.7,1578.56,1579.62,8003.6375
2026-06-26 16:15:00,1579.63,1582.46,1572.44,1575.81,3885.3706
2026-06-26 16:30:00,1575.82,1588.16,1575.82,1579.69,4425.4729
2026-06-26 16:45:00,1579.7,1582.44,1576.46,1577.84,2962.6649
2026-06-26 17:00:00,1577.83,1587.93,1576.59,1586.05,4485.5297
2026-06-26 17:15:00,1586.05,1589.03,1582.43,1586.34,5229.9082
2026-06-26 17:30:00,1586.35,1588.06,1579.8,1583.7,2939.5076
2026-06-26 17:45:00,1583.7,1586.19,1580.66,1581.92,1958.194
2026-06-26 18:00:00,1581.91,1585.51,1581.54,1582.47,1710.43
2026-06-26 18:15:00,1582.47,1583.47,1574.75,1575.55,2828.3519
2026-06-26 18:30:00,1575.55,1577.78,1574.11,1577.12,1776.2479
2026-06-26 18:45:00,1577.11,1577.11,1570.32,1573.34,3334.5122
2026-06-26 19:00:00,1573.35,1584.2,1570.5,1581.04,2882.7977
2026-06-26 19:15:00,1581.04,1581.49,1577.64,1578.59,1642.0036
2026-06-26 19:30:00,1578.59,1583.4,1577.44,1578.79,2607.4494
2026-06-26 19:45:00,1578.8,1580.47,1573.43,1574.51,3577.6387
2026-06-26 20:00:00,1574.51,1583.4,1574.47,1575.78,3784.839
2026-06-26 20:15:00,1575.77,1579.47,1575.77,1578.79,1970.0355
2026-06-26 20:30:00,1578.79,1578.92,1568.49,1568.64,4615.8689
2026-06-26 20:45:00,1568.64,1573.07,1568.0,1571.03,2430.9632
2026-06-26 21:00:00,1571.02,1573.91,1568.43,1573.56,2078.3154
2026-06-26 21:15:00,1573.55,1575.0,1572.19,1574.87,887.6135
2026-06-26 21:30:00,1574.87,1578.5,1573.5,1577.95,1157.5521
2026-06-26 21:45:00,1577.95,1579.4,1575.18,1575.18,1006.0379
2026-06-26 22:00:00,1575.17,1575.86,1569.44,1575.31,1494.2737
2026-06-26 22:15:00,1575.3,1576.23,1573.17,1573.37,1120.5934
2026-06-26 22:30:00,1573.37,1576.98,1571.6,1576.42,1031.2964
2026-06-26 22:45:00,1576.43,1579.45,1575.0,1577.95,798.4094
2026-06-26 23:00:00,1577.94,1580.34,1577.14,1578.9,1247.8605
2026-06-26 23:15:00,1578.91,1579.2,1575.68,1575.69,795.5343
2026-06-26 23:30:00,1575.68,1580.76,1574.44,1579.83,1202.86
2026-06-26 23:45:00,1579.84,1580.7,1577.72,1578.68,572.6224
2026-06-27 00:00:00,1578.68,1582.07,1578.36,1579.71,789.7075
2026-06-27 00:15:00,1579.72,1580.29,1577.0,1577.44,747.0861
2026-06-27 00:30:00,1577.45,1577.45,1571.55,1573.66,1859.8868
2026-06-27 00:45:00,1573.65,1577.71,1572.69,1576.82,481.5634
2026-06-27 01:00:00,1576.83,1577.13,1574.0,1574.98,394.0824
2026-06-27 01:15:00,1574.99,1577.14,1574.04,1577.13,399.193
2026-06-27 01:30:00,1577.13,1577.7,1575.16,1576.31,482.8373
2026-06-27 01:45:00,1576.3,1577.33,1575.37,1576.01,303.6837
2026-06-27 02:00:00,1576.0,1581.56,1574.64,1581.38,861.6861
2026-06-27 02:15:00,1581.37,1587.17,1580.23,1584.93,2168.5078
2026-06-27 02:30:00,1584.93,1585.37,1581.83,1583.88,1301.4263
2026-06-27 02:45:00,1583.89,1586.0,1582.56,1583.13,1041.3074
2026-06-27 03:00:00,1583.13,1585.09,1578.41,1578.76,1266.8897
2026-06-27 03:15:00,1578.75,1584.34,1578.75,1582.22,1243.5322
2026-06-27 03:30:00,1582.23,1583.53,1580.45,1580.69,4094.2009
2026-06-27 03:45:00,1580.68,1581.89,1579.02,1580.62,1692.9521
2026-06-27 04:00:00,1580.62,1585.22,1580.52,1583.76,1184.6926
2026-06-27 04:15:00,1583.76,1585.22,1582.45,1582.66,1075.1726
2026-06-27 04:30:00,1582.66,1584.15,1581.42,1581.84,408.9235
2026-06-27 04:45:00,1581.85,1582.27,1579.0,1579.48,1053.2924
2026-06-27 05:00:00,1579.48,1581.12,1578.21,1581.11,1412.8487
2026-06-27 05:15:00,1581.11,1581.11,1577.13,1577.42,1310.6105
2026-06-27 05:30:00,1577.43,1579.59,1577.0,1579.12,861.2207
2026-06-27 05:45:00,1579.12,1580.8,1578.38,1578.65,634.6891
2026-06-27 06:00:00,1578.66,1578.89,1575.2,1576.1,652.6235
2026-06-27 06:15:00,1576.11,1579.63,1575.35,1578.94,703.2692
2026-06-27 06:30:00,1578.93,1583.4,1578.93,1582.95,1351.9664
2026-06-27 06:45:00,1582.94,1584.61,1581.23,1582.71,913.3876
2026-06-27 07:00:00,1582.71,1583.24,1580.71,1581.33,655.9367
2026-06-27 07:15:00,1581.34,1583.86,1580.39,1583.18,977.3775
2026-06-27 07:30:00,1583.18,1583.9,1582.19,1583.23,869.6121
2026-06-27 07:45:00,1583.24,1586.38,1583.23,1585.71,1154.6623
2026-06-27 08:00:00,1585.72,1585.95,1583.6,1583.9,889.4114
2026-06-27 08:15:00,1583.9,1584.85,1583.26,1583.73,1505.8879
2026-06-27 08:30:00,1583.73,1584.09,1582.05,1582.07,752.3552
2026-06-27 08:45:00,1582.07,1585.45,1582.07,1584.18,1967.957
2026-06-27 09:00:00,1584.18,1584.91,1580.23,1580.79,1232.9806
2026-06-27 09:15:00,1580.8,1581.14,1579.39,1580.78,1062.5044
2026-06-27 09:30:00,1580.77,1583.02,1580.77,1581.94,513.9988
2026-06-27 09:45:00,1581.94,1582.95,1581.65,1582.93,469.1541
2026-06-27 10:00:00,1582.93,1584.0,1582.18,1583.83,517.4051
2026-06-27 10:15:00,1583.83,1584.72,1582.75,1583.09,820.916
2026-06-27 10:30:00,1583.09,1584.51,1582.23,1584.51,557.1095
2026-06-27 10:45:00,1584.52,1584.97,1583.13,1584.31,396.8948
2026-06-27 11:00:00,1584.31,1585.12,1582.13,1584.02,555.9857
2026-06-27 11:15:00,1584.02,1584.02,1579.55,1580.57,662.7196
2026-06-27 11:30:00,1580.57,1581.6,1579.0,1581.19,974.9038
2026-06-27 11:45:00,1581.19,1584.93,1581.19,1584.0,575.4077
2026-06-27 12:00:00,1584.0,1584.13,1581.62,1582.65,577.9124
2026-06-27 12:15:00,1582.64,1584.44,1582.64,1584.01,413.7437
2026-06-27 12:30:00,1584.01,1585.59,1581.42,1582.81,1137.2743
2026-06-27 12:45:00,1582.82,1586.49,1582.81,1585.95,1342.4932
2026-06-27 13:00:00,1585.95,1588.49,1584.98,1586.84,1881.1726
2026-06-27 13:15:00,1586.83,1588.4,1585.6,1586.84,1634.1322
2026-06-27 13:30:00,1586.84,1592.0,1585.73,1590.61,3336.0803
2026-06-27 13:45:00,1590.6,1593.23,1590.0,1592.3,1449.1644
2026-06-27 14:00:00,1592.31,1598.88,1589.49,1596.65,2744.7032
2026-06-27 14:15:00,1596.65,1596.65,1592.97,1594.19,1219.9558
2026-06-27 14:30:00,1594.19,1595.96,1592.06,1595.23,2390.1016
2026-06-27 14:45:00,1595.23,1596.59,1593.55,1594.68,1084.5348
2026-06-27 15:00:00,1594.68,1608.71,1594.09,1606.96,8272.1512
2026-06-27 15:15:00,1606.96,1606.96,1600.29,1602.49,1948.9569
2026-06-27 15:30:00,1602.49,1611.02,1602.0,1605.89,3607.5951
2026-06-27 15:45:00,1605.89,1606.32,1604.02,1605.68,1148.3905
2026-06-27 16:00:00,1605.68,1606.0,1603.1,1603.99,1249.199
2026-06-27 16:15:00,1603.98,1603.99,1601.7,1603.18,954.4727
2026-06-27 16:30:00,1603.17,1606.39,1602.12,1605.45,1216.5294
2026-06-27 16:45:00,1605.44,1607.92,1604.22,1606.97,1236.9402
2026-06-27 17:00:00,1606.98,1607.1,1588.6,1595.9,6860.1306
2026-06-27 17:15:00,1595.9,1597.53,1592.41,1594.84,1294.0081
2026-06-27 17:30:00,1594.85,1596.66,1590.92,1593.9,1482.8988
2026-06-27 17:45:00,1593.89,1595.29,1591.41,1591.42,1122.6778
2026-06-27 18:00:00,1591.42,1593.41,1589.2,1592.15,1340.112
2026-06-27 18:15:00,1592.16,1593.5,1590.73,1592.7,599.6198
2026-06-27 18:30:00,1592.7,1594.6,1592.4,1593.94,407.761
2026-06-27 18:45:00,1593.95,1594.7,1592.77,1593.92,428.3649
2026-06-27 19:00:00,1593.91,1595.25,1593.47,1594.29,373.8725
2026-06-27 19:15:00,1594.29,1594.29,1576.95,1581.67,5401.9588
2026-06-27 19:30:00,1581.66,1581.67,1573.36,1578.43,4605.9487
2026-06-27 19:45:00,1578.42,1579.95,1577.0,1578.51,1049.1118
2026-06-27 20:00:00,1578.51,1582.6,1578.48,1581.82,761.8524
2026-06-27 20:15:00,1581.81,1583.24,1580.38,1581.36,658.2393
2026-06-27 20:30:00,1581.37,1582.08,1580.78,1581.0,544.6552
2026-06-27 20:45:00,1581.0,1582.59,1580.37,1581.48,414.9465
2026-06-27 21:00:00,1581.48,1584.96,1581.48,1584.43,846.6905
2026-06-27 21:15:00,1584.42,1585.07,1581.33,1584.83,1099.9605
2026-06-27 21:30:00,1584.84,1585.69,1577.94,1578.78,897.666
2026-06-27 21:45:00,1578.79,1580.83,1573.93,1575.38,2925.7304
2026-06-27 22:00:00,1575.38,1576.37,1572.4,1574.55,1544.8217
2026-06-27 22:15:00,1574.55,1576.15,1562.86,1575.32,4419.1649
2026-06-27 22:30:00,1575.33,1579.15,1575.24,1576.37,1148.1635
2026-06-27 22:45:00,1576.37,1579.56,1576.11,1578.98,497.0466
2026-06-27 23:00:00,1578.98,1581.58,1572.69,1573.3,1733.6385
2026-06-27 23:15:00,1573.29,1575.21,1570.55,1572.38,1154.4966
2026-06-27 23:30:00,1572.38,1575.37,1571.79,1575.28,693.7659
2026-06-27 23:45:00,1575.29,1575.3,1573.4,1573.99,635.1333
2026-06-28 00:00:00,1574.0,1576.8,1572.71,1576.04,727.6822
2026-06-28 00:15:00,1576.04,1578.08,1576.03,1577.72,517.9898
2026-06-28 00:30:00,1577.72,1577.91,1574.86,1576.31,737.2535
2026-06-28 00:45:00,1576.31,1577.13,1573.68,1574.75,972.0936
2026-06-28 01:00:00,1574.74,1575.27,1570.0,1572.33,1011.9338
2026-06-28 01:15:00,1572.34,1576.22,1571.69,1575.56,875.1706
2026-06-28 01:30:00,1575.56,1576.95,1574.55,1576.52,974.0198
2026-06-28 01:45:00,1576.52,1576.53,1574.84,1575.11,643.0653
2026-06-28 02:00:00,1575.11,1579.35,1575.1,1578.7,597.9376
2026-06-28 02:15:00,1578.7,1580.05,1569.07,1571.77,2305.3621
2026-06-28 02:30:00,1571.78,1572.76,1571.02,1571.94,672.2342
2026-06-28 02:45:00,1571.95,1573.1,1570.81,1572.0,451.7712
2026-06-28 03:00:00,1572.01,1576.11,1572.01,1575.63,447.9817
2026-06-28 03:15:00,1575.64,1575.64,1573.85,1574.7,417.6667
2026-06-28 03:30:00,1574.71,1575.04,1573.25,1573.63,342.7526
2026-06-28 03:45:00,1573.63,1575.54,1573.0,1575.08,464.353
2026-06-28 04:00:00,1575.08,1575.09,1572.49,1573.86,533.9566
2026-06-28 04:15:00,1573.87,1575.69,1573.87,1574.37,1080.7245
2026-06-28 04:30:00,1574.37,1575.66,1570.64,1575.46,748.225
2026-06-28 04:45:00,1575.47,1577.34,1574.04,1574.32,726.4575
2026-06-28 05:00:00,1574.32,1574.33,1569.71,1572.04,745.4548
2026-06-28 05:15:00,1572.05,1572.87,1564.33,1565.89,3131.4908
2026-06-28 05:30:00,1565.89,1569.67,1564.47,1568.83,1898.3697
2026-06-28 05:45:00,1568.82,1570.81,1568.49,1569.17,806.2369
2026-06-28 06:00:00,1569.18,1570.65,1563.5,1563.57,1705.6755
2026-06-28 06:15:00,1563.57,1566.77,1562.41,1565.58,1899.5897
2026-06-28 06:30:00,1565.58,1568.12,1565.39,1567.33,571.2538
2026-06-28 06:45:00,1567.33,1569.2,1566.73,1567.84,1662.6382
2026-06-28 07:00:00,1567.85,1573.76,1567.84,1572.7,2122.5297
2026-06-28 07:15:00,1572.7,1572.72,1571.18,1571.4,884.2939
2026-06-28 07:30:00,1571.4,1575.95,1570.99,1575.19,1571.8463
2026-06-28 07:45:00,1575.2,1577.13,1574.75,1575.96,948.5153
2026-06-28 08:00:00,1575.96,1578.68,1573.75,1574.65,909.3115
2026-06-28 08:15:00,1574.64,1576.24,1574.2,1575.07,1033.6385
2026-06-28 08:30:00,1575.08,1585.32,1575.07,1581.92,3294.4501
2026-06-28 08:45:00,1581.93,1584.0,1581.26,1581.58,3102.3095
2026-06-28 09:00:00,1581.58,1586.35,1580.05,1582.77,1728.3525
2026-06-28 09:15:00,1582.77,1583.24,1581.33,1582.17,672.6863
2026-06-28 09:30:00,1582.16,1584.45,1581.46,1583.75,2483.3925
2026-06-28 09:45:00,1583.75,1584.41,1578.37,1579.09,1263.8441
2026-06-28 10:00:00,1579.08,1581.42,1576.96,1580.73,1595.1672
2026-06-28 10:15:00,1580.73,1580.84,1572.23,1573.79,1931.6657
2026-06-28 10:30:00,1573.79,1575.99,1573.79,1575.61,644.6304
2026-06-28 10:45:00,1575.62,1577.44,1575.56,1577.16,1086.2586
2026-06-28 11:00:00,1577.16,1581.16,1575.9,1576.45,1005.3385
2026-06-28 11:15:00,1576.46,1583.53,1576.0,1582.05,1080.0043
2026-06-28 11:30:00,1582.05,1582.51,1579.15,1581.34,936.7342
2026-06-28 11:45:00,1581.35,1584.0,1580.53,1582.87,1100.1464
2026-06-28 12:00:00,1582.86,1583.84,1581.11,1581.9,2572.1826
2026-06-28 12:15:00,1581.89,1585.0,1578.21,1584.67,2150.8947
2026-06-28 12:30:00,1584.67,1588.82,1579.31,1580.67,2370.4853
2026-06-28 12:45:00,1580.67,1584.05,1580.67,1583.56,1881.9356
2026-06-28 13:00:00,1583.56,1583.85,1575.04,1580.27,1616.747
2026-06-28 13:15:00,1580.28,1582.07,1578.38,1580.5,865.1727
2026-06-28 13:30:00,1580.5,1583.15,1578.24,1582.68,1276.3266
2026-06-28 13:45:00,1582.67,1582.97,1579.38,1579.68,545.0063
2026-06-28 14:00:00,1579.68,1582.57,1577.92,1582.07,926.0078
2026-06-28 14:15:00,1582.06,1586.36,1580.0,1582.41,1416.7047
2026-06-28 14:30:00,1582.42,1584.47,1581.12,1583.11,1229.2312
2026-06-28 14:45:00,1583.11,1586.13,1580.97,1581.56,1321.6054
2026-06-28 15:00:00,1581.55,1584.82,1577.2,1583.6,2217.8453
2026-06-28 15:15:00,1583.61,1585.36,1580.65,1582.38,989.1987
2026-06-28 15:30:00,1582.37,1584.75,1579.61,1581.88,1136.7528
2026-06-28 15:45:00,1581.88,1583.2,1577.39,1580.89,1158.4586
2026-06-28 16:00:00,1580.9,1581.94,1577.57,1578.79,1216.7177
2026-06-28 16:15:00,1578.78,1580.08,1573.55,1576.61,1839.2981
2026-06-28 16:30:00,1576.62,1577.05,1567.45,1567.79,3939.0195
2026-06-28 16:45:00,1567.8,1573.21,1566.62,1572.85,2398.4332
2026-06-28 17:00:00,1572.84,1577.36,1568.08,1570.73,1746.8457
2026-06-28 17:15:00,1570.73,1571.6,1567.15,1567.74,1237.7417
2026-06-28 17:30:00,1567.73,1570.8,1563.53,1569.15,3043.426
2026-06-28 17:45:00,1569.14,1573.5,1568.49,1572.35,802.059
2026-06-28 18:00:00,1572.34,1575.15,1571.65,1573.35,874.4419
2026-06-28 18:15:00,1573.34,1573.48,1569.37,1569.99,1367.0297
2026-06-28 18:30:00,1569.99,1572.83,1569.08,1571.18,616.4746
2026-06-28 18:45:00,1571.18,1572.81,1569.26,1571.78,779.1072
2026-06-28 19:00:00,1571.79,1571.79,1567.47,1569.57,647.488
2026-06-28 19:15:00,1569.57,1570.46,1567.62,1570.31,1043.5415
2026-06-28 19:30:00,1570.32,1574.55,1567.7,1568.09,717.3649
2026-06-28 19:45:00,1568.1,1568.1,1556.81,1564.62,4506.71
2026-06-28 20:00:00,1564.61,1573.32,1564.3,1572.92,1907.6676
2026-06-28 20:15:00,1572.92,1576.42,1572.21,1574.01,1495.6489
2026-06-28 20:30:00,1574.01,1574.94,1572.21,1572.67,697.6504
2026-06-28 20:45:00,1572.68,1574.79,1572.08,1573.2,604.0918
2026-06-28 21:00:00,1573.2,1573.21,1568.72,1570.84,682.1361
2026-06-28 21:15:00,1570.85,1572.11,1569.5,1570.53,610.0856
2026-06-28 21:30:00,1570.52,1573.87,1569.78,1570.13,576.3665
2026-06-28 21:45:00,1570.13,1570.64,1559.21,1563.62,2215.6258
2026-06-28 22:00:00,1563.63,1582.29,1563.62,1571.55,3826.8531
2026-06-28 22:15:00,1571.55,1572.47,1559.82,1567.64,3060.3461
2026-06-28 22:30:00,1567.64,1570.32,1560.28,1561.25,2337.4863
2026-06-28 22:45:00,1561.26,1564.35,1548.37,1557.09,6269.2641
2026-06-28 23:00:00,1557.08,1565.43,1555.35,1561.78,2736.0227
2026-06-28 23:15:00,1561.78,1571.42,1560.92,1570.05,1691.7872
2026-06-28 23:30:00,1570.05,1580.1,1569.67,1575.73,2784.3301
2026-06-28 23:45:00,1575.73,1577.25,1571.68,1571.96,1171.0692
2026-06-29 00:00:00,1571.96,1574.2,1563.09,1570.15,1884.4993
2026-06-29 00:15:00,1570.14,1570.58,1559.64,1560.27,1571.3789
2026-06-29 00:30:00,1560.27,1564.69,1552.21,1563.86,3714.3981
2026-06-29 00:45:00,1563.86,1574.69,1557.45,1573.53,2190.4441
2026-06-29 01:00:00,1573.53,1574.28,1566.1,1567.43,1460.6451
2026-06-29 01:15:00,1567.43,1568.79,1560.44,1562.93,1464.1192
2026-06-29 01:30:00,1562.93,1573.95,1560.19,1572.22,1637.8771
2026-06-29 01:45:00,1572.23,1573.29,1568.6,1568.7,1238.6014
2026-06-29 02:00:00,1568.71,1570.57,1550.43,1555.43,2538.5827
2026-06-29 02:15:00,1555.44,1575.38,1555.34,1573.06,3785.5495
2026-06-29 02:30:00,1573.07,1578.54,1569.71,1576.58,3524.6734
2026-06-29 02:45:00,1576.58,1579.15,1575.78,1576.6,2414.7107
2026-06-29 03:00:00,1576.6,1588.1,1576.6,1583.81,5005.4109
2026-06-29 03:15:00,1583.82,1589.75,1583.16,1587.12,1886.0666
2026-06-29 03:30:00,1587.13,1587.86,1577.69,1578.48,1715.5542
2026-06-29 03:45:00,1578.47,1585.31,1577.82,1584.78,1307.2614
2026-06-29 04:00:00,1584.77,1585.05,1579.99,1580.44,1136.0099
2026-06-29 04:15:00,1580.45,1583.6,1578.92,1582.46,895.3823
2026-06-29 04:30:00,1582.46,1582.77,1575.23,1577.23,1205.4866
2026-06-29 04:45:00,1577.23,1578.1,1574.65,1575.5,1002.0548
2026-06-29 05:00:00,1575.5,1576.42,1562.26,1566.93,4178.6072
2026-06-29 05:15:00,1566.93,1572.01,1566.92,1570.48,1316.6118
2026-06-29 05:30:00,1570.48,1579.37,1568.94,1578.03,1289.6231
2026-06-29 05:45:00,1578.03,1583.1,1577.46,1583.1,1769.7033
2026-06-29 06:00:00,1583.1,1587.35,1583.1,1585.47,1847.3784
2026-06-29 06:15:00,1585.47,1589.08,1583.07,1583.16,1746.7217
2026-06-29 06:30:00,1583.17,1584.51,1579.81,1581.48,1170.9882
2026-06-29 06:45:00,1581.48,1583.54,1580.76,1582.82,664.0769
2026-06-29 07:00:00,1582.82,1583.02,1577.92,1581.35,1202.1121
2026-06-29 07:15:00,1581.36,1584.9,1579.25,1581.25,1457.7103
2026-06-29 07:30:00,1581.24,1582.33,1579.84,1580.33,1842.6809
2026-06-29 07:45:00,1580.34,1582.89,1580.0,1580.16,1436.4447
2026-06-29 08:00:00,1580.17,1582.33,1577.06,1579.86,1233.6825
2026-06-29 08:15:00,1579.86,1582.16,1572.24,1573.54,2896.5933
2026-06-29 08:30:00,1573.54,1576.5,1569.85,1574.01,1980.5558
2026-06-29 08:45:00,1574.01,1576.67,1572.26,1572.98,1041.257
2026-06-29 09:00:00,1572.98,1574.99,1572.5,1574.8,2359.0739
2026-06-29 09:15:00,1574.8,1580.44,1570.49,1576.71,2309.013
2026-06-29 09:30:00,1576.72,1578.16,1573.39,1574.55,1358.4086
2026-06-29 09:45:00,1574.56,1577.15,1573.52,1576.2,1602.4773
2026-06-29 10:00:00,1576.2,1587.0,1576.2,1583.84,3504.4224
2026-06-29 10:15:00,1583.83,1584.23,1580.8,1581.76,1342.1317
2026-06-29 10:30:00,1581.75,1581.76,1578.51,1579.16,1435.847
2026-06-29 10:45:00,1579.17,1579.58,1577.46,1578.6,1387.6018
2026-06-29 11:00:00,1578.6,1579.0,1573.14,1573.15,1528.9527
2026-06-29 11:15:00,1573.15,1574.36,1570.32,1574.05,3715.2788
2026-06-29 11:30:00,1574.05,1582.54,1570.72,1572.2,3449.0279
2026-06-29 11:45:00,1572.19,1575.72,1570.58,1574.93,2089.0463
2026-06-29 12:00:00,1574.93,1597.28,1566.6,1594.58,12035.6993
2026-06-29 12:15:00,1594.58,1596.96,1586.89,1590.57,6620.3152
2026-06-29 12:30:00,1590.58,1590.96,1571.87,1575.85,5921.0714
2026-06-29 12:45:00,1575.83,1579.45,1570.55,1576.11,4756.6552
2026-06-29 13:00:00,1576.12,1588.82,1576.12,1585.17,4487.3858
2026-06-29 13:15:00,1585.17,1586.61,1575.25,1575.25,2688.9189
2026-06-29 13:30:00,1575.24,1584.87,1566.62,1567.88,8347.5221
2026-06-29 13:45:00,1567.87,1575.37,1564.85,1572.74,7363.5121
2026-06-29 14:00:00,1572.74,1573.46,1560.0,1560.4,5505.3488
2026-06-29 14:15:00,1560.39,1573.7,1557.35,1571.63,9959.1899
2026-06-29 14:30:00,1571.62,1579.34,1567.3,1567.68,5963.1114
2026-06-29 14:45:00,1567.67,1575.78,1564.75,1572.9,4100.6115
2026-06-29 15:00:00,1572.9,1573.2,1561.7,1565.94,5266.2088
2026-06-29 15:15:00,1565.94,1574.18,1563.34,1574.18,3487.0124
2026-06-29 15:30:00,1574.2,1582.44,1573.44,1579.11,6798.9934
2026-06-29 15:45:00,1579.1,1585.41,1576.33,1580.26,7299.5264
2026-06-29 16:00:00,1580.26,1584.0,1577.12,1577.81,2955.3249
2026-06-29 16:15:00,1577.82,1580.31,1574.06,1574.93,2635.4158
2026-06-29 16:30:00,1574.93,1587.51,1574.93,1585.49,5272.1588
2026-06-29 16:45:00,1585.49,1587.71,1582.47,1585.37,2814.9455
2026-06-29 17:00:00,1585.37,1619.1,1585.37,1616.43,15231.6081
2026-06-29 17:15:00,1616.44,1632.0,1616.44,1626.92,16865.1135
2026-06-29 17:30:00,1626.91,1634.24,1622.26,1630.83,7686.541
2026-06-29 17:45:00,1630.83,1637.58,1627.63,1628.03,7793.2226
2026-06-29 18:00:00,1628.04,1628.61,1624.08,1628.27,3409.2703
2026-06-29 18:15:00,1628.28,1628.61,1618.37,1619.05,3433.5504
2026-06-29 18:30:00,1619.06,1624.24,1618.53,1623.59,2337.092
2026-06-29 18:45:00,1623.6,1623.87,1620.02,1621.1,1948.6391
2026-06-29 19:00:00,1621.1,1621.42,1616.23,1618.31,2212.9209
2026-06-29 19:15:00,1618.31,1626.98,1617.54,1625.92,2618.0308
2026-06-29 19:30:00,1625.91,1625.97,1621.52,1624.42,1819.8365
2026-06-29 19:45:00,1624.42,1627.36,1623.91,1625.6,1890.8221
2026-06-29 20:00:00,1625.6,1626.65,1622.31,1622.75,1449.2242
2026-06-29 20:15:00,1622.75,1625.31,1621.35,1622.84,2788.8461
2026-06-29 20:30:00,1622.84,1625.66,1622.0,1622.51,5493.8425
2026-06-29 20:45:00,1622.5,1622.5,1617.37,1617.66,1759.686
2026-06-29 21:00:00,1617.66,1621.3,1611.5,1619.62,3999.8854
2026-06-29 21:15:00,1619.62,1619.66,1615.04,1616.11,1155.9316
2026-06-29 21:30:00,1616.12,1622.0,1616.12,1620.81,2132.701
2026-06-29 21:45:00,1620.81,1623.0,1619.48,1619.99,1196.2438
2026-06-29 22:00:00,1620.0,1620.74,1617.54,1619.12,1351.4645
2026-06-29 22:15:00,1619.13,1622.11,1617.4,1617.89,1327.2253
2026-06-29 22:30:00,1617.89,1618.19,1613.7,1615.36,1716.2222
2026-06-29 22:45:00,1615.37,1616.41,1610.36,1612.9,3259.5057
2026-06-29 23:00:00,1612.9,1613.98,1611.85,1612.15,1139.0133
2026-06-29 23:15:00,1612.15,1612.58,1607.41,1608.63,2103.9531
2026-06-29 23:30:00,1608.62,1612.32,1607.77,1611.23,1530.1986
2026-06-29 23:45:00,1611.23,1613.36,1611.0,1613.07,1304.7218
2026-06-30 00:00:00,1613.07,1614.41,1610.0,1612.06,2094.0725
2026-06-30 00:15:00,1612.06,1612.97,1602.64,1603.36,2281.1544
2026-06-30 00:30:00,1603.36,1603.36,1592.71,1594.52,5920.9496
2026-06-30 00:45:00,1594.52,1598.37,1593.65,1594.41,3735.1905
2026-06-30 01:00:00,1594.42,1595.64,1590.6,1592.47,3365.7618
2026-06-30 01:15:00,1592.46,1599.83,1591.65,1599.35,1552.1468
2026-06-30 01:30:00,1599.35,1599.41,1589.0,1591.1,3210.5812
2026-06-30 01:45:00,1591.1,1594.27,1591.1,1593.92,1007.806
2026-06-30 02:00:00,1593.92,1593.93,1587.25,1588.26,2376.6375
2026-06-30 02:15:00,1588.26,1592.17,1586.49,1591.69,1519.8214
2026-06-30 02:30:00,1591.69,1593.39,1589.83,1592.23,965.834
2026-06-30 02:45:00,1592.23,1593.81,1590.51,1590.57,1390.0684
2026-06-30 03:00:00,1590.57,1593.54,1590.56,1592.11,2111.2167
2026-06-30 03:15:00,1592.1,1596.18,1590.93,1592.17,1201.4643
2026-06-30 03:30:00,1592.17,1592.23,1588.6,1590.65,1219.2261
2026-06-30 03:45:00,1590.66,1590.66,1586.58,1587.18,848.7788
2026-06-30 04:00:00,1587.18,1588.56,1579.79,1588.12,4095.7001
2026-06-30 04:15:00,1588.11,1588.3,1583.38,1587.4,1757.9133
2026-06-30 04:30:00,1587.4,1590.99,1587.4,1589.07,1368.7708
2026-06-30 04:45:00,1589.07,1589.6,1586.86,1588.11,896.3482
2026-06-30 05:00:00,1588.1,1590.42,1587.87,1589.48,1968.7248
2026-06-30 05:15:00,1589.49,1589.49,1585.6,1585.79,1016.9949
2026-06-30 05:30:00,1585.79,1591.11,1585.22,1589.43,1725.8929
2026-06-30 05:45:00,1589.44,1592.02,1589.21,1591.6,1497.2522
2026-06-30 06:00:00,1591.61,1592.01,1589.8,1590.78,1387.7613
2026-06-30 06:15:00,1590.79,1594.42,1589.0,1594.27,1259.3926
2026-06-30 06:30:00,1594.27,1594.28,1592.0,1592.97,803.9307
2026-06-30 06:45:00,1592.96,1594.65,1592.46,1593.72,747.1507
2026-06-30 07:00:00,1593.72,1596.25,1590.07,1591.94,1510.6014
2026-06-30 07:15:00,1591.94,1592.99,1590.55,1591.37,1033.9368
2026-06-30 07:30:00,1591.37,1594.24,1591.37,1591.75,1485.8582
2026-06-30 07:45:00,1591.75,1593.82,1591.15,1592.51,2628.8589
2026-06-30 08:00:00,1592.51,1594.28,1589.16,1589.38,2173.7976
2026-06-30 08:15:00,1589.38,1590.53,1587.12,1589.42,1601.3227
2026-06-30 08:30:00,1589.43,1589.68,1579.54,1583.0,6287.1288
2026-06-30 08:45:00,1583.0,1584.93,1579.56,1583.98,2781.836
2026-06-30 09:00:00,1583.97,1587.03,1582.39,1584.88,2001.2623
2026-06-30 09:15:00,1584.87,1585.47,1582.29,1583.63,1234.0245
2026-06-30 09:30:00,1583.62,1585.68,1581.49,1584.79,2101.0726
2026-06-30 09:45:00,1584.8,1586.95,1584.26,1585.35,1371.8725
2026-06-30 10:00:00,1585.35,1586.93,1583.09,1585.28,1392.4888
2026-06-30 10:15:00,1585.27,1585.97,1583.0,1583.78,1173.506
2026-06-30 10:30:00,1583.78,1584.51,1582.23,1584.38,1277.2288
2026-06-30 10:45:00,1584.38,1586.57,1582.96,1584.51,1726.0798
2026-06-30 11:00:00,1584.52,1586.15,1583.59,1584.66,1880.1267
2026-06-30 11:15:00,1584.66,1585.01,1577.76,1578.81,2698.4784
2026-06-30 11:30:00,1578.82,1581.05,1575.85,1580.91,2313.2545
2026-06-30 11:45:00,1580.92,1583.63,1577.15,1578.58,1784.3862
2026-06-30 12:00:00,1578.57,1578.58,1572.63,1572.91,3345.6435
2026-06-30 12:15:00,1572.91,1573.98,1563.23,1565.13,4316.2099
2026-06-30 12:30:00,1565.14,1566.15,1562.0,1564.2,4455.6282
2026-06-30 12:45:00,1564.19,1564.92,1551.33,1552.79,9646.0048
2026-06-30 13:00:00,1552.8,1562.32,1551.15,1558.99,6852.9604
2026-06-30 13:15:00,1558.99,1562.57,1558.99,1560.8,2940.106
2026-06-30 13:30:00,1560.81,1567.44,1550.2,1560.1,9330.1266
2026-06-30 13:45:00,1560.09,1567.51,1556.36,1567.29,6126.2739
2026-06-30 14:00:00,1567.29,1578.0,1565.03,1572.14,5731.9645
2026-06-30 14:15:00,1572.14,1575.33,1569.67,1574.05,2828.644
2026-06-30 14:30:00,1574.04,1575.85,1563.24,1572.63,2746.7952
2026-06-30 14:45:00,1572.62,1572.62,1561.33,1563.52,2798.6833
2026-06-30 15:00:00,1563.52,1567.39,1557.35,1565.45,3274.8593
2026-06-30 15:15:00,1565.44,1568.54,1560.45,1565.95,4051.1597
2026-06-30 15:30:00,1565.94,1567.26,1562.56,1565.87,1911.306
2026-06-30 15:45:00,1565.86,1576.94,1564.34,1565.18,3683.446
2026-06-30 16:00:00,1565.19,1572.32,1564.7,1566.62,1650.0967
2026-06-30 16:15:00,1566.62,1567.57,1562.06,1563.53,2123.2696
2026-06-30 16:30:00,1563.53,1570.22,1561.84,1566.55,4656.997
2026-06-30 16:45:00,1566.55,1575.0,1566.43,1572.38,2036.3213
2026-06-30 17:00:00,1572.38,1577.1,1570.32,1570.37,1921.5126
2026-06-30 17:15:00,1570.37,1573.44,1570.21,1571.06,1681.5179
2026-06-30 17:30:00,1571.07,1572.89,1569.43,1570.48,1473.7784
2026-06-30 17:45:00,1570.48,1572.0,1568.64,1570.86,979.5759
2026-06-30 18:00:00,1570.87,1573.83,1569.59,1573.23,1191.1326
2026-06-30 18:15:00,1573.22,1581.83,1571.7,1576.93,2978.2705
2026-06-30 18:30:00,1576.93,1577.43,1573.14,1574.41,2351.0487
2026-06-30 18:45:00,1574.41,1580.24,1574.41,1579.11,2592.6165
2026-06-30 19:00:00,1579.1,1581.23,1577.49,1578.56,1524.3545
2026-06-30 19:15:00,1578.56,1578.8,1575.56,1577.78,1263.056
2026-06-30 19:30:00,1577.78,1581.92,1577.28,1579.77,1639.019
2026-06-30 19:45:00,1579.78,1581.01,1577.42,1580.53,2467.5835
2026-06-30 20:00:00,1580.52,1582.98,1578.09,1581.57,2223.4377
2026-06-30 20:15:00,1581.57,1581.57,1575.68,1577.29,990.6884
2026-06-30 20:30:00,1577.28,1577.28,1574.08,1574.29,1125.1163
2026-06-30 20:45:00,1574.28,1578.57,1573.4,1575.99,2157.3099
2026-06-30 21:00:00,1575.99,1577.26,1571.42,1572.93,1603.567
2026-06-30 21:15:00,1572.93,1574.24,1570.0,1571.75,1311.0393
2026-06-30 21:30:00,1571.75,1573.23,1570.37,1570.69,992.736
2026-06-30 21:45:00,1570.69,1572.0,1570.0,1571.68,769.0757
2026-06-30 22:00:00,1571.68,1574.91,1570.85,1572.9,1219.7127
2026-06-30 22:15:00,1572.89,1575.3,1570.64,1571.02,1565.9993
2026-06-30 22:30:00,1571.02,1571.02,1566.81,1568.34,2331.55
2026-06-30 22:45:00,1568.34,1569.32,1566.9,1567.64,614.9721
2026-06-30 23:00:00,1567.64,1569.5,1566.0,1569.05,1225.6874
2026-06-30 23:15:00,1569.04,1570.93,1568.44,1570.09,1321.9592
2026-06-30 23:30:00,1570.08,1571.56,1568.8,1570.87,808.6436
2026-06-30 23:45:00,1570.87,1572.8,1570.49,1572.01,1442.0836
2026-07-01 00:00:00,1572.0,1575.43,1572.0,1574.06,2129.0538
2026-07-01 00:15:00,1574.06,1575.39,1566.13,1568.69,1533.3136
2026-07-01 00:30:00,1568.7,1574.3,1568.65,1571.96,687.7305
2026-07-01 00:45:00,1571.96,1576.7,1571.69,1575.07,820.737
2026-07-01 01:00:00,1575.07,1575.3,1552.92,1563.72,6850.1354
2026-07-01 01:15:00,1563.73,1572.48,1559.6,1569.81,5064.2314
2026-07-01 01:30:00,1569.81,1586.6,1569.05,1581.44,6335.9618
2026-07-01 01:45:00,1581.44,1583.7,1576.94,1577.91,2722.6649
2026-07-01 02:00:00,1577.91,1581.07,1574.53,1578.91,1688.6114
2026-07-01 02:15:00,1578.91,1585.0,1578.26,1582.94,2281.9618
2026-07-01 02:30:00,1582.93,1589.4,1581.85,1588.85,3275.5289
2026-07-01 02:45:00,1588.85,1589.55,1584.03,1586.3,2601.5824
2026-07-01 03:00:00,1586.3,1590.0,1584.53,1585.53,1753.6817
2026-07-01 03:15:00,1585.53,1585.68,1582.45,1584.45,1610.8297
2026-07-01 03:30:00,1584.44,1597.51,1582.54,1589.33,6804.5425
2026-07-01 03:45:00,1589.32,1599.19,1589.03,1594.81,3566.3901
2026-07-01 04:00:00,1594.81,1594.81,1590.89,1592.0,1338.3973
2026-07-01 04:15:00,1591.99,1595.0,1591.77,1594.14,1360.7566
2026-07-01 04:30:00,1594.15,1597.78,1592.52,1597.25,2070.782
2026-07-01 04:45:00,1597.25,1604.02,1596.8,1599.35,6080.62
2026-07-01 05:00:00,1599.35,1600.83,1595.39,1595.77,2964.5271
2026-07-01 05:15:00,1595.78,1598.19,1593.36,1593.74,1492.1204
2026-07-01 05:30:00,1593.73,1594.66,1591.53,1593.12,2197.6365
2026-07-01 05:45:00,1593.12,1593.56,1591.21,1593.0,755.4846
2026-07-01 06:00:00,1593.0,1593.15,1585.29,1587.27,2999.6751
2026-07-01 06:15:00,1587.26,1587.79,1577.94,1580.85,3258.2684
2026-07-01 06:30:00,1580.85,1581.71,1571.5,1577.31,6447.1824
2026-07-01 06:45:00,1577.31,1577.73,1573.12,1575.99,2123.174
2026-07-01 07:00:00,1575.99,1577.08,1572.5,1575.55,2137.28
2026-07-01 07:15:00,1575.55,1579.96,1573.71,1577.51,1848.3229
2026-07-01 07:30:00,1577.5,1579.18,1575.0,1577.57,1413.2853
2026-07-01 07:45:00,1577.58,1581.19,1576.6,1578.36,1448.5648
2026-07-01 08:00:00,1578.36,1578.85,1574.07,1575.34,1570.0437
2026-07-01 08:15:00,1575.33,1575.85,1571.07,1571.93,1416.9061
2026-07-01 08:30:00,1571.94,1575.99,1568.51,1575.72,2201.2533
2026-07-01 08:45:00,1575.73,1582.37,1574.0,1582.37,1097.1053
2026-07-01 09:00:00,1582.36,1585.33,1579.04,1580.56,2972.3241
2026-07-01 09:15:00,1580.57,1582.3,1579.7,1580.13,1768.3456
2026-07-01 09:30:00,1580.14,1581.73,1579.41,1581.44,823.5502
2026-07-01 09:45:00,1581.44,1583.1,1578.68,1581.01,1928.4889
2026-07-01 10:00:00,1581.0,1581.52,1574.49,1574.96,1458.5708
2026-07-01 10:15:00,1574.96,1576.99,1572.99,1575.53,2074.5839
2026-07-01 10:30:00,1575.54,1575.94,1572.11,1572.35,1451.6861
2026-07-01 10:45:00,1572.35,1574.72,1572.35,1573.43,717.6383
2026-07-01 11:00:00,1573.43,1575.77,1570.64,1574.59,1280.028
2026-07-01 11:15:00,1574.59,1575.96,1572.69,1572.79,1544.7577
2026-07-01 11:30:00,1572.79,1574.28,1570.77,1573.17,1603.894
2026-07-01 11:45:00,1573.18,1574.06,1567.13,1569.89,2259.7307
2026-07-01 12:00:00,1569.88,1572.49,1566.29,1568.15,1889.4284
2026-07-01 12:15:00,1568.16,1571.96,1568.16,1570.42,1421.9968
2026-07-01 12:30:00,1570.41,1571.43,1566.37,1567.4,2113.0826
2026-07-01 12:45:00,1567.39,1570.28,1565.26,1570.24,2135.7312
2026-07-01 13:00:00,1570.24,1575.43,1570.23,1573.52,3099.6822
2026-07-01 13:15:00,1573.53,1579.48,1572.64,1578.44,2860.6905
2026-07-01 13:30:00,1578.44,1582.84,1570.0,1582.06,6041.7485
2026-07-01 13:45:00,1582.06,1598.0,1580.1,1597.22,8614.8459
2026-07-01 14:00:00,1597.22,1613.29,1591.2,1613.16,9376.1759
2026-07-01 14:15:00,1613.17,1617.04,1604.42,1605.55,14219.744
2026-07-01 14:30:00,1605.55,1606.98,1595.57,1598.8,10762.9164
2026-07-01 14:45:00,1598.81,1602.49,1591.42,1601.18,3960.5643
2026-07-01 15:00:00,1601.19,1616.38,1600.98,1611.57,4722.0374
2026-07-01 15:15:00,1611.57,1631.0,1608.34,1623.83,13448.3473
2026-07-01 15:30:00,1623.83,1627.11,1619.82,1622.64,5476.6087
2026-07-01 15:45:00,1622.64,1623.18,1617.22,1620.09,4359.7822
2026-07-01 16:00:00,1620.1,1620.97,1615.9,1618.99,2717.5545
2026-07-01 16:15:00,1619.0,1629.26,1615.04,1623.24,5430.9258
2026-07-01 16:30:00,1623.25,1624.03,1617.94,1619.27,2530.339
2026-07-01 16:45:00,1619.27,1619.63,1612.77,1614.54,3212.5268
2026-07-01 17:00:00,1614.54,1614.81,1607.17,1613.35,2680.5684
2026-07-01 17:15:00,1613.36,1624.79,1613.36,1622.6,3171.854
2026-07-01 17:30:00,1622.59,1624.64,1618.11,1621.33,3314.3139
2026-07-01 17:45:00,1621.32,1624.53,1621.31,1622.72,1413.349
2026-07-01 18:00:00,1622.72,1624.5,1617.11,1619.7,2162.1072
2026-07-01 18:15:00,1619.69,1622.74,1617.44,1617.88,1839.6221
2026-07-01 18:30:00,1617.88,1620.26,1614.02,1619.7,1927.4311
2026-07-01 18:45:00,1619.71,1619.9,1612.01,1616.59,1832.0615
2026-07-01 19:00:00,1616.59,1622.68,1616.44,1622.67,1459.1107
2026-07-01 19:15:00,1622.67,1624.0,1617.09,1618.83,2555.6248
2026-07-01 19:30:00,1618.84,1622.02,1616.62,1619.51,2069.7254
2026-07-01 19:45:00,1619.52,1619.77,1614.42,1618.09,2904.0972
2026-07-01 20:00:00,1618.07,1618.25,1612.02,1616.54,2493.2255
2026-07-01 20:15:00,1616.55,1617.4,1610.38,1615.79,2968.6781
2026-07-01 20:30:00,1615.78,1618.91,1614.68,1616.12,1900.1577
2026-07-01 20:45:00,1616.13,1620.46,1616.13,1617.68,1206.4771
2026-07-01 21:00:00,1617.67,1624.49,1617.55,1623.49,4035.9884
2026-07-01 21:15:00,1623.5,1627.28,1621.36,1624.16,4364.7584
2026-07-01 21:30:00,1624.16,1630.51,1624.16,1628.0,4292.713
2026-07-01 21:45:00,1627.99,1638.63,1627.12,1632.12,5602.5505
2026-07-01 22:00:00,1632.11,1632.11,1628.51,1629.47,2884.3593
2026-07-01 22:15:00,1629.46,1646.26,1627.21,1627.73,10306.1566
2026-07-01 22:30:00,1627.72,1630.76,1623.08,1624.9,3199.4025
2026-07-01 22:45:00,1624.9,1625.91,1620.58,1621.63,1432.9165
2026-07-01 23:00:00,1621.62,1621.63,1614.87,1615.64,2663.6149
2026-07-01 23:15:00,1615.64,1618.64,1614.16,1614.76,2055.3714
2026-07-01 23:30:00,1614.76,1616.48,1608.65,1614.03,3454.9457
2026-07-01 23:45:00,1614.04,1614.23,1608.35,1609.58,2118.4607
2026-07-02 00:00:00,1609.59,1609.8,1603.63,1606.42,2689.651
2026-07-02 00:15:00,1606.43,1606.98,1602.0,1603.05,2284.7486
2026-07-02 00:30:00,1603.01,1604.66,1597.22,1598.27,3422.4385
2026-07-02 00:45:00,1598.26,1605.55,1597.98,1603.42,2015.2948
2026-07-02 01:00:00,1603.42,1609.74,1602.63,1609.3,1858.0401
2026-07-02 01:15:00,1609.32,1613.02,1608.07,1611.66,2015.993
2026-07-02 01:30:00,1611.67,1625.0,1611.67,1621.69,3341.1453
2026-07-02 01:45:00,1621.69,1623.87,1617.7,1620.48,1361.9745
2026-07-02 02:00:00,1620.47,1621.11,1614.64,1617.63,1150.9795
2026-07-02 02:15:00,1617.64,1621.36,1616.25,1618.74,1891.5806
2026-07-02 02:30:00,1618.74,1624.28,1617.89,1622.52,1552.0728
2026-07-02 02:45:00,1622.52,1624.45,1619.58,1620.68,2081.7856
2026-07-02 03:00:00,1620.69,1624.27,1620.4,1623.97,1907.7738
2026-07-02 03:15:00,1623.98,1636.25,1618.12,1629.55,5118.9926
2026-07-02 03:30:00,1629.54,1634.99,1627.33,1634.49,4721.1519
2026-07-02 03:45:00,1634.49,1642.32,1630.71,1639.47,7743.8551
2026-07-02 04:00:00,1639.46,1639.94,1634.53,1635.93,5419.4323
2026-07-02 04:15:00,1635.94,1637.08,1632.42,1634.36,3010.9896
2026-07-02 04:30:00,1634.35,1634.36,1630.44,1632.05,1244.1749
2026-07-02 04:45:00,1632.04,1634.33,1631.2,1632.71,996.292
2026-07-02 05:00:00,1632.71,1634.84,1628.72,1633.96,1990.7175
2026-07-02 05:15:00,1633.96,1634.71,1632.13,1632.42,1195.501
2026-07-02 05:30:00,1632.42,1632.42,1626.96,1627.13,1463.9572
2026-07-02 05:45:00,1627.13,1628.14,1625.21,1626.5,2115.2386
2026-07-02 06:00:00,1626.51,1626.94,1622.26,1622.85,1897.076
2026-07-02 06:15:00,1622.85,1629.44,1622.45,1624.5,2336.6415
2026-07-02 06:30:00,1624.5,1629.88,1624.29,1626.52,1415.6328
2026-07-02 06:45:00,1626.52,1626.52,1617.51,1619.14,2399.9959
2026-07-02 07:00:00,1619.14,1619.88,1617.12,1617.92,2112.1508
2026-07-02 07:15:00,1617.93,1618.87,1615.34,1616.75,2248.0348
2026-07-02 07:30:00,1616.74,1617.98,1615.19,1617.37,4828.7661
2026-07-02 07:45:00,1617.37,1618.0,1614.32,1615.97,5160.4063
2026-07-02 08:00:00,1615.97,1621.91,1615.08,1618.36,2220.8429
2026-07-02 08:15:00,1618.36,1621.0,1618.36,1619.55,960.9478
2026-07-02 08:30:00,1619.55,1625.89,1618.43,1623.3,3575.2963
2026-07-02 08:45:00,1623.29,1626.35,1622.86,1624.92,1486.1359
2026-07-02 09:00:00,1624.91,1624.93,1620.34,1623.17,1102.6043
2026-07-02 09:15:00,1623.18,1629.81,1622.22,1629.43,1428.9245
2026-07-02 09:30:00,1629.43,1651.95,1629.42,1643.03,17066.3057
2026-07-02 09:45:00,1643.03,1647.44,1638.27,1643.33,8236.8962
2026-07-02 10:00:00,1643.32,1647.0,1641.48,1646.83,5132.3868
2026-07-02 10:15:00,1646.83,1647.88,1643.77,1645.8,2154.9822
2026-07-02 10:30:00,1645.81,1649.62,1644.48,1644.64,2996.0273
2026-07-02 10:45:00,1644.64,1647.8,1643.1,1646.12,1980.692
2026-07-02 11:00:00,1646.12,1657.53,1645.12,1650.57,10849.3172
2026-07-02 11:15:00,1650.56,1651.11,1647.48,1647.86,5555.0414
2026-07-02 11:30:00,1647.86,1648.76,1645.12,1645.77,2436.3752
2026-07-02 11:45:00,1645.78,1652.62,1644.53,1650.32,3495.3583
2026-07-02 12:00:00,1650.31,1657.14,1647.66,1655.33,2822.9287
2026-07-02 12:15:00,1655.34,1665.39,1648.91,1663.84,6531.0373
2026-07-02 12:30:00,1663.84,1669.72,1650.5,1659.84,9767.4665
2026-07-02 12:45:00,1659.85,1667.82,1659.85,1662.82,6022.0748
2026-07-02 13:00:00,1662.81,1672.23,1660.73,1668.86,4393.6303
2026-07-02 13:15:00,1668.87,1691.3,1668.87,1682.37,17798.3906
2026-07-02 13:30:00,1682.38,1713.0,1678.45,1710.49,33541.2032
2026-07-02 13:45:00,1710.48,1713.77,1705.28,1710.72,14583.0479
2026-07-02 14:00:00,1710.73,1725.0,1706.07,1716.7,19666.4275
2026-07-02 14:15:00,1716.7,1720.95,1696.86,1701.62,10725.072
2026-07-02 14:30:00,1701.62,1707.51,1692.96,1695.42,9257.5987
2026-07-02 14:45:00,1695.43,1702.18,1695.42,1701.55,6507.886
2026-07-02 15:00:00,1701.55,1703.02,1688.72,1694.45,5017.8187
2026-07-02 15:15:00,1694.44,1703.5,1691.88,1699.97,5348.3829
2026-07-02 15:30:00,1699.98,1703.17,1697.54,1702.07,2850.4266
2026-07-02 15:45:00,1702.06,1703.47,1694.84,1697.05,2589.8118
2026-07-02 16:00:00,1697.06,1701.53,1691.48,1699.67,3724.1689
2026-07-02 16:15:00,1699.67,1699.73,1686.49,1689.68,3964.0966
2026-07-02 16:30:00,1689.68,1697.78,1689.09,1697.29,3521.6547
2026-07-02 16:45:00,1697.29,1704.0,1696.17,1699.67,4301.69
2026-07-02 17:00:00,1699.66,1702.38,1695.94,1699.04,2510.3315
2026-07-02 17:15:00,1699.04,1705.94,1698.22,1704.42,3905.7005
2026-07-02 17:30:00,1704.42,1704.43,1695.28,1700.43,2204.0533
2026-07-02 17:45:00,1700.44,1701.02,1694.51,1695.89,1396.5753
2026-07-02 18:00:00,1695.88,1702.95,1695.45,1702.39,1577.144
2026-07-02 18:15:00,1702.39,1704.09,1699.09,1703.89,1639.2018
2026-07-02 18:30:00,1703.89,1704.97,1701.64,1704.46,1104.1519
2026-07-02 18:45:00,1704.46,1707.14,1700.27,1702.06,1864.6825
2026-07-02 19:00:00,1702.05,1703.35,1698.79,1702.47,1512.6197
2026-07-02 19:15:00,1702.48,1702.48,1694.75,1699.35,1180.0788
2026-07-02 19:30:00,1699.36,1701.78,1697.52,1701.63,1494.826
2026-07-02 19:45:00,1701.64,1705.53,1699.95,1700.15,2452.5458
2026-07-02 20:00:00,1700.15,1701.25,1697.3,1700.37,1393.2851
2026-07-02 20:15:00,1700.37,1702.47,1696.49,1696.75,773.8632
2026-07-02 20:30:00,1696.75,1698.65,1696.08,1697.95,1090.583
2026-07-02 20:45:00,1697.95,1706.68,1697.94,1705.75,2797.1233
2026-07-02 21:00:00,1705.75,1705.89,1703.51,1703.51,1173.232
2026-07-02 21:15:00,1703.52,1704.87,1703.51,1703.96,611.5628
2026-07-02 21:30:00,1703.96,1703.97,1698.29,1698.72,3712.0497
2026-07-02 21:45:00,1698.72,1700.29,1697.36,1700.23,1344.2812
2026-07-02 22:00:00,1700.23,1700.68,1696.46,1697.26,1320.2724
2026-07-02 22:15:00,1697.26,1698.89,1696.58,1696.58,775.6681
2026-07-02 22:30:00,1696.59,1697.77,1695.68,1695.95,753.5347
2026-07-02 22:45:00,1695.95,1700.98,1694.2,1696.88,1257.2427
2026-07-02 23:00:00,1696.88,1696.88,1692.13,1692.8,1255.6492
2026-07-02 23:15:00,1692.81,1699.7,1692.8,1698.37,1366.0086
2026-07-02 23:30:00,1698.37,1701.8,1696.0,1696.68,1224.3955
2026-07-02 23:45:00,1696.68,1700.58,1696.49,1700.57,1157.4129
2026-07-03 00:00:00,1700.57,1702.3,1697.8,1700.51,1509.3887
2026-07-03 00:15:00,1700.51,1702.98,1697.34,1697.34,1555.7875
2026-07-03 00:30:00,1697.34,1700.55,1694.72,1698.9,1866.6057
2026-07-03 00:45:00,1698.9,1699.62,1696.06,1696.75,1344.0751
2026-07-03 01:00:00,1696.75,1718.97,1695.34,1714.15,4924.1461
2026-07-03 01:15:00,1714.14,1714.79,1705.24,1708.68,3225.2874
2026-07-03 01:30:00,1708.68,1718.55,1707.6,1716.41,2257.6142
2026-07-03 01:45:00,1716.41,1718.14,1712.18,1712.33,3968.0451
2026-07-03 02:00:00,1712.33,1715.33,1708.12,1708.13,1661.5488
2026-07-03 02:15:00,1708.13,1712.0,1701.93,1701.93,3749.182
2026-07-03 02:30:00,1701.94,1703.81,1696.23,1701.32,2302.1904
2026-07-03 02:45:00,1701.33,1705.58,1698.96,1704.76,1133.2332
2026-07-03 03:00:00,1704.75,1705.24,1699.53,1700.55,992.315
2026-07-03 03:15:00,1700.54,1712.11,1700.54,1711.08,2468.2823
2026-07-03 03:30:00,1711.07,1711.34,1704.0,1704.01,724.2758
2026-07-03 03:45:00,1704.01,1707.18,1703.82,1706.43,787.1327
2026-07-03 04:00:00,1706.43,1708.5,1702.77,1706.36,2031.5044
2026-07-03 04:15:00,1706.36,1706.37,1703.34,1705.07,1243.8669
2026-07-03 04:30:00,1705.07,1707.43,1703.14,1706.73,838.5903
2026-07-03 04:45:00,1706.73,1707.36,1702.34,1703.08,1312.0048
2026-07-03 05:00:00,1703.07,1706.92,1702.28,1706.84,998.8352
2026-07-03 05:15:00,1706.84,1711.36,1705.02,1709.9,1194.6898
2026-07-03 05:30:00,1709.9,1721.8,1709.58,1715.51,4580.0635
2026-07-03 05:45:00,1715.5,1718.11,1714.0,1714.92,1277.8741
2026-07-03 06:00:00,1714.93,1721.53,1713.95,1717.32,1954.9448
2026-07-03 06:15:00,1717.33,1720.41,1715.0,1716.72,1422.0161
2026-07-03 06:30:00,1716.71,1719.51,1712.94,1714.78,1490.8576
2026-07-03 06:45:00,1714.78,1717.94,1714.61,1716.03,946.9662
2026-07-03 07:00:00,1716.03,1718.9,1713.97,1716.04,931.5223
2026-07-03 07:15:00,1716.04,1718.34,1716.03,1717.6,1013.2555
2026-07-03 07:30:00,1717.6,1721.18,1716.02,1718.12,3454.3441
2026-07-03 07:45:00,1718.11,1722.21,1717.34,1717.77,5786.6787
2026-07-03 08:00:00,1717.77,1720.27,1716.53,1717.89,2206.4342
2026-07-03 08:15:00,1717.88,1723.45,1715.68,1719.87,2318.4347
2026-07-03 08:30:00,1719.87,1735.13,1717.67,1731.52,8692.1863
2026-07-03 08:45:00,1731.52,1731.59,1718.48,1719.89,3282.816
2026-07-03 09:00:00,1719.89,1729.52,1717.03,1728.63,3026.4358
2026-07-03 09:15:00,1728.63,1729.85,1725.45,1726.25,1377.2528
2026-07-03 09:30:00,1726.25,1726.25,1720.98,1723.26,1012.5558
2026-07-03 09:45:00,1723.27,1731.25,1723.26,1726.28,3494.1404
2026-07-03 10:00:00,1726.27,1739.19,1726.26,1734.19,7278.9182
2026-07-03 10:15:00,1734.2,1738.92,1731.86,1736.65,2606.9543
2026-07-03 10:30:00,1736.65,1748.9,1734.88,1747.27,4509.6706
2026-07-03 10:45:00,1747.28,1749.0,1741.92,1742.16,3501.1846
2026-07-03 11:00:00,1742.17,1745.33,1737.47,1742.79,4919.7813
2026-07-03 11:15:00,1742.8,1748.0,1742.14,1742.53,2969.6155
2026-07-03 11:30:00,1742.53,1745.25,1739.15,1739.95,1930.1907
2026-07-03 11:45:00,1739.95,1744.81,1739.95,1742.54,1395.9666
2026-07-03 12:00:00,1742.54,1745.03,1739.24,1740.53,2655.1443
2026-07-03 12:15:00,1740.53,1740.53,1731.55,1734.41,3207.4534
2026-07-03 12:30:00,1734.41,1735.64,1732.0,1733.56,1440.6371
2026-07-03 12:45:00,1733.55,1736.63,1733.55,1736.44,1269.3558
2026-07-03 13:00:00,1736.44,1738.88,1736.09,1738.34,4209.4829
2026-07-03 13:15:00,1738.34,1747.62,1738.33,1744.84,3978.3873
2026-07-03 13:30:00,1744.84,1752.88,1743.44,1748.88,5467.9192
2026-07-03 13:45:00,1748.89,1753.29,1745.0,1748.15,4896.9727
2026-07-03 14:00:00,1748.14,1748.15,1732.25,1734.26,4285.4229
2026-07-03 14:15:00,1734.27,1737.62,1728.99,1733.74,5355.0803
2026-07-03 14:30:00,1733.74,1737.39,1729.96,1736.98,4108.1866
2026-07-03 14:45:00,1736.97,1740.29,1734.82,1737.14,2585.4788
2026-07-03 15:00:00,1737.15,1745.9,1736.24,1740.72,3016.2491
2026-07-03 15:15:00,1740.71,1742.8,1732.23,1733.4,2853.0832
2026-07-03 15:30:00,1733.4,1737.18,1731.26,1733.09,1616.4153
2026-07-03 15:45:00,1733.1,1734.45,1729.75,1731.24,2148.1399
2026-07-03 16:00:00,1731.24,1732.61,1727.87,1728.21,1575.1125
2026-07-03 16:15:00,1728.22,1735.39,1728.22,1734.04,1367.7129
2026-07-03 16:30:00,1734.04,1735.5,1730.48,1732.84,847.3668
2026-07-03 16:45:00,1732.84,1734.51,1731.0,1733.63,713.1733
2026-07-03 17:00:00,1733.62,1737.27,1732.33,1735.65,1752.8008
2026-07-03 17:15:00,1735.66,1738.3,1733.34,1736.59,920.63
2026-07-03 17:30:00,1736.58,1741.1,1735.41,1740.75,1827.8537
2026-07-03 17:45:00,1740.76,1741.86,1737.4,1738.18,940.6328
2026-07-03 18:00:00,1738.19,1738.84,1736.47,1736.67,1028.5385
2026-07-03 18:15:00,1736.66,1738.29,1736.19,1738.21,1087.9341
2026-07-03 18:30:00,1738.21,1739.46,1737.92,1739.27,944.3204
2026-07-03 18:45:00,1739.27,1741.13,1738.14,1738.77,1351.5998
2026-07-03 19:00:00,1738.78,1740.79,1737.34,1737.4,988.1377
2026-07-03 19:15:00,1737.4,1747.39,1737.4,1746.89,4588.9707
2026-07-03 19:30:00,1746.89,1753.0,1745.06,1748.01,5069.1283
2026-07-03 19:45:00,1748.01,1748.01,1745.0,1745.38,1372.5867
2026-07-03 20:00:00,1745.39,1751.42,1743.61,1748.12,2466.7365
2026-07-03 20:15:00,1748.12,1757.38,1745.89,1753.94,4909.9229
2026-07-03 20:30:00,1753.94,1774.0,1752.47,1766.17,11024.7787
2026-07-03 20:45:00,1766.17,1772.69,1763.3,1766.15,4840.0645
2026-07-03 21:00:00,1766.15,1775.78,1764.5,1766.56,3747.5121
2026-07-03 21:15:00,1766.56,1768.03,1763.68,1763.68,1734.6347
2026-07-03 21:30:00,1763.68,1763.68,1756.75,1760.23,4832.2037
2026-07-03 21:45:00,1760.24,1767.54,1759.63,1763.46,1689.4217
2026-07-03 22:00:00,1763.46,1764.06,1756.8,1758.6,2617.4664
2026-07-03 22:15:00,1758.59,1761.87,1758.14,1760.13,1403.9271
2026-07-03 22:30:00,1760.13,1761.31,1756.0,1758.8,1484.1879
2026-07-03 22:45:00,1758.81,1760.0,1756.8,1757.52,683.3843
2026-07-03 23:00:00,1757.53,1759.21,1755.45,1758.13,892.2717
2026-07-03 23:15:00,1758.12,1762.03,1757.06,1758.37,1539.6365
2026-07-03 23:30:00,1758.37,1761.11,1758.37,1760.17,781.2103
2026-07-03 23:45:00,1760.18,1761.01,1756.89,1758.21,829.9391
2026-07-04 00:00:00,1758.22,1764.0,1757.46,1761.6,1644.2418
2026-07-04 00:15:00,1761.61,1763.55,1757.5,1758.99,857.1539
2026-07-04 00:30:00,1758.99,1760.38,1756.5,1758.22,635.343
2026-07-04 00:45:00,1758.21,1760.52,1757.08,1758.7,546.9782
2026-07-04 01:00:00,1758.7,1758.7,1746.77,1748.35,3143.7921
2026-07-04 01:15:00,1748.35,1751.6,1746.0,1749.34,1481.2881
2026-07-04 01:30:00,1749.35,1750.61,1746.66,1747.27,1522.2561
2026-07-04 01:45:00,1747.27,1748.78,1746.0,1747.93,867.1924
2026-07-04 02:00:00,1747.93,1750.0,1747.01,1749.01,469.8273
2026-07-04 02:15:00,1749.0,1749.05,1746.81,1747.87,520.558
2026-07-04 02:30:00,1747.86,1748.67,1744.09,1748.18,1125.3357
2026-07-04 02:45:00,1748.17,1751.04,1747.07,1749.31,887.6462
2026-07-04 03:00:00,1749.31,1750.54,1747.26,1750.09,1604.3418
2026-07-04 03:15:00,1750.09,1750.26,1748.39,1749.14,520.154
2026-07-04 03:30:00,1749.13,1756.74,1748.0,1754.68,2126.5103
2026-07-04 03:45:00,1754.69,1755.32,1753.09,1753.92,745.5593
2026-07-04 04:00:00,1753.91,1757.01,1752.61,1754.3,1073.2988
2026-07-04 04:15:00,1754.3,1756.0,1752.0,1753.83,951.591
2026-07-04 04:30:00,1753.82,1759.49,1753.71,1757.85,1636.8091
2026-07-04 04:45:00,1757.86,1764.61,1757.86,1761.67,2060.2495
2026-07-04 05:00:00,1761.68,1761.68,1756.3,1756.55,909.2142
2026-07-04 05:15:00,1756.54,1756.78,1753.27,1754.99,937.4255
2026-07-04 05:30:00,1754.99,1758.31,1754.6,1758.23,2035.7328
2026-07-04 05:45:00,1758.24,1759.6,1754.74,1755.99,1393.9899
2026-07-04 06:00:00,1755.98,1761.27,1755.56,1755.68,1211.842
2026-07-04 06:15:00,1755.68,1757.43,1751.72,1754.21,3855.2982
2026-07-04 06:30:00,1754.22,1757.2,1754.07,1754.22,2410.6793
2026-07-04 06:45:00,1754.21,1755.58,1753.43,1754.77,2830.3396
2026-07-04 07:00:00,1754.78,1756.5,1752.86,1754.65,2530.2043
2026-07-04 07:15:00,1754.65,1758.19,1753.86,1755.67,815.777
2026-07-04 07:30:00,1755.66,1756.9,1754.32,1756.04,1671.7063
2026-07-04 07:45:00,1756.04,1759.67,1755.22,1758.19,1148.753
2026-07-04 08:00:00,1758.18,1760.0,1757.62,1760.0,1080.4893
2026-07-04 08:15:00,1760.0,1761.38,1757.64,1757.64,776.6937
2026-07-04 08:30:00,1757.65,1765.55,1757.39,1760.75,1232.2051
2026-07-04 08:45:00,1760.74,1765.31,1760.74,1762.31,1067.0321
2026-07-04 09:00:00,1762.3,1763.05,1759.15,1760.98,1276.7085
2026-07-04 09:15:00,1760.97,1761.45,1758.97,1759.72,638.8334
2026-07-04 09:30:00,1759.73,1759.78,1755.0,1756.14,1023.026
2026-07-04 09:45:00,1756.13,1758.29,1756.13,1758.13,1227.9982
2026-07-04 10:00:00,1758.12,1760.32,1757.12,1760.05,827.2536
2026-07-04 10:15:00,1760.04,1760.88,1758.64,1759.18,1641.343
2026-07-04 10:30:00,1759.17,1759.3,1757.51,1758.64,786.6253
2026-07-04 10:45:00,1758.65,1760.56,1758.34,1759.14,1993.1839
2026-07-04 11:00:00,1759.14,1759.14,1756.19,1758.05,1709.385
2026-07-04 11:15:00,1758.06,1758.83,1756.97,1757.83,666.9105
2026-07-04 11:30:00,1757.84,1760.15,1757.35,1758.0,812.4955
2026-07-04 11:45:00,1758.0,1758.6,1757.53,1758.24,450.7491
2026-07-04 12:00:00,1758.23,1762.22,1758.23,1761.2,1026.5031
2026-07-04 12:15:00,1761.2,1763.8,1759.04,1763.09,1105.3481
2026-07-04 12:30:00,1763.1,1766.45,1762.32,1764.17,2319.0755
2026-07-04 12:45:00,1764.16,1765.34,1762.28,1764.22,1123.8454
2026-07-04 13:00:00,1764.22,1764.47,1761.62,1762.56,807.7638
2026-07-04 13:15:00,1762.57,1778.63,1762.56,1768.7,7918.4323
2026-07-04 13:30:00,1768.7,1769.13,1763.03,1763.73,2513.4836
2026-07-04 13:45:00,1763.72,1764.34,1761.98,1764.06,857.4817
2026-07-04 14:00:00,1764.05,1772.69,1763.92,1770.95,2785.0079
2026-07-04 14:15:00,1770.95,1775.0,1769.04,1771.06,2590.7726
2026-07-04 14:30:00,1771.05,1771.31,1768.35,1770.3,1059.2157
2026-07-04 14:45:00,1770.3,1772.88,1769.03,1772.23,883.7154
2026-07-04 15:00:00,1772.23,1799.92,1772.22,1785.04,15041.882
2026-07-04 15:15:00,1785.05,1798.52,1783.02,1793.5,4839.3592
2026-07-04 15:30:00,1793.5,1796.31,1788.54,1791.02,3539.3619
2026-07-04 15:45:00,1791.03,1795.43,1789.82,1791.09,3587.7255
2026-07-04 16:00:00,1791.08,1792.0,1783.93,1784.88,3391.9959
2026-07-04 16:15:00,1784.88,1789.69,1783.32,1787.28,2536.0135
2026-07-04 16:30:00,1787.28,1791.35,1787.28,1788.02,1660.5183
2026-07-04 16:45:00,1788.01,1789.5,1786.29,1786.81,1589.2764
2026-07-04 17:00:00,1786.81,1786.82,1779.0,1780.27,8084.6006
2026-07-04 17:15:00,1780.27,1787.62,1779.65,1787.21,3268.2409
2026-07-04 17:30:00,1787.21,1794.4,1787.21,1791.72,4783.4766
2026-07-04 17:45:00,1791.71,1807.65,1790.36,1799.36,12998.184
2026-07-04 18:00:00,1799.36,1805.19,1797.74,1804.67,4899.6769
2026-07-04 18:15:00,1804.66,1805.84,1795.49,1796.66,2919.965
2026-07-04 18:30:00,1796.66,1796.66,1793.09,1793.8,2089.5298
2026-07-04 18:45:00,1793.79,1795.6,1791.58,1793.63,1138.0228
2026-07-04 19:00:00,1793.62,1795.05,1788.47,1790.3,1285.9031
2026-07-04 19:15:00,1790.3,1796.36,1790.1,1795.34,2299.0094
2026-07-04 19:30:00,1795.35,1797.66,1791.49,1796.52,1214.4057
2026-07-04 19:45:00,1796.51,1796.51,1790.83,1792.83,1152.3561
2026-07-04 20:00:00,1792.83,1795.81,1791.33,1794.73,1122.18
2026-07-04 20:15:00,1794.72,1794.72,1783.84,1784.73,2289.6377
2026-07-04 20:30:00,1784.73,1790.0,1784.29,1789.7,1115.5711
2026-07-04 20:45:00,1789.69,1790.34,1787.08,1787.15,1062.4352
2026-07-04 21:00:00,1787.15,1791.46,1786.24,1790.22,934.6294
2026-07-04 21:15:00,1790.22,1793.11,1789.89,1792.64,672.638
2026-07-04 21:30:00,1792.63,1794.25,1789.49,1789.61,523.733
2026-07-04 21:45:00,1789.62,1790.75,1788.59,1789.25,517.9056
2026-07-04 22:00:00,1789.25,1789.45,1784.78,1786.82,750.2531
2026-07-04 22:15:00,1786.83,1788.97,1784.0,1785.42,579.9153
2026-07-04 22:30:00,1785.43,1786.22,1784.84,1785.37,382.0737
2026-07-04 22:45:00,1785.36,1785.47,1782.19,1784.73,1149.4505
2026-07-04 23:00:00,1784.73,1785.59,1772.1,1775.05,4925.7309
2026-07-04 23:15:00,1775.05,1778.87,1772.47,1778.87,2006.9241
2026-07-04 23:30:00,1778.88,1782.9,1778.87,1782.4,1520.0663
2026-07-04 23:45:00,1782.4,1782.88,1779.06,1780.64,634.8362
2026-07-05 00:00:00,1780.64,1780.75,1775.51,1775.98,1181.769
2026-07-05 00:15:00,1775.97,1776.7,1773.31,1775.33,1548.28
2026-07-05 00:30:00,1775.33,1776.7,1772.1,1775.82,1664.099
2026-07-05 00:45:00,1775.82,1776.4,1769.64,1772.71,2563.9642
2026-07-05 01:00:00,1772.7,1774.66,1770.52,1771.65,1530.166
2026-07-05 01:15:00,1771.65,1771.66,1763.95,1768.71,4024.4806
2026-07-05 01:30:00,1768.71,1768.71,1760.72,1765.44,3120.5136
2026-07-05 01:45:00,1765.43,1767.34,1764.27,1766.62,1332.9542
2026-07-05 02:00:00,1766.61,1767.79,1759.25,1759.87,5597.5759
2026-07-05 02:15:00,1759.87,1764.56,1757.0,1764.55,2232.9479
2026-07-05 02:30:00,1764.55,1766.0,1758.29,1758.3,3603.4605
2026-07-05 02:45:00,1758.3,1761.36,1757.0,1760.88,1807.55
2026-07-05 03:00:00,1760.87,1763.52,1760.11,1763.17,1326.7986
2026-07-05 03:15:00,1763.17,1764.0,1757.76,1758.73,1563.8931
2026-07-05 03:30:00,1758.72,1762.56,1758.38,1761.0,1613.0912
2026-07-05 03:45:00,1761.0,1763.17,1760.55,1761.59,1728.8562
2026-07-05 04:00:00,1761.58,1765.94,1760.07,1764.69,2745.2753
2026-07-05 04:15:00,1764.69,1768.61,1764.67,1767.24,3524.9987
2026-07-05 04:30:00,1767.23,1772.69,1766.93,1770.78,4063.977
2026-07-05 04:45:00,1770.77,1771.18,1767.18,1767.54,2725.0151
2026-07-05 05:00:00,1767.53,1767.87,1765.0,1765.52,2161.6351
2026-07-05 05:15:00,1765.52,1766.86,1763.4,1764.98,4124.0226
2026-07-05 05:30:00,1764.98,1767.33,1760.5,1762.12,6209.6118
2026-07-05 05:45:00,1762.12,1766.26,1761.95,1765.98,3896.7451
2026-07-05 06:00:00,1765.98,1766.1,1762.01,1764.25,6360.9942
2026-07-05 06:15:00,1764.24,1765.29,1762.27,1765.0,4783.0584
2026-07-05 06:30:00,1765.01,1768.0,1764.41,1765.31,9206.0412
2026-07-05 06:45:00,1765.3,1766.2,1763.33,1764.69,13080.7887
2026-07-05 07:00:00,1764.69,1765.66,1763.11,1763.11,13944.9273
2026-07-05 07:15:00,1763.11,1765.29,1761.76,1763.09,7070.1452
2026-07-05 07:30:00,1763.09,1768.61,1763.08,1767.68,6209.1983
2026-07-05 07:45:00,1767.68,1772.35,1766.07,1770.1,7150.7883
2026-07-05 08:00:00,1770.09,1773.27,1766.9,1769.17,9009.7985
2026-07-05 08:15:00,1769.17,1770.43,1766.7,1767.48,9060.9443
2026-07-05 08:30:00,1767.49,1769.87,1766.46,1767.78,8526.8938
2026-07-05 08:45:00,1767.78,1770.43,1766.81,1767.71,11172.1772
2026-07-05 09:00:00,1767.72,1767.83,1765.63,1766.27,12401.2348
2026-07-05 09:15:00,1766.27,1767.31,1761.01,1761.19,30894.296
2026-07-05 09:30:00,1761.2,1762.75,1748.79,1752.58,44507.4414
2026-07-05 09:45:00,1752.58,1758.78,1750.31,1757.98,40606.7205
2026-07-05 10:00:00,1757.99,1760.79,1755.03,1759.2,1977.5183
2026-07-05 10:15:00,1759.2,1761.96,1757.61,1758.88,1476.0281
2026-07-05 10:30:00,1758.88,1760.55,1758.54,1759.32,774.0866
2026-07-05 10:45:00,1759.32,1761.75,1759.31,1761.39,825.88
2026-07-05 11:00:00,1761.39,1765.0,1761.39,1763.91,1330.759
2026-07-05 11:15:00,1763.9,1763.9,1758.92,1759.23,1099.8337
2026-07-05 11:30:00,1759.23,1762.46,1758.7,1761.69,1141.2668
2026-07-05 11:45:00,1761.69,1762.93,1759.51,1760.08,1193.5821
2026-07-05 12:00:00,1760.08,1760.18,1756.03,1760.02,1415.6008
2026-07-05 12:15:00,1760.02,1766.87,1760.02,1766.16,1838.624
2026-07-05 12:30:00,1766.15,1769.44,1763.88,1764.57,1026.5429
2026-07-05 12:45:00,1764.58,1766.01,1764.14,1765.12,468.6847
2026-07-05 13:00:00,1765.12,1767.55,1763.16,1765.22,666.6514
2026-07-05 13:15:00,1765.22,1766.06,1761.51,1763.53,820.507
2026-07-05 13:30:00,1763.54,1765.14,1762.75,1765.12,547.0653
2026-07-05 13:45:00,1765.13,1767.08,1765.13,1766.26,912.4962
2026-07-05 14:00:00,1766.25,1768.75,1764.96,1767.66,918.0309
2026-07-05 14:15:00,1767.66,1767.99,1765.2,1767.43,687.3984
2026-07-05 14:30:00,1767.43,1771.44,1765.0,1768.79,1419.5002
2026-07-05 14:45:00,1768.79,1772.77,1767.22,1772.56,814.6006
2026-07-05 15:00:00,1772.56,1781.28,1771.22,1774.5,3827.0603
2026-07-05 15:15:00,1774.5,1775.89,1772.57,1774.69,1521.2489
2026-07-05 15:30:00,1774.69,1778.94,1770.28,1771.46,1087.8484
2026-07-05 15:45:00,1771.46,1776.06,1770.11,1774.67,2026.127
2026-07-05 16:00:00,1774.66,1777.5,1773.29,1774.01,1152.6771
2026-07-05 16:15:00,1774.01,1774.5,1770.97,1771.3,695.3836
2026-07-05 16:30:00,1771.29,1773.49,1770.31,1770.98,908.3654
2026-07-05 16:45:00,1770.97,1773.6,1770.46,1773.0,1721.5508
2026-07-05 17:00:00,1773.0,1777.24,1772.99,1776.62,1021.848
2026-07-05 17:15:00,1776.62,1785.75,1775.88,1778.91,3151.9404
2026-07-05 17:30:00,1778.91,1782.7,1776.36,1776.67,1862.9532
2026-07-05 17:45:00,1776.67,1780.81,1776.5,1779.48,771.1024
2026-07-05 18:00:00,1779.47,1781.64,1777.8,1778.55,879.8544
2026-07-05 18:15:00,1778.55,1781.2,1778.55,1779.67,656.4059
2026-07-05 18:30:00,1779.68,1781.73,1778.74,1780.96,774.801
2026-07-05 18:45:00,1780.97,1786.23,1779.74,1781.28,1729.2562
2026-07-05 19:00:00,1781.28,1784.23,1780.46,1783.45,544.8
2026-07-05 19:15:00,1783.45,1784.52,1777.7,1780.1,1052.1078
2026-07-05 19:30:00,1780.09,1782.51,1779.38,1782.07,903.0893
2026-07-05 19:45:00,1782.08,1782.88,1780.31,1781.43,377.4045
2026-07-05 20:00:00,1781.44,1783.53,1780.25,1781.03,569.1713
2026-07-05 20:15:00,1781.02,1781.51,1776.36,1777.48,789.0433
2026-07-05 20:30:00,1777.49,1777.91,1776.26,1777.69,346.9745
2026-07-05 20:45:00,1777.7,1778.2,1777.1,1777.1,210.4514
2026-07-05 21:00:00,1777.1,1777.27,1769.29,1773.12,2791.5271
2026-07-05 21:15:00,1773.12,1782.96,1772.36,1780.71,1890.3528
2026-07-05 21:30:00,1780.71,1786.23,1778.53,1782.85,2016.7522
2026-07-05 21:45:00,1782.85,1793.25,1780.95,1786.88,4104.6308
2026-07-05 22:00:00,1786.91,1793.22,1784.34,1792.73,2377.6415
2026-07-05 22:15:00,1792.72,1804.0,1791.04,1801.59,7130.0049
2026-07-05 22:30:00,1801.6,1808.0,1787.84,1789.72,7035.5267
2026-07-05 22:45:00,1789.73,1792.31,1786.19,1790.0,3214.4164
2026-07-05 23:00:00,1789.99,1801.25,1788.79,1801.08,2853.3661
2026-07-05 23:15:00,1801.08,1802.75,1790.59,1791.89,2614.0987
2026-07-05 23:30:00,1791.89,1793.21,1788.19,1789.54,1116.6809
2026-07-05 23:45:00,1789.54,1789.54,1782.75,1785.65,2715.1701
2026-07-06 00:00:00,1785.65,1787.86,1780.21,1786.61,2827.2577
2026-07-06 00:15:00,1786.61,1790.32,1776.27,1777.98,2735.2933
2026-07-06 00:30:00,1777.98,1788.65,1774.35,1788.11,2177.834
2026-07-06 00:45:00,1788.12,1794.13,1786.68,1793.28,2472.4632
2026-07-06 01:00:00,1793.27,1795.28,1791.0,1792.94,1378.0036
2026-07-06 01:15:00,1792.95,1793.58,1786.09,1789.83,1069.6854
2026-07-06 01:30:00,1789.84,1799.02,1788.91,1792.23,2178.6605
2026-07-06 01:45:00,1792.23,1792.23,1785.4,1786.31,1048.0978
2026-07-06 02:00:00,1786.31,1788.68,1780.87,1782.0,1630.7989
2026-07-06 02:15:00,1782.0,1790.28,1781.81,1785.0,1784.5518
2026-07-06 02:30:00,1785.0,1788.05,1780.08,1780.98,1359.6806
2026-07-06 02:45:00,1780.99,1784.56,1779.26,1783.71,1535.4439
2026-07-06 03:00:00,1783.71,1784.99,1781.5,1782.42,1064.8837
2026-07-06 03:15:00,1782.42,1783.18,1774.64,1777.57,2442.3531
2026-07-06 03:30:00,1777.57,1780.28,1772.22,1776.4,2207.438
2026-07-06 03:45:00,1776.39,1779.87,1776.02,1779.71,934.9133
2026-07-06 04:00:00,1779.7,1782.39,1777.34,1781.0,1253.4309
2026-07-06 04:15:00,1781.0,1782.46,1776.47,1778.16,2537.3942
2026-07-06 04:30:00,1778.15,1784.79,1776.34,1782.54,1520.9705
2026-07-06 04:45:00,1782.55,1782.95,1777.04,1777.98,3797.9661
2026-07-06 05:00:00,1777.98,1778.18,1773.54,1775.64,1127.4369
2026-07-06 05:15:00,1775.64,1776.55,1766.48,1767.61,3173.5433
2026-07-06 05:30:00,1767.61,1774.34,1764.42,1772.4,2440.7802
2026-07-06 05:45:00,1772.39,1776.11,1771.83,1774.06,1135.4856
2026-07-06 06:00:00,1774.06,1775.28,1771.37,1773.46,1038.0591
2026-07-06 06:15:00,1773.46,1774.56,1770.05,1772.64,994.5034
2026-07-06 06:30:00,1772.64,1774.44,1770.01,1774.44,740.4078
2026-07-06 06:45:00,1774.45,1774.77,1769.23,1769.63,1207.8937
2026-07-06 07:00:00,1769.64,1771.56,1766.98,1770.53,1290.9925
2026-07-06 07:15:00,1770.53,1773.39,1769.75,1770.86,1893.3854
2026-07-06 07:30:00,1770.86,1775.0,1768.53,1775.0,1708.7211
2026-07-06 07:45:00,1774.99,1775.54,1772.25,1772.32,1042.8859
2026-07-06 08:00:00,1772.32,1778.6,1772.04,1773.19,1895.4287
2026-07-06 08:15:00,1773.19,1773.66,1770.83,1772.16,1065.4305
2026-07-06 08:30:00,1772.16,1772.16,1763.08,1766.47,2679.2991
2026-07-06 08:45:00,1766.47,1767.63,1765.0,1765.55,1940.1207
2026-07-06 09:00:00,1765.54,1766.3,1763.15,1763.48,1236.934
2026-07-06 09:15:00,1763.48,1765.64,1760.66,1762.44,1798.558
2026-07-06 09:30:00,1762.45,1762.61,1756.0,1757.35,3054.6703
2026-07-06 09:45:00,1757.34,1760.19,1755.77,1758.67,2924.0694
2026-07-06 10:00:00,1758.67,1766.86,1758.24,1766.14,3658.3745
2026-07-06 10:15:00,1766.14,1768.0,1765.61,1767.08,1928.0516
2026-07-06 10:30:00,1767.08,1774.32,1766.53,1772.76,2347.0185
2026-07-06 10:45:00,1772.77,1772.84,1769.45,1771.09,1348.6776
2026-07-06 11:00:00,1771.1,1773.5,1768.02,1768.52,1788.9574
2026-07-06 11:15:00,1768.51,1771.87,1767.67,1769.39,646.0337
2026-07-06 11:30:00,1769.39,1775.65,1768.91,1773.0,1273.4089
2026-07-06 11:45:00,1773.0,1774.06,1759.59,1759.64,3753.498
2026-07-06 12:00:00,1759.64,1760.92,1735.59,1747.75,23170.1926
2026-07-06 12:15:00,1747.76,1752.77,1746.22,1749.99,4788.5065
2026-07-06 12:30:00,1749.99,1752.55,1739.09,1740.65,3144.9182
2026-07-06 12:45:00,1740.64,1746.01,1735.27,1740.85,5194.5284
2026-07-06 13:00:00,1740.85,1741.85,1731.84,1735.06,6732.5469
2026-07-06 13:15:00,1735.07,1738.71,1732.16,1735.18,3177.1561
2026-07-06 13:30:00,1735.16,1745.0,1728.95,1744.74,7616.6483
2026-07-06 13:45:00,1744.74,1753.54,1741.98,1744.89,5917.083
2026-07-06 14:00:00,1744.89,1750.39,1742.97,1747.98,2164.8128
2026-07-06 14:15:00,1747.98,1763.14,1742.1,1751.77,6643.0188
2026-07-06 14:30:00,1751.77,1756.15,1749.45,1752.4,2741.6193
2026-07-06 14:45:00,1752.41,1753.43,1745.55,1751.78,1443.6824
2026-07-06 15:00:00,1751.79,1766.9,1751.56,1763.49,5580.4992
2026-07-06 15:15:00,1763.49,1766.65,1758.86,1765.75,3703.5712
2026-07-06 15:30:00,1765.74,1782.0,1759.72,1777.73,8775.1611
2026-07-06 15:45:00,1777.76,1788.96,1771.39,1788.57,11388.543
2026-07-06 16:00:00,1788.57,1804.0,1782.42,1800.41,13847.6929
2026-07-06 16:15:00,1800.41,1805.0,1785.68,1788.01,15080.6411
2026-07-06 16:30:00,1788.0,1797.41,1787.5,1795.1,3888.839
2026-07-06 16:45:00,1795.1,1796.69,1790.31,1792.51,2207.2183
2026-07-06 17:00:00,1792.5,1796.7,1789.28,1793.36,2986.1638
2026-07-06 17:15:00,1793.37,1800.4,1793.37,1796.02,3802.3401
2026-07-06 17:30:00,1796.03,1797.33,1788.02,1789.52,3864.9509
2026-07-06 17:45:00,1789.51,1793.13,1787.3,1788.26,4304.9232
2026-07-06 18:00:00,1788.27,1791.05,1786.76,1789.37,1791.6758
2026-07-06 18:15:00,1789.38,1796.24,1787.46,1792.53,1567.1906
2026-07-06 18:30:00,1792.54,1796.15,1790.77,1794.04,1198.8498
2026-07-06 18:45:00,1794.03,1795.66,1792.2,1792.68,1002.5429
2026-07-06 19:00:00,1792.69,1795.62,1791.18,1795.28,1016.8943
2026-07-06 19:15:00,1795.28,1798.8,1794.06,1797.0,1386.7573
2026-07-06 19:30:00,1797.0,1797.0,1793.15,1795.96,1240.3052
2026-07-06 19:45:00,1795.96,1797.36,1792.01,1792.76,1398.2574
2026-07-06 20:00:00,1792.76,1793.31,1787.26,1788.42,982.2592
2026-07-06 20:15:00,1788.42,1791.38,1787.47,1791.29,561.1956
2026-07-06 20:30:00,1791.29,1796.18,1790.97,1793.23,1520.9434
2026-07-06 20:45:00,1793.24,1796.4,1791.74,1793.04,1751.0273
2026-07-06 21:00:00,1793.04,1833.4,1792.63,1819.2,25771.0058
2026-07-06 21:15:00,1819.2,1820.71,1813.16,1813.42,3576.8588
2026-07-06 21:30:00,1813.41,1815.53,1807.27,1814.29,3645.2911
2026-07-06 21:45:00,1814.3,1819.68,1812.02,1814.88,2809.6235
2026-07-06 22:00:00,1814.88,1816.82,1811.91,1814.12,1853.4417
2026-07-06 22:15:00,1814.11,1816.32,1809.11,1809.31,1734.0973
2026-07-06 22:30:00,1809.31,1809.83,1806.37,1808.12,1303.9269
2026-07-06 22:45:00,1808.13,1808.55,1804.7,1806.3,1577.3404
2026-07-06 23:00:00,1806.29,1810.08,1805.46,1808.41,1329.0743
2026-07-06 23:15:00,1808.41,1808.66,1802.05,1803.51,1498.4572
2026-07-06 23:30:00,1803.51,1804.67,1800.28,1800.44,1477.5577
2026-07-06 23:45:00,1800.45,1801.45,1797.55,1799.56,2629.7535
2026-07-07 00:00:00,1799.56,1801.55,1797.55,1797.88,1460.8494
2026-07-07 00:15:00,1797.88,1810.16,1794.86,1806.04,3751.1424
2026-07-07 00:30:00,1806.05,1807.79,1798.32,1801.51,2258.8771
2026-07-07 00:45:00,1801.5,1806.64,1800.71,1803.74,787.9966
2026-07-07 01:00:00,1803.74,1803.74,1787.35,1795.39,5614.0511
2026-07-07 01:15:00,1795.39,1796.8,1790.64,1791.75,910.4141
2026-07-07 01:30:00,1791.76,1795.24,1788.1,1795.19,2759.3045
2026-07-07 01:45:00,1795.19,1797.9,1791.89,1792.64,1656.5108
2026-07-07 02:00:00,1792.65,1794.48,1790.39,1791.84,1111.967
2026-07-07 02:15:00,1791.84,1793.11,1778.11,1779.92,4702.1758
2026-07-07 02:30:00,1779.93,1784.34,1777.0,1783.88,2567.4438
2026-07-07 02:45:00,1783.88,1784.73,1777.0,1778.57,1320.5636
2026-07-07 03:00:00,1778.57,1781.56,1777.2,1778.63,2000.2466
2026-07-07 03:15:00,1778.63,1779.97,1773.41,1774.15,2720.6392
2026-07-07 03:30:00,1774.15,1775.66,1769.0,1771.65,2296.5435
2026-07-07 03:45:00,1771.64,1772.2,1768.85,1771.56,1505.9187
2026-07-07 04:00:00,1771.55,1773.71,1768.6,1771.26,2639.2379
2026-07-07 04:15:00,1771.25,1772.72,1769.13,1771.88,1443.9832
2026-07-07 04:30:00,1771.88,1772.21,1765.23,1765.44,2165.4515
2026-07-07 04:45:00,1765.44,1767.41,1762.66,1766.53,2081.6562
2026-07-07 05:00:00,1766.52,1767.31,1757.57,1758.22,3180.1663
2026-07-07 05:15:00,1758.21,1763.71,1757.66,1761.41,2357.5612
2026-07-07 05:30:00,1761.41,1770.0,1761.41,1769.01,2732.3955
2026-07-07 05:45:00,1769.01,1773.71,1768.57,1770.58,2024.7212
2026-07-07 06:00:00,1770.57,1774.05,1764.84,1766.62,4243.8039
2026-07-07 06:15:00,1766.62,1771.28,1766.62,1770.89,2788.4651
2026-07-07 06:30:00,1770.89,1776.19,1769.82,1775.42,2379.8975
2026-07-07 06:45:00,1775.42,1782.39,1774.58,1779.11,3505.7858
2026-07-07 07:00:00,1779.11,1782.59,1778.05,1781.86,1188.248
2026-07-07 07:15:00,1781.85,1781.97,1777.23,1778.12,1179.1606
2026-07-07 07:30:00,1778.11,1778.94,1771.1,1773.14,1962.2253
2026-07-07 07:45:00,1773.15,1775.67,1771.08,1771.24,1080.938
2026-07-07 08:00:00,1771.23,1775.8,1768.6,1772.88,3018.7471
2026-07-07 08:15:00,1772.88,1774.97,1770.14,1772.14,1220.7275
2026-07-07 08:30:00,1772.14,1772.61,1768.37,1770.74,2126.2428
2026-07-07 08:45:00,1770.75,1772.83,1768.97,1770.78,1668.7102
2026-07-07 09:00:00,1770.77,1774.49,1768.81,1774.48,1975.5932
2026-07-07 09:15:00,1774.48,1775.0,1772.1,1773.29,1815.1178
2026-07-07 09:30:00,1773.29,1779.49,1773.03,1779.08,2582.9174
2026-07-07 09:45:00,1779.08,1783.04,1775.48,1778.16,2052.1271
2026-07-07 10:00:00,1778.16,1784.66,1778.0,1779.96,2018.413
2026-07-07 10:15:00,1779.96,1783.63,1779.18,1779.18,1055.8172
2026-07-07 10:30:00,1779.17,1779.17,1775.37,1776.68,1551.0902
2026-07-07 10:45:00,1776.68,1777.4,1774.35,1775.8,2115.52
2026-07-07 11:00:00,1775.8,1775.81,1772.0,1773.19,1333.3823
2026-07-07 11:15:00,1773.19,1779.6,1772.8,1777.14,733.3416
2026-07-07 11:30:00,1777.13,1780.64,1775.26,1780.63,703.6784
2026-07-07 11:45:00,1780.64,1785.0,1778.43,1780.77,1748.4422
2026-07-07 12:00:00,1780.77,1792.55,1780.27,1791.08,4781.9092
2026-07-07 12:15:00,1791.09,1794.57,1788.0,1791.13,3133.3279
2026-07-07 12:30:00,1791.13,1791.18,1784.09,1785.8,1527.654
2026-07-07 12:45:00,1785.79,1785.79,1781.33,1781.97,1045.5747
2026-07-07 13:00:00,1781.97,1783.28,1774.78,1777.05,2090.2641
2026-07-07 13:15:00,1777.05,1778.26,1770.0,1771.85,2178.7229
2026-07-07 13:30:00,1771.86,1776.22,1766.06,1772.47,5781.1839
2026-07-07 13:45:00,1772.46,1781.97,1766.24,1769.01,5962.5731
2026-07-07 14:00:00,1769.02,1778.57,1763.43,1767.22,4865.7527
2026-07-07 14:15:00,1767.23,1772.48,1765.18,1772.2,4562.1421
2026-07-07 14:30:00,1772.2,1777.3,1761.19,1770.36,6237.1247
2026-07-07 14:45:00,1770.36,1792.93,1770.36,1789.46,6321.7818
2026-07-07 15:00:00,1789.45,1791.63,1783.0,1785.95,3566.3977
2026-07-07 15:15:00,1785.94,1795.68,1785.5,1792.73,3517.8258
2026-07-07 15:30:00,1792.74,1799.36,1790.83,1795.39,5220.3783
2026-07-07 15:45:00,1795.38,1803.03,1795.31,1797.45,4339.1715
2026-07-07 16:00:00,1797.45,1800.33,1793.0,1795.18,3059.4808
2026-07-07 16:15:00,1795.19,1805.05,1792.44,1802.52,3970.3105
2026-07-07 16:30:00,1802.52,1806.27,1798.98,1805.32,2142.2213
2026-07-07 16:45:00,1805.32,1813.16,1801.29,1802.23,4854.2041
2026-07-07 17:00:00,1802.23,1807.24,1800.77,1804.5,2613.5642
2026-07-07 17:15:00,1804.5,1806.31,1798.54,1806.26,1827.3111
2026-07-07 17:30:00,1806.27,1808.41,1803.87,1808.35,1687.6484
2026-07-07 17:45:00,1808.36,1810.39,1805.05,1810.39,2203.7623
2026-07-07 18:00:00,1810.39,1810.39,1802.65,1803.91,1636.6151
2026-07-07 18:15:00,1803.91,1806.9,1800.29,1800.76,2650.4965
2026-07-07 18:30:00,1800.77,1804.57,1799.02,1804.57,1371.4537
2026-07-07 18:45:00,1804.57,1804.94,1785.88,1786.6,4573.8747
2026-07-07 19:00:00,1786.6,1789.36,1778.2,1779.63,5978.5843
2026-07-07 19:15:00,1779.62,1784.8,1773.5,1783.14,3922.9783
2026-07-07 19:30:00,1783.14,1791.16,1783.14,1789.56,1852.184
2026-07-07 19:45:00,1789.56,1792.39,1788.73,1790.45,2253.9054
2026-07-07 20:00:00,1790.46,1793.12,1786.01,1789.18,1935.5124
2026-07-07 20:15:00,1789.17,1790.04,1785.72,1787.46,722.7371
2026-07-07 20:30:00,1787.47,1787.67,1783.69,1783.72,793.1374
2026-07-07 20:45:00,1783.72,1784.13,1781.39,1784.12,1597.9694
2026-07-07 21:00:00,1784.12,1789.4,1784.12,1786.3,1604.8448
2026-07-07 21:15:00,1786.3,1786.3,1775.04,1778.49,3786.0903
2026-07-07 21:30:00,1778.48,1778.48,1771.05,1775.28,3528.2871
2026-07-07 21:45:00,1775.28,1778.18,1772.0,1773.84,2330.1957
2026-07-07 22:00:00,1773.83,1777.46,1765.35,1775.44,4084.5872
2026-07-07 22:15:00,1775.44,1777.19,1770.36,1772.73,1118.24
2026-07-07 22:30:00,1772.72,1778.57,1771.83,1777.54,1084.0291
2026-07-07 22:45:00,1777.54,1777.54,1775.05,1775.55,788.3538
2026-07-07 23:00:00,1775.55,1780.06,1774.52,1778.59,1104.0426
2026-07-07 23:15:00,1778.59,1780.94,1778.0,1779.99,568.5458
2026-07-07 23:30:00,1779.99,1780.77,1772.25,1772.44,1107.5452
2026-07-07 23:45:00,1772.43,1773.16,1768.0,1771.45,1554.0189
2026-07-08 00:00:00,1771.45,1775.61,1770.02,1774.58,1062.7315
2026-07-08 00:15:00,1774.59,1782.01,1771.94,1779.7,2551.5411
2026-07-08 00:30:00,1779.71,1785.0,1777.3,1783.05,1785.881
2026-07-08 00:45:00,1783.05,1783.35,1779.04,1780.29,2405.0929
2026-07-08 01:00:00,1780.29,1780.75,1775.99,1779.75,1956.5767
2026-07-08 01:15:00,1779.75,1779.75,1772.93,1772.93,1127.343
2026-07-08 01:30:00,1772.94,1773.35,1750.0,1759.31,9632.3049
2026-07-08 01:45:00,1759.3,1762.47,1752.61,1755.94,3056.9463
2026-07-08 02:00:00,1755.93,1757.17,1750.0,1751.25,3560.1066
2026-07-08 02:15:00,1751.26,1755.54,1749.38,1752.21,3139.3831
2026-07-08 02:30:00,1752.21,1755.34,1741.21,1755.33,5237.0142
2026-07-08 02:45:00,1755.34,1759.67,1754.9,1757.62,2236.1523
2026-07-08 03:00:00,1757.63,1763.54,1757.63,1762.33,1769.1625
2026-07-08 03:15:00,1762.33,1763.87,1760.48,1763.28,1756.6606
2026-07-08 03:30:00,1763.27,1763.28,1756.52,1757.59,1606.3422
2026-07-08 03:45:00,1757.59,1757.63,1749.21,1751.78,2777.1741
2026-07-08 04:00:00,1751.74,1755.91,1749.49,1753.9,1738.336
2026-07-08 04:15:00,1753.91,1758.0,1753.91,1757.29,1272.3055
2026-07-08 04:30:00,1757.3,1758.0,1751.73,1754.12,1505.2445
2026-07-08 04:45:00,1754.13,1756.51,1752.01,1756.5,1089.3155
2026-07-08 05:00:00,1756.5,1759.69,1755.33,1756.4,1345.5554
2026-07-08 05:15:00,1756.41,1757.93,1754.11,1755.78,884.1063
2026-07-08 05:30:00,1755.77,1756.1,1751.82,1752.41,1215.0452
2026-07-08 05:45:00,1752.41,1755.17,1750.65,1754.14,1558.2494
2026-07-08 06:00:00,1754.15,1754.29,1750.63,1752.29,1467.1511
2026-07-08 06:15:00,1752.29,1754.28,1748.47,1751.58,2147.3898
2026-07-08 06:30:00,1751.57,1752.24,1746.34,1747.93,1820.2424
2026-07-08 06:45:00,1747.93,1755.0,1747.25,1751.81,1858.7198
2026-07-08 07:00:00,1751.81,1752.4,1745.01,1751.21,2161.8579
2026-07-08 07:15:00,1751.21,1753.45,1747.87,1753.06,1146.4261
2026-07-08 07:30:00,1753.07,1757.05,1752.48,1754.94,2566.5589
2026-07-08 07:45:00,1754.94,1757.4,1754.51,1756.7,1605.6909
2026-07-08 08:00:00,1756.7,1758.7,1754.79,1757.38,1961.908
2026-07-08 08:15:00,1757.39,1757.98,1731.07,1731.15,11458.5487
2026-07-08 08:30:00,1731.14,1736.85,1725.18,1733.2,14405.5619
2026-07-08 08:45:00,1733.21,1743.11,1732.92,1735.32,4730.3847
2026-07-08 09:00:00,1735.32,1737.55,1732.33,1733.27,2486.1112
2026-07-08 09:15:00,1733.27,1735.29,1729.7,1735.04,3131.8453
2026-07-08 09:30:00,1735.04,1740.77,1734.88,1740.61,3278.7001
2026-07-08 09:45:00,1740.62,1740.7,1735.74,1736.05,1562.4245
2026-07-08 10:00:00,1736.06,1737.99,1732.6,1735.98,1492.8501
2026-07-08 10:15:00,1735.97,1740.35,1735.06,1739.89,1354.7222
2026-07-08 10:30:00,1739.89,1742.3,1738.49,1740.83,1397.6049
2026-07-08 10:45:00,1740.83,1740.83,1738.13,1739.34,1172.9575
2026-07-08 11:00:00,1739.34,1740.38,1736.02,1737.75,1238.1779
2026-07-08 11:15:00,1737.75,1740.5,1737.13,1738.57,793.1918
2026-07-08 11:30:00,1738.58,1748.05,1736.21,1746.24,3318.4094
2026-07-08 11:45:00,1746.23,1750.96,1744.0,1747.95,3012.9762
2026-07-08 12:00:00,1747.95,1751.25,1745.23,1747.73,2460.3727
2026-07-08 12:15:00,1747.74,1749.66,1746.0,1747.49,1255.6546
2026-07-08 12:30:00,1747.48,1747.8,1743.4,1744.0,1572.6943
2026-07-08 12:45:00,1744.0,1747.1,1738.2,1738.58,2773.4625
2026-07-08 13:00:00,1738.58,1742.93,1737.42,1740.03,2739.4595
2026-07-08 13:15:00,1740.03,1741.0,1733.89,1736.57,2356.6706
2026-07-08 13:30:00,1736.59,1744.25,1736.59,1739.36,3963.5735
2026-07-08 13:45:00,1739.35,1739.82,1731.22,1737.72,3488.8713
2026-07-08 14:00:00,1737.71,1740.62,1734.9,1735.6,2834.3227
2026-07-08 14:15:00,1735.6,1740.95,1726.06,1732.82,4732.0838
2026-07-08 14:30:00,1732.81,1733.87,1728.0,1729.77,2265.0668
2026-07-08 14:45:00,1729.77,1733.23,1722.13,1729.62,4453.3088
2026-07-08 15:00:00,1729.62,1730.53,1716.73,1717.53,6107.519
2026-07-08 15:15:00,1717.54,1720.45,1713.44,1717.47,5345.4874
2026-07-08 15:30:00,1717.46,1723.54,1716.35,1719.56,2292.1941
2026-07-08 15:45:00,1719.55,1723.94,1718.33,1722.96,3592.8555
2026-07-08 16:00:00,1722.96,1728.95,1722.78,1726.58,2410.5938
2026-07-08 16:15:00,1726.58,1733.52,1725.19,1731.23,1974.8758
2026-07-08 16:30:00,1731.22,1737.5,1726.82,1735.89,3062.4372
2026-07-08 16:45:00,1735.89,1738.18,1733.18,1736.38,1783.5222
2026-07-08 17:00:00,1736.39,1738.08,1732.81,1734.01,3218.3692
2026-07-08 17:15:00,1734.01,1743.0,1734.0,1743.0,1962.7147
2026-07-08 17:30:00,1742.99,1746.52,1740.68,1740.86,2230.2066
2026-07-08 17:45:00,1740.85,1740.88,1730.96,1733.15,3239.5621
2026-07-08 18:00:00,1733.16,1740.32,1732.34,1740.06,1952.7775
2026-07-08 18:15:00,1740.05,1740.36,1735.75,1737.0,1526.2295
2026-07-08 18:30:00,1737.0,1737.0,1730.03,1732.35,1472.8829
2026-07-08 18:45:00,1732.34,1741.2,1732.0,1737.46,1650.6086
2026-07-08 19:00:00,1737.46,1740.39,1733.81,1734.16,1062.784
2026-07-08 19:15:00,1734.17,1738.74,1733.61,1738.17,771.0947
2026-07-08 19:30:00,1738.16,1740.48,1738.06,1740.47,1072.2924
2026-07-08 19:45:00,1740.47,1741.52,1734.22,1740.98,1993.7619
2026-07-08 20:00:00,1740.99,1741.31,1735.57,1738.13,1497.7505
2026-07-08 20:15:00,1738.12,1739.36,1734.62,1739.35,1100.8777
2026-07-08 20:30:00,1739.35,1739.41,1734.93,1737.68,880.0664
2026-07-08 20:45:00,1737.68,1738.67,1735.67,1736.42,756.7476
2026-07-08 21:00:00,1736.42,1737.53,1731.41,1733.07,1027.3869
2026-07-08 21:15:00,1733.07,1735.34,1732.02,1735.33,584.8586
2026-07-08 21:30:00,1735.33,1737.0,1733.04,1735.23,743.6757
2026-07-08 21:45:00,1735.23,1740.0,1734.81,1738.06,615.699
2026-07-08 22:00:00,1738.07,1743.43,1737.9,1738.35,1167.5742
2026-07-08 22:15:00,1738.34,1740.18,1736.83,1739.64,534.3154
2026-07-08 22:30:00,1739.65,1741.0,1738.28,1740.23,523.8684
2026-07-08 22:45:00,1740.22,1741.6,1738.95,1741.4,507.9055
2026-07-08 23:00:00,1741.39,1744.0,1739.93,1741.77,786.0134
2026-07-08 23:15:00,1741.78,1742.35,1739.58,1740.65,782.716
2026-07-08 23:30:00,1740.64,1742.73,1738.82,1742.14,1027.8688
2026-07-08 23:45:00,1742.13,1744.81,1740.46,1743.54,1236.609
2026-07-09 00:00:00,1743.55,1744.25,1740.14,1742.96,1774.5195
2026-07-09 00:15:00,1742.96,1743.25,1738.89,1741.9,993.5286
2026-07-09 00:30:00,1741.91,1744.68,1737.79,1740.29,894.2743
2026-07-09 00:45:00,1740.29,1741.92,1736.98,1738.22,897.1317
2026-07-09 01:00:00,1738.22,1756.79,1737.77,1747.94,5854.5946
2026-07-09 01:15:00,1747.94,1751.86,1744.86,1746.66,2238.4364
2026-07-09 01:30:00,1746.66,1747.33,1734.25,1736.6,2076.1229
2026-07-09 01:45:00,1736.61,1736.91,1730.29,1731.79,2382.1766
2026-07-09 02:00:00,1731.8,1739.47,1728.67,1737.96,1865.9229
2026-07-09 02:15:00,1737.96,1738.76,1734.0,1735.44,928.9464
2026-07-09 02:30:00,1735.44,1735.49,1726.69,1726.71,1672.9393
2026-07-09 02:45:00,1726.71,1728.98,1723.6,1727.3,1763.0374
2026-07-09 03:00:00,1727.3,1728.14,1723.59,1728.01,1320.7404
2026-07-09 03:15:00,1728.02,1730.07,1721.93,1729.3,1202.6012
2026-07-09 03:30:00,1729.31,1734.61,1727.63,1730.68,1144.7848
2026-07-09 03:45:00,1730.68,1731.26,1728.56,1730.7,780.8494
2026-07-09 04:00:00,1730.7,1733.73,1730.35,1731.33,1080.036
2026-07-09 04:15:00,1731.34,1734.0,1730.84,1733.66,613.7551
2026-07-09 04:30:00,1733.65,1741.36,1733.51,1740.17,1915.3674
2026-07-09 04:45:00,1740.18,1743.94,1738.33,1742.51,2142.9708
2026-07-09 05:00:00,1742.51,1748.46,1739.75,1744.39,2425.9376
2026-07-09 05:15:00,1744.39,1745.46,1738.51,1739.33,1872.3976
2026-07-09 05:30:00,1739.34,1743.16,1737.46,1742.76,990.5345
2026-07-09 05:45:00,1742.76,1749.48,1742.15,1749.39,2074.9251
2026-07-09 06:00:00,1749.38,1753.7,1745.91,1747.74,3507.6955
2026-07-09 06:15:00,1747.73,1755.6,1746.32,1752.94,3112.5065
2026-07-09 06:30:00,1752.94,1755.27,1751.63,1755.26,1939.0037
2026-07-09 06:45:00,1755.26,1755.69,1752.86,1755.26,1684.0303
2026-07-09 07:00:00,1755.27,1762.36,1752.14,1753.81,3750.8547
2026-07-09 07:15:00,1753.82,1757.29,1749.83,1752.48,5497.1532
2026-07-09 07:30:00,1752.48,1756.04,1750.97,1756.0,2464.1914
2026-07-09 07:45:00,1756.0,1761.71,1752.18,1753.31,2555.7865
2026-07-09 08:00:00,1753.3,1754.71,1750.92,1754.24,1400.8983
2026-07-09 08:15:00,1754.23,1758.06,1753.88,1758.06,1348.5242
2026-07-09 08:30:00,1758.05,1758.68,1756.48,1757.77,1301.8611
2026-07-09 08:45:00,1757.77,1757.78,1752.59,1754.45,910.6109
2026-07-09 09:00:00,1754.45,1755.03,1751.4,1752.59,1518.3568
2026-07-09 09:15:00,1752.58,1754.19,1751.21,1753.65,1425.9811
2026-07-09 09:30:00,1753.65,1755.41,1749.47,1750.08,1159.9813
2026-07-09 09:45:00,1750.09,1756.52,1749.49,1755.78,996.1274
2026-07-09 10:00:00,1755.77,1757.34,1754.83,1755.68,896.2785
2026-07-09 10:15:00,1755.67,1756.56,1752.3,1752.7,753.0095
2026-07-09 10:30:00,1752.69,1754.48,1751.87,1752.65,690.3052
2026-07-09 10:45:00,1752.65,1752.66,1744.1,1746.31,2042.4463
2026-07-09 11:00:00,1746.31,1748.49,1745.77,1748.39,1363.2532
2026-07-09 11:15:00,1748.39,1748.39,1741.26,1742.44,1542.8294
2026-07-09 11:30:00,1742.45,1744.3,1741.54,1742.46,1293.4118
2026-07-09 11:45:00,1742.46,1745.7,1741.4,1744.02,1576.1199
2026-07-09 12:00:00,1744.02,1745.51,1739.16,1740.69,2304.5166
2026-07-09 12:15:00,1740.69,1743.44,1738.47,1741.05,6113.0884
2026-07-09 12:30:00,1741.06,1747.2,1737.35,1738.7,5165.4509
2026-07-09 12:45:00,1738.71,1743.4,1734.7,1741.8,5720.889
2026-07-09 13:00:00,1741.8,1750.55,1741.7,1748.99,2409.6964
2026-07-09 13:15:00,1748.99,1749.0,1742.43,1743.86,1555.0727
2026-07-09 13:30:00,1743.86,1745.98,1735.94,1745.98,6195.0521
2026-07-09 13:45:00,1745.97,1752.0,1740.39,1746.99,2731.8441
2026-07-09 14:00:00,1746.99,1749.83,1740.94,1742.35,1426.75
2026-07-09 14:15:00,1742.35,1742.35,1733.36,1740.37,7546.7189
2026-07-09 14:30:00,1740.38,1744.04,1736.34,1741.13,1744.4401
2026-07-09 14:45:00,1741.13,1744.01,1737.0,1743.14,1903.7225
2026-07-09 15:00:00,1743.14,1747.76,1740.0,1745.43,2050.388
2026-07-09 15:15:00,1745.42,1749.37,1741.53,1742.63,1451.923
2026-07-09 15:30:00,1742.63,1745.43,1738.71,1741.05,1354.5454
2026-07-09 15:45:00,1741.05,1742.95,1737.52,1739.51,1084.6154
2026-07-09 16:00:00,1739.51,1743.84,1737.78,1738.66,1142.9196
2026-07-09 16:15:00,1738.66,1739.45,1731.99,1736.16,1453.4326
2026-07-09 16:30:00,1736.16,1740.25,1735.14,1738.66,1101.6321
2026-07-09 16:45:00,1738.66,1739.8,1735.17,1739.25,1869.8535
2026-07-09 17:00:00,1739.25,1742.25,1738.46,1739.57,867.3742
2026-07-09 17:15:00,1739.58,1744.41,1739.58,1742.71,1055.1708
2026-07-09 17:30:00,1742.71,1752.5,1740.47,1749.57,3052.7467
2026-07-09 17:45:00,1749.58,1750.47,1746.32,1748.52,927.4748
2026-07-09 18:00:00,1748.53,1757.59,1747.47,1756.24,2680.1506
2026-07-09 18:15:00,1756.25,1759.82,1751.51,1754.74,2548.1409
2026-07-09 18:30:00,1754.73,1754.82,1752.1,1754.34,2354.4911
2026-07-09 18:45:00,1754.33,1754.68,1749.49,1751.55,782.9008
2026-07-09 19:00:00,1751.56,1751.8,1748.58,1748.97,955.3325
2026-07-09 19:15:00,1748.98,1750.19,1747.12,1749.86,942.6152
2026-07-09 19:30:00,1749.86,1752.95,1748.81,1752.19,843.4924
2026-07-09 19:45:00,1752.18,1752.38,1747.63,1748.51,1357.327
2026-07-09 20:00:00,1748.51,1749.69,1745.66,1746.34,1132.1812
2026-07-09 20:15:00,1746.34,1749.0,1745.27,1748.07,1038.3791
2026-07-09 20:30:00,1748.07,1750.36,1747.17,1749.94,730.2185
2026-07-09 20:45:00,1749.95,1750.11,1747.65,1748.76,389.3724
2026-07-09 21:00:00,1748.77,1750.97,1746.74,1748.37,839.6454
2026-07-09 21:15:00,1748.37,1749.7,1745.94,1746.42,768.4852
2026-07-09 21:30:00,1746.42,1747.43,1745.27,1745.84,792.1063
2026-07-09 21:45:00,1745.83,1748.76,1745.01,1748.17,991.7344
2026-07-09 22:00:00,1748.17,1750.77,1747.08,1748.2,992.7369
2026-07-09 22:15:00,1748.21,1751.08,1747.92,1749.1,656.5756
2026-07-09 22:30:00,1749.11,1750.98,1746.33,1750.08,815.0636
2026-07-09 22:45:00,1750.08,1751.04,1747.5,1747.52,518.1661
2026-07-09 23:00:00,1747.53,1749.07,1746.27,1746.27,581.3891
2026-07-09 23:15:00,1746.28,1748.56,1741.56,1746.43,1879.5144
2026-07-09 23:30:00,1746.44,1747.0,1744.25,1746.9,665.3248
2026-07-09 23:45:00,1746.91,1747.61,1745.16,1745.16,582.8487
2026-07-10 00:00:00,1745.17,1745.41,1741.45,1745.06,910.3029
2026-07-10 00:15:00,1745.06,1746.42,1740.26,1742.07,874.5111
2026-07-10 00:30:00,1742.08,1744.13,1737.68,1740.98,1676.1956
2026-07-10 00:45:00,1740.97,1743.15,1738.09,1743.09,1023.7032
2026-07-10 01:00:00,1743.09,1744.43,1738.25,1742.88,1205.3634
2026-07-10 01:15:00,1742.88,1751.77,1742.7,1750.54,1752.5117
2026-07-10 01:30:00,1750.54,1752.88,1748.13,1749.4,1631.4519
2026-07-10 01:45:00,1749.4,1777.47,1749.38,1767.62,17360.357
2026-07-10 02:00:00,1767.62,1770.31,1764.56,1768.61,3257.7529
2026-07-10 02:15:00,1768.62,1770.54,1765.5,1766.7,1218.3489
2026-07-10 02:30:00,1766.68,1770.0,1765.69,1769.0,1935.0139
2026-07-10 02:45:00,1769.0,1775.0,1767.53,1772.86,3553.4177
2026-07-10 03:00:00,1772.87,1773.42,1769.6,1772.23,1621.967
2026-07-10 03:15:00,1772.23,1773.0,1770.2,1770.52,1588.3284
2026-07-10 03:30:00,1770.52,1776.12,1769.22,1775.89,3219.5962
2026-07-10 03:45:00,1775.88,1779.68,1774.7,1776.12,2521.7095
2026-07-10 04:00:00,1776.13,1779.65,1775.73,1779.32,1867.1998
2026-07-10 04:15:00,1779.32,1780.33,1773.9,1773.9,1513.4265
2026-07-10 04:30:00,1773.91,1777.72,1771.94,1775.79,2008.0156
2026-07-10 04:45:00,1775.79,1777.95,1773.93,1774.75,1547.0406
2026-07-10 05:00:00,1774.74,1775.0,1772.58,1772.64,1175.3633
2026-07-10 05:15:00,1772.64,1774.69,1772.54,1773.77,1170.5638
2026-07-10 05:30:00,1773.78,1779.32,1773.09,1779.15,2213.6683
2026-07-10 05:45:00,1779.14,1780.0,1777.28,1779.04,1369.3988
2026-07-10 06:00:00,1779.04,1779.88,1776.51,1777.95,1877.0666
2026-07-10 06:15:00,1777.95,1777.95,1769.23,1770.48,2302.7492
2026-07-10 06:30:00,1770.47,1773.58,1770.27,1773.11,1268.9596
2026-07-10 06:45:00,1773.1,1774.18,1770.53,1771.17,919.4728
2026-07-10 07:00:00,1771.17,1773.89,1768.57,1773.89,1283.4469
2026-07-10 07:15:00,1773.88,1777.45,1772.6,1776.02,1065.9557
2026-07-10 07:30:00,1776.02,1776.03,1772.13,1772.2,1105.6514
2026-07-10 07:45:00,1772.21,1773.56,1771.49,1773.2,1165.3204
2026-07-10 08:00:00,1773.2,1776.1,1772.63,1776.1,846.5425
2026-07-10 08:15:00,1776.09,1789.59,1776.09,1785.64,5814.126
2026-07-10 08:30:00,1785.65,1789.48,1784.55,1785.52,2030.569
2026-07-10 08:45:00,1785.52,1785.6,1783.22,1783.99,1489.3167
2026-07-10 09:00:00,1783.99,1785.7,1781.27,1783.1,1796.3329
2026-07-10 09:15:00,1783.09,1788.61,1782.98,1788.53,2165.7297
2026-07-10 09:30:00,1788.52,1794.46,1788.12,1792.95,4641.6032
2026-07-10 09:45:00,1792.95,1794.94,1791.28,1792.56,2028.3252
2026-07-10 10:00:00,1792.55,1794.16,1789.45,1790.51,1799.6653
2026-07-10 10:15:00,1790.51,1802.99,1790.51,1800.35,6916.6615
2026-07-10 10:30:00,1800.34,1802.41,1796.25,1799.81,3107.0813
2026-07-10 10:45:00,1799.82,1799.99,1796.96,1797.01,1591.743
2026-07-10 11:00:00,1797.01,1800.0,1797.01,1799.92,3270.0838
2026-07-10 11:15:00,1799.93,1802.0,1796.13,1797.46,2663.9455
2026-07-10 11:30:00,1797.45,1797.8,1794.25,1797.51,2299.1482
2026-07-10 11:45:00,1797.5,1802.41,1797.09,1801.22,3766.8548
2026-07-10 12:00:00,1801.22,1807.18,1798.31,1804.56,5658.0868
2026-07-10 12:15:00,1804.57,1805.0,1799.98,1800.83,3128.5019
2026-07-10 12:30:00,1800.83,1801.0,1794.4,1794.6,3636.861
2026-07-10 12:45:00,1794.6,1795.74,1792.98,1793.95,2399.1328
2026-07-10 13:00:00,1793.95,1796.96,1793.65,1794.54,2374.0159
2026-07-10 13:15:00,1794.55,1798.75,1794.14,1795.51,2196.2754
2026-07-10 13:30:00,1795.51,1803.74,1794.78,1801.52,4032.0849
2026-07-10 13:45:00,1801.53,1812.0,1801.41,1803.82,6094.3429
2026-07-10 14:00:00,1803.82,1804.49,1792.28,1793.43,2852.4182
2026-07-10 14:15:00,1793.44,1794.22,1780.0,1788.97,5713.473
2026-07-10 14:30:00,1788.98,1794.67,1775.0,1788.0,7815.7937
2026-07-10 14:45:00,1787.99,1789.19,1784.07,1785.06,2399.7409
2026-07-10 15:00:00,1785.06,1791.29,1784.03,1788.15,2805.4677
2026-07-10 15:15:00,1788.15,1796.88,1788.15,1793.81,2775.5287
2026-07-10 15:30:00,1793.81,1794.82,1786.4,1788.03,1802.2594
2026-07-10 15:45:00,1788.04,1791.23,1787.13,1791.11,1515.9602
2026-07-10 16:00:00,1791.11,1794.05,1788.08,1793.41,1766.734
2026-07-10 16:15:00,1793.41,1796.26,1789.75,1791.35,1686.3819
2026-07-10 16:30:00,1791.34,1793.2,1785.86,1790.12,2344.5799
2026-07-10 16:45:00,1790.12,1799.53,1789.45,1797.49,1982.5229
2026-07-10 17:00:00,1797.48,1799.0,1791.75,1791.93,2991.1086
2026-07-10 17:15:00,1791.93,1795.0,1789.22,1793.49,1043.384
2026-07-10 17:30:00,1793.49,1793.5,1788.57,1789.33,1135.561
2026-07-10 17:45:00,1789.33,1791.67,1788.02,1788.03,878.9783
2026-07-10 18:00:00,1788.03,1794.0,1788.03,1789.25,1579.793
2026-07-10 18:15:00,1789.26,1792.73,1787.7,1790.14,1221.2024
2026-07-10 18:30:00,1790.14,1790.14,1787.74,1788.56,806.3947
2026-07-10 18:45:00,1788.57,1788.57,1781.2,1784.94,2466.5815
2026-07-10 19:00:00,1784.94,1788.27,1784.1,1787.86,1197.726
2026-07-10 19:15:00,1787.85,1789.58,1785.2,1788.26,861.0176
2026-07-10 19:30:00,1788.26,1797.31,1788.09,1796.0,3012.049
2026-07-10 19:45:00,1796.0,1796.49,1791.91,1792.68,1471.6338
2026-07-10 20:00:00,1792.68,1793.11,1790.23,1792.95,1447.3551
2026-07-10 20:15:00,1792.96,1794.36,1789.65,1791.4,2015.9215
2026-07-10 20:30:00,1791.4,1794.46,1791.28,1791.99,647.6288
2026-07-10 20:45:00,1791.99,1794.15,1790.13,1790.14,1090.1385
2026-07-10 21:00:00,1790.13,1793.14,1789.6,1792.18,1555.7161
2026-07-10 21:15:00,1792.17,1793.98,1791.38,1793.37,907.6467
2026-07-10 21:30:00,1793.37,1796.99,1793.37,1795.71,1263.1208
2026-07-10 21:45:00,1795.71,1795.74,1793.78,1794.37,1279.0194
2026-07-10 22:00:00,1794.37,1796.23,1793.71,1795.94,964.204
2026-07-10 22:15:00,1795.94,1796.51,1792.95,1795.2,923.9358
2026-07-10 22:30:00,1795.21,1795.96,1793.55,1793.62,834.8405
2026-07-10 22:45:00,1793.62,1796.62,1793.35,1795.2,698.9071
2026-07-10 23:00:00,1795.2,1796.49,1792.57,1796.33,684.9364
2026-07-10 23:15:00,1796.34,1798.0,1794.91,1796.1,944.7866
2026-07-10 23:30:00,1796.09,1796.83,1795.4,1796.27,633.2829
2026-07-10 23:45:00,1796.27,1797.43,1795.47,1796.85,637.2131
2026-07-11 00:00:00,1796.85,1797.2,1793.05,1793.58,1420.3095
2026-07-11 00:15:00,1793.58,1795.14,1790.28,1793.65,1002.7351
2026-07-11 00:30:00,1793.64,1794.23,1790.1,1793.65,859.0665
2026-07-11 00:45:00,1793.65,1793.65,1791.56,1793.36,336.8416
2026-07-11 01:00:00,1793.35,1794.99,1791.98,1793.72,595.2182
2026-07-11 01:15:00,1793.72,1799.29,1793.71,1795.76,831.332
2026-07-11 01:30:00,1795.77,1797.33,1789.17,1789.43,1550.011
2026-07-11 01:45:00,1789.43,1793.59,1788.25,1789.09,2026.5992
2026-07-11 02:00:00,1789.09,1791.59,1786.77,1790.18,1133.4731
2026-07-11 02:15:00,1790.19,1792.14,1790.17,1791.73,801.7041
2026-07-11 02:30:00,1791.74,1795.59,1791.28,1794.67,677.5216
2026-07-11 02:45:00,1794.67,1796.14,1794.25,1795.59,1538.4055
2026-07-11 03:00:00,1795.59,1797.31,1794.46,1796.87,955.4353
2026-07-11 03:15:00,1796.87,1797.42,1792.03,1795.16,1416.9162
2026-07-11 03:30:00,1795.17,1798.2,1794.85,1797.05,641.647
2026-07-11 03:45:00,1797.06,1798.24,1796.36,1796.5,663.8457
2026-07-11 04:00:00,1796.5,1797.21,1795.75,1797.03,618.7009
2026-07-11 04:15:00,1797.03,1798.23,1795.98,1796.84,529.7448
2026-07-11 04:30:00,1796.85,1800.18,1796.66,1797.76,2288.7825
2026-07-11 04:45:00,1797.76,1798.35,1795.88,1796.53,517.1925
2026-07-11 05:00:00,1796.52,1798.47,1795.07,1797.89,967.9269
2026-07-11 05:15:00,1797.9,1800.18,1797.18,1799.21,687.9845
2026-07-11 05:30:00,1799.22,1802.27,1797.69,1798.33,1299.7756
2026-07-11 05:45:00,1798.33,1799.82,1797.81,1799.45,1344.943
2026-07-11 06:00:00,1799.44,1799.45,1794.6,1798.22,1741.8831
2026-07-11 06:15:00,1798.22,1803.29,1798.22,1799.95,4908.5185
2026-07-11 06:30:00,1799.96,1802.4,1799.93,1799.94,943.0682
2026-07-11 06:45:00,1799.94,1801.0,1798.74,1799.32,1246.1967
2026-07-11 07:00:00,1799.31,1800.33,1797.93,1800.22,1607.4693
2026-07-11 07:15:00,1800.22,1802.0,1799.46,1801.0,3121.3728
2026-07-11 07:30:00,1801.0,1801.88,1799.98,1800.56,728.2994
2026-07-11 07:45:00,1800.57,1800.71,1799.34,1800.0,451.2529
2026-07-11 08:00:00,1799.99,1802.0,1799.58,1801.65,733.1002
2026-07-11 08:15:00,1801.65,1801.74,1800.78,1801.32,485.2159
2026-07-11 08:30:00,1801.32,1803.52,1800.99,1802.59,751.8198
2026-07-11 08:45:00,1802.6,1802.6,1800.51,1801.47,540.1614
2026-07-11 09:00:00,1801.47,1802.59,1798.65,1798.66,708.2178
2026-07-11 09:15:00,1798.66,1799.86,1798.14,1799.79,631.2761
2026-07-11 09:30:00,1799.79,1800.85,1797.52,1799.22,783.4699
2026-07-11 09:45:00,1799.23,1799.26,1795.15,1795.5,1578.7911
2026-07-11 10:00:00,1795.51,1797.51,1795.23,1797.5,700.3652
2026-07-11 10:15:00,1797.51,1798.92,1795.59,1798.92,855.5763
2026-07-11 10:30:00,1798.92,1798.92,1796.75,1797.81,736.4953
2026-07-11 10:45:00,1797.8,1799.28,1797.8,1798.3,666.4391
2026-07-11 11:00:00,1798.3,1799.37,1797.2,1798.91,630.4019
2026-07-11 11:15:00,1798.92,1799.63,1797.72,1799.04,1259.8514
2026-07-11 11:30:00,1799.04,1801.02,1798.87,1799.97,1191.1131
2026-07-11 11:45:00,1799.97,1801.02,1799.26,1800.48,911.3564
2026-07-11 12:00:00,1800.47,1801.66,1799.4,1800.45,478.7479
2026-07-11 12:15:00,1800.45,1800.86,1798.65,1800.05,810.2938
2026-07-11 12:30:00,1800.04,1800.25,1798.42,1799.13,726.135
2026-07-11 12:45:00,1799.14,1801.36,1799.13,1800.1,787.8354
2026-07-11 13:00:00,1800.1,1800.54,1799.15,1800.35,818.7589
2026-07-11 13:15:00,1800.36,1802.59,1800.0,1801.66,943.5671
2026-07-11 13:30:00,1801.65,1808.37,1801.5,1803.49,2155.6128
2026-07-11 13:45:00,1803.48,1804.99,1802.28,1802.61,970.9988
2026-07-11 14:00:00,1802.61,1804.56,1802.61,1802.64,1129.9804
2026-07-11 14:15:00,1802.64,1807.38,1802.48,1805.99,1607.8574
2026-07-11 14:30:00,1806.0,1817.62,1806.0,1814.41,8310.5809
2026-07-11 14:45:00,1814.4,1815.23,1810.64,1810.73,2610.9283
2026-07-11 15:00:00,1810.73,1826.69,1810.73,1821.49,13030.7425
2026-07-11 15:15:00,1821.54,1828.0,1818.94,1824.26,4368.2392
2026-07-11 15:30:00,1824.25,1824.48,1811.51,1812.16,6197.7747
2026-07-11 15:45:00,1812.16,1815.5,1808.73,1814.83,4014.502
2026-07-11 16:00:00,1814.82,1816.13,1810.62,1814.98,2018.9536
2026-07-11 16:15:00,1814.97,1820.4,1813.24,1820.01,6777.8612
2026-07-11 16:30:00,1820.0,1824.43,1817.09,1818.18,6598.1449
2026-07-11 16:45:00,1818.19,1823.58,1816.3,1823.34,2535.4497
2026-07-11 17:00:00,1823.34,1823.9,1820.49,1820.5,869.282
2026-07-11 17:15:00,1820.5,1822.8,1818.42,1822.62,807.2064
2026-07-11 17:30:00,1822.62,1830.0,1822.5,1826.56,4206.2201
2026-07-11 17:45:00,1826.56,1828.56,1824.08,1824.73,1270.5729
2026-07-11 18:00:00,1824.72,1825.98,1823.7,1824.32,1316.0542
2026-07-11 18:15:00,1824.32,1830.0,1824.07,1825.98,2190.5313
2026-07-11 18:30:00,1825.97,1829.82,1825.37,1828.58,2080.6516
2026-07-11 18:45:00,1828.58,1828.72,1824.21,1826.39,1256.8091
2026-07-11 19:00:00,1826.39,1827.21,1823.63,1824.99,5273.8694
2026-07-11 19:15:00,1825.0,1825.55,1818.96,1819.92,4370.2264
2026-07-11 19:30:00,1819.92,1822.06,1819.09,1821.22,1503.5378
2026-07-11 19:45:00,1821.22,1824.43,1821.22,1824.38,1031.2201
2026-07-11 20:00:00,1824.38,1825.55,1823.21,1824.95,1033.4912
2026-07-11 20:15:00,1824.96,1826.05,1824.9,1826.01,461.6878
2026-07-11 20:30:00,1826.02,1828.57,1825.46,1827.57,1198.3025
2026-07-11 20:45:00,1827.56,1828.37,1825.4,1825.97,902.2739
2026-07-11 21:00:00,1825.97,1829.17,1825.97,1826.51,571.376
2026-07-11 21:15:00,1826.52,1828.73,1825.44,1825.72,1319.8735
2026-07-11 21:30:00,1825.72,1826.97,1822.65,1823.27,829.4906
2026-07-11 21:45:00,1823.26,1825.57,1823.1,1823.97,685.7464
2026-07-11 22:00:00,1823.96,1824.21,1821.61,1822.47,1182.3943
2026-07-11 22:15:00,1822.47,1822.49,1809.26,1813.84,3778.6448
2026-07-11 22:30:00,1813.84,1817.35,1812.7,1815.62,1780.8128
2026-07-11 22:45:00,1815.62,1815.62,1812.0,1813.73,1239.5969
2026-07-11 23:00:00,1813.73,1815.86,1806.62,1808.44,2312.3455
2026-07-11 23:15:00,1808.44,1810.61,1792.03,1795.71,7895.7838
2026-07-11 23:30:00,1795.71,1796.49,1786.58,1791.31,5422.4355
2026-07-11 23:45:00,1791.31,1794.51,1787.76,1787.76,2402.1929
2026-07-12 00:00:00,1787.76,1791.18,1783.09,1784.14,3825.5387
2026-07-12 00:15:00,1784.14,1790.4,1783.09,1787.92,2473.0879
2026-07-12 00:30:00,1787.93,1788.27,1779.46,1786.65,4228.2678
2026-07-12 00:45:00,1786.65,1790.9,1784.97,1788.98,1410.5968
2026-07-12 01:00:00,1788.98,1796.63,1788.16,1793.48,2060.9663
2026-07-12 01:15:00,1793.48,1802.13,1792.61,1800.85,2963.8515
2026-07-12 01:30:00,1800.84,1808.29,1800.01,1806.75,2560.5086
2026-07-12 01:45:00,1806.75,1808.3,1804.96,1806.7,881.0416
2026-07-12 02:00:00,1806.7,1806.7,1802.97,1803.78,1016.2774
2026-07-12 02:15:00,1803.78,1807.54,1803.47,1805.5,969.7497
2026-07-12 02:30:00,1805.51,1807.13,1804.0,1805.51,738.4077
2026-07-12 02:45:00,1805.51,1807.6,1804.42,1805.12,778.7251
2026-07-12 03:00:00,1805.11,1806.9,1802.66,1805.96,1263.1252
2026-07-12 03:15:00,1805.97,1808.44,1805.73,1807.46,1118.649
2026-07-12 03:30:00,1807.46,1813.67,1807.1,1810.32,2185.4992
2026-07-12 03:45:00,1810.32,1812.17,1809.0,1811.53,2016.6403
2026-07-12 04:00:00,1811.53,1811.78,1809.57,1810.3,533.5226
2026-07-12 04:15:00,1810.29,1812.63,1808.04,1809.77,1001.2692
2026-07-12 04:30:00,1809.76,1810.39,1805.37,1808.37,983.644
2026-07-12 04:45:00,1808.36,1808.37,1804.15,1805.92,713.6395
2026-07-12 05:00:00,1805.92,1807.15,1804.42,1804.61,435.2249
2026-07-12 05:15:00,1804.62,1804.85,1801.3,1801.61,892.2689
2026-07-12 05:30:00,1801.6,1805.79,1801.31,1805.16,676.1897
2026-07-12 05:45:00,1805.17,1805.67,1803.25,1803.25,318.6663
2026-07-12 06:00:00,1803.25,1803.25,1792.86,1793.31,2565.2883
2026-07-12 06:15:00,1793.31,1794.66,1789.44,1790.89,2152.3494
2026-07-12 06:30:00,1790.89,1795.11,1789.76,1794.24,944.7868
2026-07-12 06:45:00,1794.25,1795.91,1792.79,1795.13,689.0015
2026-07-12 07:00:00,1795.14,1798.0,1794.2,1798.0,786.6028
2026-07-12 07:15:00,1798.0,1799.0,1796.56,1796.91,671.7805
2026-07-12 07:30:00,1796.92,1797.63,1796.41,1797.3,509.9579
2026-07-12 07:45:00,1797.3,1799.1,1796.69,1798.78,607.3896
2026-07-12 08:00:00,1798.78,1808.85,1798.73,1807.71,1545.933
2026-07-12 08:15:00,1807.71,1808.94,1803.86,1804.0,997.0782
2026-07-12 08:30:00,1804.01,1805.71,1803.63,1805.0,423.0855
2026-07-12 08:45:00,1804.99,1805.58,1803.22,1805.22,482.3207
2026-07-12 09:00:00,1805.22,1805.99,1801.02,1801.02,782.8088
2026-07-12 09:15:00,1801.03,1801.06,1796.69,1799.61,1686.4731
2026-07-12 09:30:00,1799.62,1804.7,1799.6,1803.79,987.1056
2026-07-12 09:45:00,1803.79,1804.1,1802.28,1802.39,438.6992
2026-07-12 10:00:00,1802.4,1802.58,1800.0,1800.98,427.319
2026-07-12 10:15:00,1800.99,1802.41,1799.4,1800.77,639.7569
2026-07-12 10:30:00,1800.77,1801.64,1798.99,1799.93,690.5955
2026-07-12 10:45:00,1799.93,1801.28,1799.0,1799.4,644.8113
2026-07-12 11:00:00,1799.41,1800.99,1796.48,1798.35,1172.0958
2026-07-12 11:15:00,1798.35,1801.12,1798.29,1801.12,690.7325
2026-07-12 11:30:00,1801.13,1806.57,1801.13,1806.05,1515.3131
2026-07-12 11:45:00,1806.06,1806.84,1803.43,1803.77,539.2509
2026-07-12 12:00:00,1803.77,1807.59,1803.0,1806.79,840.8806
2026-07-12 12:15:00,1806.8,1808.0,1805.4,1807.47,511.8787
2026-07-12 12:30:00,1807.46,1807.54,1804.85,1805.99,616.8614
2026-07-12 12:45:00,1805.99,1809.42,1805.56,1807.01,554.8132
2026-07-12 13:00:00,1807.02,1808.76,1805.33,1807.99,570.2255
2026-07-12 13:15:00,1808.0,1809.78,1806.59,1807.67,607.2977
2026-07-12 13:30:00,1807.67,1808.97,1806.59,1807.45,612.9106
2026-07-12 13:45:00,1807.45,1807.95,1805.5,1805.95,694.2424
2026-07-12 14:00:00,1805.95,1807.0,1804.2,1804.42,868.0042
2026-07-12 14:15:00,1804.42,1805.92,1804.32,1805.59,931.2171
2026-07-12 14:30:00,1805.58,1810.23,1805.58,1809.59,1208.2452
2026-07-12 14:45:00,1809.58,1822.0,1809.08,1819.51,8530.8763
2026-07-12 15:00:00,1819.5,1824.99,1816.54,1821.84,5553.9623
2026-07-12 15:15:00,1821.84,1826.44,1818.0,1826.15,5674.9006
2026-07-12 15:30:00,1826.15,1826.92,1818.87,1821.81,2472.2464
2026-07-12 15:45:00,1821.8,1825.0,1820.65,1820.93,2426.2687
2026-07-12 16:00:00,1820.94,1824.39,1817.6,1818.1,3991.0766
2026-07-12 16:15:00,1818.11,1824.01,1817.91,1822.66,5305.4939
2026-07-12 16:30:00,1822.67,1822.77,1818.89,1819.76,1373.5806
2026-07-12 16:45:00,1819.77,1822.58,1819.42,1822.0,1673.3684
2026-07-12 17:00:00,1821.99,1822.54,1819.93,1819.98,905.2253
2026-07-12 17:15:00,1819.99,1821.23,1818.69,1818.73,1502.2214
2026-07-12 17:30:00,1818.72,1822.31,1818.49,1821.57,718.7187
2026-07-12 17:45:00,1821.57,1821.57,1814.85,1818.5,2200.9306
2026-07-12 18:00:00,1818.51,1821.0,1815.73,1817.25,1539.7405
2026-07-12 18:15:00,1817.24,1820.0,1815.12,1818.7,1525.3541
2026-07-12 18:30:00,1818.7,1822.33,1818.7,1821.16,1374.4513
2026-07-12 18:45:00,1821.16,1822.38,1821.15,1821.42,630.9063
2026-07-12 19:00:00,1821.42,1822.95,1820.75,1820.75,1141.3628
2026-07-12 19:15:00,1820.76,1821.77,1820.17,1821.69,831.6995
2026-07-12 19:30:00,1821.7,1821.7,1818.92,1818.93,590.9162
2026-07-12 19:45:00,1818.93,1823.0,1818.71,1821.4,1928.9844
2026-07-12 20:00:00,1821.4,1822.36,1819.72,1819.72,542.1424
2026-07-12 20:15:00,1819.73,1820.58,1818.81,1819.89,536.2876
2026-07-12 20:30:00,1819.9,1824.0,1818.8,1823.09,1571.4152
2026-07-12 20:45:00,1823.09,1823.57,1820.79,1821.26,900.9007
2026-07-12 21:00:00,1821.26,1823.63,1820.07,1820.12,816.0594
2026-07-12 21:15:00,1820.13,1820.13,1813.19,1815.09,2003.011
2026-07-12 21:30:00,1815.08,1815.09,1812.32,1813.24,899.0916
2026-07-12 21:45:00,1813.25,1814.73,1810.78,1812.28,1281.5661
2026-07-12 22:00:00,1812.27,1812.27,1797.67,1802.46,6225.6763
2026-07-12 22:15:00,1802.46,1804.86,1797.67,1802.39,1538.069
2026-07-12 22:30:00,1802.39,1804.44,1800.48,1801.19,658.3419
2026-07-12 22:45:00,1801.18,1806.76,1797.63,1805.06,1591.0537
2026-07-12 23:00:00,1805.05,1805.59,1801.0,1803.43,1009.0263
2026-07-12 23:15:00,1803.43,1804.86,1802.22,1804.68,580.5568
2026-07-12 23:30:00,1804.68,1808.94,1804.45,1807.58,1412.776
2026-07-12 23:45:00,1807.58,1808.64,1804.34,1806.8,962.2542
2026-07-13 00:00:00,1806.8,1846.0,1804.41,1840.05,20792.3008
2026-07-13 00:15:00,1840.06,1843.94,1831.33,1831.76,9242.3447
2026-07-13 00:30:00,1831.77,1833.42,1807.07,1814.42,10040.9956
2026-07-13 00:45:00,1814.42,1828.76,1814.13,1826.59,5505.8524
2026-07-13 01:00:00,1826.6,1829.99,1815.36,1822.52,4420.9163
2026-07-13 01:15:00,1822.51,1828.73,1814.99,1816.75,2776.5242
2026-07-13 01:30:00,1816.74,1820.48,1812.09,1818.29,2359.2983
2026-07-13 01:45:00,1818.28,1818.38,1805.32,1806.83,3911.0317
2026-07-13 02:00:00,1806.84,1807.95,1798.99,1805.01,5244.7523
2026-07-13 02:15:00,1805.02,1811.76,1805.01,1810.14,3070.6581
2026-07-13 02:30:00,1810.13,1814.82,1808.0,1811.61,2389.4343
2026-07-13 02:45:00,1811.61,1811.69,1806.51,1806.99,1320.7091
2026-07-13 03:00:00,1806.99,1806.99,1785.0,1789.66,9770.4873
2026-07-13 03:15:00,1789.66,1795.61,1786.2,1795.21,5386.8657
2026-07-13 03:30:00,1795.21,1795.21,1775.0,1779.15,11155.9273
2026-07-13 03:45:00,1779.15,1782.18,1778.08,1780.55,2101.2251
2026-07-13 04:00:00,1780.54,1781.15,1776.42,1779.99,3265.6159
2026-07-13 04:15:00,1780.0,1785.16,1779.49,1784.86,1636.9343
2026-07-13 04:30:00,1784.85,1784.86,1778.27,1780.75,1896.747
2026-07-13 04:45:00,1780.75,1782.5,1778.37,1779.03,1080.5237
2026-07-13 05:00:00,1779.03,1786.61,1773.99,1784.54,3409.903
2026-07-13 05:15:00,1784.54,1786.5,1778.39,1779.41,2016.1778
2026-07-13 05:30:00,1779.41,1785.29,1774.29,1782.84,3392.9667
2026-07-13 05:45:00,1782.83,1782.84,1780.29,1781.64,1230.7709
2026-07-13 06:00:00,1781.64,1783.42,1776.69,1777.79,1971.0073
2026-07-13 06:15:00,1777.8,1779.84,1776.08,1779.57,2147.6525
2026-07-13 06:30:00,1779.58,1780.69,1775.96,1778.77,1390.48
2026-07-13 06:45:00,1778.76,1779.52,1777.17,1777.85,1505.5567
2026-07-13 07:00:00,1777.85,1781.18,1776.44,1778.58,2157.2984
2026-07-13 07:15:00,1778.58,1788.47,1778.58,1787.41,3505.7147
2026-07-13 07:30:00,1787.41,1791.39,1786.45,1787.57,2183.0955
2026-07-13 07:45:00,1787.57,1788.55,1785.71,1787.57,1383.281
2026-07-13 08:00:00,1787.58,1789.4,1783.86,1786.78,2010.3792
2026-07-13 08:15:00,1786.79,1787.86,1785.0,1786.47,1556.2893
2026-07-13 08:30:00,1786.47,1788.79,1784.47,1788.66,1193.3341
2026-07-13 08:45:00,1788.66,1793.56,1788.41,1790.17,2342.9662
2026-07-13 09:00:00,1790.18,1790.55,1788.21,1788.89,1065.4933
2026-07-13 09:15:00,1788.88,1788.89,1785.46,1787.49,1498.1267
2026-07-13 09:30:00,1787.49,1787.85,1786.18,1786.69,1246.4902
2026-07-13 09:45:00,1786.7,1786.77,1784.92,1785.81,631.7352
2026-07-13 10:00:00,1785.81,1786.89,1781.14,1782.51,1652.2635
2026-07-13 10:15:00,1782.51,1785.58,1781.34,1782.22,2128.9291
2026-07-13 10:30:00,1782.22,1784.19,1778.49,1779.51,2430.0739
2026-07-13 10:45:00,1779.51,1780.97,1777.1,1779.43,2393.5673
2026-07-13 11:00:00,1779.43,1784.98,1779.43,1782.53,1325.19
2026-07-13 11:15:00,1782.52,1783.17,1779.75,1782.16,983.422
2026-07-13 11:30:00,1782.16,1783.71,1780.65,1782.26,1435.5011
2026-07-13 11:45:00,1782.27,1783.7,1780.7,1780.74,1077.2396
2026-07-13 12:00:00,1780.74,1783.54,1778.81,1780.33,2394.3426
2026-07-13 12:15:00,1780.34,1781.69,1776.06,1777.05,2334.5811
2026-07-13 12:30:00,1777.05,1778.29,1767.73,1770.66,7316.154
2026-07-13 12:45:00,1770.66,1772.55,1770.0,1772.33,1872.2775
2026-07-13 13:00:00,1772.33,1773.6,1768.46,1768.46,1573.2632
2026-07-13 13:15:00,1768.46,1771.05,1764.81,1769.47,3264.3299
2026-07-13 13:30:00,1769.47,1776.54,1763.46,1768.16,5085.5561
2026-07-13 13:45:00,1768.16,1772.17,1764.15,1771.3,6627.5872
2026-07-13 14:00:00,1771.3,1774.44,1767.56,1773.87,6606.3991
2026-07-13 14:15:00,1773.86,1776.12,1762.44,1771.85,7456.6876
2026-07-13 14:30:00,1771.84,1778.14,1768.8,1776.45,3171.6018
2026-07-13 14:45:00,1776.44,1782.0,1774.71,1781.74,2689.7555
2026-07-13 15:00:00,1781.74,1782.73,1777.58,1778.12,2252.6034
2026-07-13 15:15:00,1778.12,1786.53,1777.99,1782.73,1963.1606
2026-07-13 15:30:00,1782.73,1783.18,1775.62,1778.05,1635.4476
2026-07-13 15:45:00,1778.04,1778.59,1775.5,1777.01,1362.4501
2026-07-13 16:00:00,1777.0,1780.73,1776.02,1778.32,1288.5573
2026-07-13 16:15:00,1778.32,1778.32,1771.0,1772.2,3078.5881
2026-07-13 16:30:00,1772.2,1774.99,1767.38,1774.16,2644.0234
2026-07-13 16:45:00,1774.16,1776.36,1770.07,1772.05,1551.818
2026-07-13 17:00:00,1772.05,1776.33,1769.96,1774.57,1846.9873
2026-07-13 17:15:00,1774.56,1774.76,1770.39,1771.53,1212.9642
2026-07-13 17:30:00,1771.52,1772.61,1763.33,1767.71,4698.7687
2026-07-13 17:45:00,1767.71,1769.4,1753.25,1753.62,8623.3007
2026-07-13 18:00:00,1753.62,1760.8,1752.31,1757.01,8878.8309
2026-07-13 18:15:00,1757.0,1759.54,1750.2,1758.52,4766.4328
2026-07-13 18:30:00,1758.53,1762.59,1757.14,1761.55,1533.9127
2026-07-13 18:45:00,1761.56,1767.39,1761.04,1764.9,1554.2132
2026-07-13 19:00:00,1764.9,1767.05,1764.51,1766.62,1192.2456
2026-07-13 19:15:00,1766.63,1768.74,1764.54,1765.16,1633.1084
2026-07-13 19:30:00,1765.16,1771.85,1765.16,1771.85,1868.2208
2026-07-13 19:45:00,1771.84,1775.26,1769.4,1774.92,2985.0049
2026-07-13 20:00:00,1774.93,1776.99,1771.48,1771.48,1722.3745
2026-07-13 20:15:00,1771.48,1771.49,1765.13,1769.9,2064.679
2026-07-13 20:30:00,1769.89,1770.41,1767.81,1768.2,645.1069
2026-07-13 20:45:00,1768.2,1768.2,1761.72,1767.33,1290.1695
2026-07-13 21:00:00,1767.34,1767.34,1761.64,1763.06,941.3906
2026-07-13 21:15:00,1763.06,1763.75,1760.53,1760.53,1114.6085
2026-07-13 21:30:00,1760.53,1760.54,1752.59,1756.52,4430.1857
2026-07-13 21:45:00,1756.52,1762.48,1755.2,1761.68,2473.7859
2026-07-13 22:00:00,1761.68,1768.13,1761.4,1766.26,1876.1069
2026-07-13 22:15:00,1766.26,1768.45,1765.53,1766.09,1009.3113
2026-07-13 22:30:00,1766.1,1766.82,1762.29,1764.04,940.4059
2026-07-13 22:45:00,1764.04,1764.77,1756.41,1758.5,1663.9369
2026-07-13 23:00:00,1758.51,1762.2,1756.49,1761.6,1696.1752
2026-07-13 23:15:00,1761.6,1770.91,1761.51,1767.51,1811.6703
2026-07-13 23:30:00,1767.51,1768.89,1765.66,1767.23,1331.4355
2026-07-13 23:45:00,1767.24,1778.05,1766.77,1776.72,4423.0536
2026-07-14 00:00:00,1776.71,1781.99,1773.41,1780.0,2568.247
2026-07-14 00:15:00,1780.0,1780.99,1776.31,1778.84,1285.483
2026-07-14 00:30:00,1778.85,1783.6,1778.85,1779.35,2223.1639
2026-07-14 00:45:00,1779.35,1788.64,1779.35,1786.02,2376.6831
2026-07-14 01:00:00,1786.02,1786.67,1783.96,1785.73,2340.4251
2026-07-14 01:15:00,1785.74,1794.47,1784.42,1787.65,4294.8883
2026-07-14 01:30:00,1787.65,1788.41,1783.27,1784.36,1244.5985
2026-07-14 01:45:00,1784.37,1786.08,1783.74,1784.84,917.2109
2026-07-14 02:00:00,1784.83,1789.02,1782.8,1783.94,1443.8557
2026-07-14 02:15:00,1783.93,1784.82,1775.07,1778.05,1788.6982
2026-07-14 02:30:00,1778.04,1785.55,1778.04,1785.11,1055.9967
2026-07-14 02:45:00,1785.11,1786.29,1781.63,1782.66,640.5773
2026-07-14 03:00:00,1782.67,1783.96,1776.08,1776.55,882.9061
2026-07-14 03:15:00,1776.55,1780.09,1774.75,1780.04,976.2019
2026-07-14 03:30:00,1780.05,1783.58,1778.95,1781.01,912.9247
2026-07-14 03:45:00,1781.01,1783.88,1780.68,1783.65,883.9811
2026-07-14 04:00:00,1783.64,1787.72,1782.26,1783.9,1453.9408
2026-07-14 04:15:00,1783.89,1788.88,1782.36,1787.54,940.6853
2026-07-14 04:30:00,1787.53,1789.99,1786.13,1786.13,1509.7809
2026-07-14 04:45:00,1786.14,1786.74,1784.62,1785.93,1786.8342
2026-07-14 05:00:00,1785.92,1793.26,1784.53,1790.02,1688.1828
2026-07-14 05:15:00,1790.02,1792.24,1788.23,1790.7,1993.252
2026-07-14 05:30:00,1790.71,1791.99,1785.44,1787.41,1521.1058
2026-07-14 05:45:00,1787.42,1787.88,1786.47,1787.04,813.3291
2026-07-14 06:00:00,1787.03,1787.4,1784.65,1785.15,1281.1752
2026-07-14 06:15:00,1785.16,1787.34,1784.9,1785.62,972.9413
2026-07-14 06:30:00,1785.62,1787.3,1783.12,1784.52,1291.2659
2026-07-14 06:45:00,1784.52,1784.7,1781.92,1783.19,881.1411
2026-07-14 07:00:00,1783.19,1783.85,1781.27,1782.85,1973.5049
2026-07-14 07:15:00,1782.85,1786.55,1781.78,1785.76,2184.0364
2026-07-14 07:30:00,1785.76,1785.76,1779.52,1781.0,1708.0253
2026-07-14 07:45:00,1780.99,1782.48,1779.41,1781.21,1133.6974
2026-07-14 08:00:00,1781.21,1782.69,1779.0,1781.34,1616.1976
2026-07-14 08:15:00,1781.34,1787.66,1781.34,1786.55,2466.2206
2026-07-14 08:30:00,1786.54,1789.61,1784.89,1787.84,1076.7947
2026-07-14 08:45:00,1787.84,1788.14,1784.57,1785.93,1177.6932
2026-07-14 09:00:00,1785.94,1788.63,1785.27,1788.47,1034.1145
2026-07-14 09:15:00,1788.47,1789.56,1787.2,1787.92,1635.7475
2026-07-14 09:30:00,1787.92,1788.22,1782.9,1785.11,1453.3911
2026-07-14 09:45:00,1785.11,1788.58,1784.39,1786.19,1274.436
2026-07-14 10:00:00,1786.19,1791.66,1786.11,1789.89,1383.9571
2026-07-14 10:15:00,1789.89,1790.91,1788.09,1788.39,1490.9427
2026-07-14 10:30:00,1788.39,1795.0,1786.11,1794.38,2976.5006
2026-07-14 10:45:00,1794.38,1805.0,1793.79,1800.12,22101.3183
2026-07-14 11:00:00,1800.13,1800.57,1795.82,1798.72,2907.0988
2026-07-14 11:15:00,1798.71,1802.95,1796.98,1800.78,2434.2137
2026-07-14 11:30:00,1800.78,1801.0,1797.58,1799.21,1541.8543
2026-07-14 11:45:00,1799.21,1800.16,1797.43,1798.09,946.6102
2026-07-14 12:00:00,1798.09,1799.05,1794.37,1795.8,2241.1308
2026-07-14 12:15:00,1795.79,1808.48,1794.98,1801.4,4375.6894
2026-07-14 12:30:00,1801.4,1831.75,1800.88,1825.38,35599.6546
2026-07-14 12:45:00,1825.39,1867.71,1825.39,1861.04,36009.6064
2026-07-14 13:00:00,1861.04,1866.9,1854.41,1858.38,13432.6135
2026-07-14 13:15:00,1858.38,1882.85,1856.7,1880.01,24405.8861
2026-07-14 13:30:00,1880.01,1880.91,1867.49,1870.68,11572.0363
2026-07-14 13:45:00,1870.68,1874.99,1864.84,1871.31,9663.7066
2026-07-14 14:00:00,1871.3,1871.84,1861.51,1868.69,8451.2973
2026-07-14 14:15:00,1868.69,1869.14,1859.46,1865.55,6464.3942
2026-07-14 14:30:00,1865.55,1874.05,1863.64,1870.91,5378.0124
2026-07-14 14:45:00,1870.91,1884.56,1869.58,1881.16,6721.3516
2026-07-14 15:00:00,1881.17,1882.37,1875.5,1878.81,7755.7301
2026-07-14 15:15:00,1878.8,1884.56,1876.04,1883.24,6980.7894
2026-07-14 15:30:00,1883.25,1888.8,1876.83,1880.49,8683.4719
2026-07-14 15:45:00,1880.5,1882.63,1872.85,1875.22,5276.3899
2026-07-14 16:00:00,1875.22,1877.0,1868.76,1872.32,5473.1384
2026-07-14 16:15:00,1872.31,1877.07,1870.38,1874.91,2890.2653
2026-07-14 16:30:00,1874.9,1876.82,1873.31,1873.31,2451.4515
2026-07-14 16:45:00,1873.32,1876.23,1872.53,1873.79,1929.2862
2026-07-14 17:00:00,1873.8,1873.8,1860.56,1867.71,4567.0242
2026-07-14 17:15:00,1867.7,1870.58,1863.87,1869.58,4456.2651
2026-07-14 17:30:00,1869.59,1870.31,1865.52,1868.83,1936.4752
2026-07-14 17:45:00,1868.83,1873.14,1866.71,1871.54,1620.9909
2026-07-14 18:00:00,1871.55,1872.5,1869.37,1869.86,1493.4338
2026-07-14 18:15:00,1869.86,1871.47,1868.18,1870.4,1142.8334
2026-07-14 18:30:00,1870.4,1875.62,1868.67,1873.12,2513.7743
2026-07-14 18:45:00,1873.13,1876.83,1873.08,1874.79,1568.4892
2026-07-14 19:00:00,1874.79,1878.33,1874.43,1877.24,1563.0936
2026-07-14 19:15:00,1877.25,1881.56,1874.5,1876.64,1879.5633
2026-07-14 19:30:00,1876.63,1880.0,1874.6,1879.54,1599.236
2026-07-14 19:45:00,1879.55,1880.95,1875.84,1876.74,1874.6027
2026-07-14 20:00:00,1876.74,1878.55,1874.81,1874.82,1248.1272
2026-07-14 20:15:00,1874.82,1876.98,1874.53,1875.8,543.5443
2026-07-14 20:30:00,1875.81,1877.27,1873.63,1875.06,690.0139
2026-07-14 20:45:00,1875.08,1876.8,1874.31,1875.42,1058.4911
2026-07-14 21:00:00,1875.41,1878.67,1874.4,1878.15,1178.3473
2026-07-14 21:15:00,1878.14,1879.57,1876.46,1878.29,979.6443
2026-07-14 21:30:00,1878.3,1879.74,1876.07,1877.32,1005.5156
2026-07-14 21:45:00,1877.33,1878.6,1875.14,1876.46,1161.9337
2026-07-14 22:00:00,1876.46,1876.97,1872.06,1872.75,1595.5644
2026-07-14 22:15:00,1872.75,1885.7,1872.42,1881.61,5925.3402
2026-07-14 22:30:00,1881.62,1896.14,1881.3,1887.14,12593.1158
2026-07-14 22:45:00,1887.14,1888.97,1882.04,1882.04,1351.3943
2026-07-14 23:00:00,1882.04,1888.18,1878.69,1886.56,2849.0042
2026-07-14 23:15:00,1886.56,1886.56,1884.2,1885.81,3970.7415
2026-07-14 23:30:00,1885.81,1889.66,1884.73,1888.88,1605.9319
2026-07-14 23:45:00,1888.88,1893.32,1888.88,1891.87,2699.5479
2026-07-15 00:00:00,1891.87,1893.32,1887.08,1887.44,3007.6378
2026-07-15 00:15:00,1887.43,1888.11,1878.88,1880.86,3635.7812
2026-07-15 00:30:00,1880.86,1880.87,1878.13,1879.41,1964.5454
2026-07-15 00:45:00,1879.41,1883.04,1879.41,1881.58,942.6764
2026-07-15 01:00:00,1881.58,1881.98,1874.4,1875.95,1836.8402
2026-07-15 01:15:00,1875.95,1879.57,1874.2,1879.17,2403.2905
2026-07-15 01:30:00,1879.17,1879.17,1867.91,1869.95,4065.8374
2026-07-15 01:45:00,1869.94,1870.52,1867.23,1870.2,2339.0053
2026-07-15 02:00:00,1870.19,1873.04,1867.34,1871.19,1916.6661
2026-07-15 02:15:00,1871.2,1871.28,1864.83,1864.84,1804.187
2026-07-15 02:30:00,1864.84,1867.59,1864.83,1867.02,1778.0324
2026-07-15 02:45:00,1867.02,1867.58,1864.38,1864.6,2597.762
2026-07-15 03:00:00,1864.6,1871.19,1864.46,1870.61,2076.9863
2026-07-15 03:15:00,1870.61,1870.66,1868.06,1868.79,1262.966
2026-07-15 03:30:00,1868.79,1874.71,1868.78,1872.77,1730.2727
2026-07-15 03:45:00,1872.77,1878.96,1871.84,1876.08,1786.3356
2026-07-15 04:00:00,1876.08,1879.77,1875.53,1876.79,1530.1418
2026-07-15 04:15:00,1876.8,1878.38,1875.43,1875.43,1349.4784
2026-07-15 04:30:00,1875.44,1878.77,1873.31,1877.82,1061.0233
2026-07-15 04:45:00,1877.82,1880.59,1875.23,1876.49,1517.461
2026-07-15 05:00:00,1876.5,1878.56,1871.84,1872.54,2230.3407
2026-07-15 05:15:00,1872.53,1874.57,1871.64,1872.57,1109.1483
2026-07-15 05:30:00,1872.56,1876.08,1872.44,1874.11,927.6819
2026-07-15 05:45:00,1874.11,1883.54,1874.04,1882.68,1644.5888
2026-07-15 06:00:00,1882.69,1889.92,1881.7,1888.9,4109.2282
2026-07-15 06:15:00,1888.91,1888.91,1885.23,1885.87,1590.4865
2026-07-15 06:30:00,1885.87,1891.89,1883.82,1885.21,3267.3415
2026-07-15 06:45:00,1885.21,1885.5,1875.52,1875.87,2854.127
2026-07-15 07:00:00,1875.87,1876.87,1873.36,1876.68,1883.4124
2026-07-15 07:15:00,1876.67,1877.16,1864.7,1866.17,5616.7401
2026-07-15 07:30:00,1866.16,1869.99,1865.64,1869.85,3084.2392
2026-07-15 07:45:00,1869.85,1871.26,1868.63,1870.04,2563.8889
2026-07-15 08:00:00,1870.04,1875.08,1870.03,1873.9,2839.1771
2026-07-15 08:15:00,1873.9,1875.27,1872.67,1874.57,1613.8207
2026-07-15 08:30:00,1874.57,1877.82,1873.6,1877.82,1401.643
2026-07-15 08:45:00,1877.82,1879.64,1876.52,1879.22,1771.7146
2026-07-15 09:00:00,1879.22,1886.24,1879.18,1882.8,2662.2928
2026-07-15 09:15:00,1882.85,1886.59,1882.84,1883.07,2605.4017
2026-07-15 09:30:00,1883.08,1883.09,1879.19,1880.32,3716.0554
2026-07-15 09:45:00,1880.31,1882.98,1879.25,1879.86,2054.038
2026-07-15 10:00:00,1879.86,1886.55,1879.37,1884.01,2939.2902
2026-07-15 10:15:00,1884.01,1884.57,1875.27,1876.42,3136.935
2026-07-15 10:30:00,1876.43,1878.85,1874.98,1877.83,2262.8507
2026-07-15 10:45:00,1877.83,1879.92,1877.12,1878.11,1755.5547
2026-07-15 11:00:00,1878.12,1882.11,1877.48,1881.94,1685.2487
2026-07-15 11:15:00,1881.93,1882.37,1877.74,1878.42,1101.6045
2026-07-15 11:30:00,1878.42,1882.18,1878.42,1881.45,1461.7814
2026-07-15 11:45:00,1881.46,1885.71,1880.87,1884.62,2078.485
2026-07-15 12:00:00,1884.62,1885.04,1879.25,1883.77,2153.4856
2026-07-15 12:15:00,1883.78,1885.7,1880.29,1885.59,1818.4234
2026-07-15 12:30:00,1885.59,1896.48,1884.82,1892.46,8533.9292
2026-07-15 12:45:00,1892.46,1929.94,1891.66,1927.16,28451.0272
2026-07-15 13:00:00,1927.17,1945.3,1927.16,1938.77,22937.2787
2026-07-15 13:15:00,1938.77,1946.52,1932.0,1936.83,13328.4513
2026-07-15 13:30:00,1936.82,1942.76,1931.07,1933.31,8139.2428
2026-07-15 13:45:00,1933.32,1933.32,1917.16,1925.76,11087.8309
2026-07-15 14:00:00,1925.77,1935.51,1925.27,1929.29,7963.1348
2026-07-15 14:15:00,1929.28,1932.0,1919.12,1929.03,7482.5071
2026-07-15 14:30:00,1929.04,1934.54,1925.87,1927.79,5597.895
2026-07-15 14:45:00,1927.79,1934.31,1924.62,1933.23,4748.4713
2026-07-15 15:00:00,1933.24,1937.6,1928.89,1930.41,4593.3327
2026-07-15 15:15:00,1930.41,1932.44,1925.95,1931.66,3382.653
2026-07-15 15:30:00,1931.65,1936.0,1928.37,1934.2,3626.389
2026-07-15 15:45:00,1934.2,1936.36,1930.55,1931.95,3440.7633
2026-07-15 16:00:00,1931.96,1932.95,1918.2,1918.26,7027.0157
2026-07-15 16:15:00,1918.26,1922.28,1914.68,1922.27,3947.4618
2026-07-15 16:30:00,1922.28,1922.78,1904.36,1911.98,6426.7369
2026-07-15 16:45:00,1911.99,1920.78,1910.57,1919.62,3804.0514
2026-07-15 17:00:00,1919.62,1924.74,1919.44,1920.28,2497.7949
2026-07-15 17:15:00,1920.28,1924.67,1920.27,1923.21,1897.7502
2026-07-15 17:30:00,1923.22,1926.16,1921.96,1925.21,2322.9445
2026-07-15 17:45:00,1925.21,1931.22,1922.06,1927.94,3945.5536
2026-07-15 18:00:00,1927.93,1937.0,1927.47,1935.3,6034.1325
2026-07-15 18:15:00,1935.3,1935.42,1929.3,1931.24,2980.4709
2026-07-15 18:30:00,1931.24,1935.34,1928.09,1928.51,2073.8438
2026-07-15 18:45:00,1928.5,1929.51,1922.62,1924.47,3505.3609
2026-07-15 19:00:00,1924.47,1929.06,1923.94,1926.4,2149.2704
2026-07-15 19:15:00,1926.4,1926.47,1918.92,1924.14,2211.7079
2026-07-15 19:30:00,1924.14,1927.67,1922.9,1927.65,1920.5135
2026-07-15 19:45:00,1927.64,1927.88,1922.66,1924.15,2527.1661
2026-07-15 20:00:00,1924.15,1924.57,1919.71,1922.84,1859.3717
2026-07-15 20:15:00,1922.85,1927.0,1922.79,1926.25,450.1565
2026-07-15 20:30:00,1926.26,1930.71,1925.43,1925.43,1421.8611
2026-07-15 20:45:00,1925.43,1925.61,1923.75,1923.75,750.3255
2026-07-15 21:00:00,1923.75,1925.73,1921.29,1923.52,1051.6987
2026-07-15 21:15:00,1923.52,1925.4,1922.35,1923.75,1352.3982
2026-07-15 21:30:00,1923.76,1923.76,1919.8,1920.52,1345.9265
2026-07-15 21:45:00,1920.53,1922.28,1919.95,1922.0,939.2457
2026-07-15 22:00:00,1922.0,1925.0,1918.3,1920.42,1724.8841
2026-07-15 22:15:00,1920.41,1924.26,1919.0,1924.26,925.1809
2026-07-15 22:30:00,1924.26,1926.26,1922.97,1923.44,1554.3665
2026-07-15 22:45:00,1923.44,1928.58,1921.93,1923.43,1801.9454
2026-07-15 23:00:00,1923.43,1927.28,1923.28,1925.3,916.7058
2026-07-15 23:15:00,1925.29,1925.45,1920.93,1921.84,839.4105
2026-07-15 23:30:00,1921.84,1923.51,1915.37,1915.63,2395.7339
2026-07-15 23:45:00,1915.63,1920.0,1914.89,1917.86,1341.1242
2026-07-16 00:00:00,1917.86,1924.31,1917.35,1924.3,2222.9038
2026-07-16 00:15:00,1924.31,1924.98,1913.95,1915.64,2792.3604
2026-07-16 00:30:00,1915.65,1917.12,1911.69,1912.62,1793.7352
2026-07-16 00:45:00,1912.63,1918.47,1911.61,1914.86,1449.6054
2026-07-16 01:00:00,1914.85,1918.2,1913.55,1914.21,1510.4423
2026-07-16 01:15:00,1914.22,1916.74,1908.12,1914.39,2272.433
2026-07-16 01:30:00,1914.38,1921.42,1914.35,1916.87,1420.079
2026-07-16 01:45:00,1916.87,1926.0,1916.84,1922.7,1573.8628
2026-07-16 02:00:00,1922.69,1922.74,1919.87,1920.65,1251.0395
2026-07-16 02:15:00,1920.64,1923.86,1918.97,1922.23,1403.5436
2026-07-16 02:30:00,1922.23,1923.2,1920.48,1921.96,1030.4747
2026-07-16 02:45:00,1921.97,1926.23,1921.95,1925.37,1449.8124
2026-07-16 03:00:00,1925.36,1929.0,1923.69,1926.8,2964.6321
2026-07-16 03:15:00,1926.8,1926.86,1922.91,1925.59,2408.9025
2026-07-16 03:30:00,1925.58,1926.9,1922.09,1922.79,1080.3069
2026-07-16 03:45:00,1922.79,1922.79,1917.08,1918.7,1544.0681
2026-07-16 04:00:00,1918.7,1920.98,1916.02,1919.72,1292.6141
2026-07-16 04:15:00,1919.72,1919.72,1914.13,1919.05,1442.2862
2026-07-16 04:30:00,1919.05,1920.4,1917.84,1919.37,1157.9627
2026-07-16 04:45:00,1919.38,1919.92,1917.62,1918.31,1254.3434
2026-07-16 05:00:00,1918.3,1921.57,1917.12,1921.52,1388.3984
2026-07-16 05:15:00,1921.51,1926.24,1921.1,1925.34,1618.9843
2026-07-16 05:30:00,1925.35,1927.63,1921.85,1925.24,1415.9301
2026-07-16 05:45:00,1925.23,1926.1,1924.3,1925.66,549.9978
2026-07-16 06:00:00,1925.65,1929.48,1923.04,1924.43,2186.6734
2026-07-16 06:15:00,1924.43,1926.25,1921.66,1922.58,999.672
2026-07-16 06:30:00,1922.57,1922.58,1915.56,1919.37,1310.9691
2026-07-16 06:45:00,1919.36,1922.73,1918.58,1922.53,611.9394
2026-07-16 07:00:00,1922.54,1922.54,1919.02,1920.66,1029.8026
2026-07-16 07:15:00,1920.66,1920.94,1916.86,1917.14,1683.3635
2026-07-16 07:30:00,1917.13,1917.69,1905.0,1907.08,7327.6439
2026-07-16 07:45:00,1907.07,1910.81,1905.0,1910.63,3886.8327
2026-07-16 08:00:00,1910.64,1912.85,1884.11,1885.78,18303.8916
2026-07-16 08:15:00,1885.78,1892.15,1875.56,1892.14,16425.5553
2026-07-16 08:30:00,1892.14,1896.51,1888.6,1889.63,5151.6957
2026-07-16 08:45:00,1889.64,1892.25,1881.42,1886.09,8965.2027
2026-07-16 09:00:00,1886.09,1889.28,1884.84,1886.11,4597.7828
2026-07-16 09:15:00,1886.1,1887.67,1882.12,1882.97,2697.3998
2026-07-16 09:30:00,1882.97,1886.07,1880.41,1884.0,3964.8468
2026-07-16 09:45:00,1884.0,1885.89,1882.7,1884.67,2898.6083
2026-07-16 10:00:00,1884.68,1888.53,1883.77,1886.59,1937.1879
2026-07-16 10:15:00,1886.58,1889.45,1886.13,1888.9,2006.9815
2026-07-16 10:30:00,1888.9,1891.78,1888.13,1888.46,3417.638
2026-07-16 10:45:00,1888.45,1888.99,1886.35,1888.58,1387.2735
2026-07-16 11:00:00,1888.58,1888.58,1885.0,1886.67,3703.9778
2026-07-16 11:15:00,1886.67,1888.28,1882.7,1883.21,4528.3267
2026-07-16 11:30:00,1883.22,1887.92,1882.71,1887.32,2220.6577
2026-07-16 11:45:00,1887.31,1887.31,1879.32,1885.26,3243.7078
2026-07-16 12:00:00,1885.26,1885.26,1878.14,1880.74,2434.9158
2026-07-16 12:15:00,1880.74,1882.59,1877.36,1882.55,3381.0356
2026-07-16 12:30:00,1882.55,1883.6,1867.68,1870.18,7356.913
2026-07-16 12:45:00,1870.18,1875.9,1869.55,1872.55,2625.3447
2026-07-16 13:00:00,1872.55,1876.16,1871.05,1875.73,2836.5082
2026-07-16 13:15:00,1875.72,1884.31,1875.11,1883.87,2778.524
2026-07-16 13:30:00,1883.87,1890.23,1877.38,1877.38,7163.0694
2026-07-16 13:45:00,1877.39,1883.91,1875.54,1882.81,2945.911
2026-07-16 14:00:00,1882.8,1893.0,1881.61,1888.61,4735.4316
2026-07-16 14:15:00,1888.61,1891.58,1884.02,1887.58,4819.0671
2026-07-16 14:30:00,1887.59,1891.04,1885.07,1888.54,2041.6384
2026-07-16 14:45:00,1888.53,1889.04,1874.98,1883.52,5262.7989
2026-07-16 15:00:00,1883.52,1884.32,1871.12,1873.71,4976.9493
2026-07-16 15:15:00,1873.7,1894.38,1872.45,1891.29,5727.5376
2026-07-16 15:30:00,1891.3,1891.31,1881.94,1882.37,2679.7923
2026-07-16 15:45:00,1882.36,1886.02,1878.36,1881.88,2228.1207
2026-07-16 16:00:00,1881.89,1882.33,1875.51,1877.06,4664.223
2026-07-16 16:15:00,1877.05,1881.02,1874.67,1879.91,2384.6857
2026-07-16 16:30:00,1879.92,1883.0,1875.81,1875.94,1644.2026
2026-07-16 16:45:00,1875.93,1881.05,1874.98,1878.9,1478.424
2026-07-16 17:00:00,1878.9,1879.25,1868.79,1869.02,2832.1684
2026-07-16 17:15:00,1869.02,1874.53,1862.57,1871.97,5166.4774
2026-07-16 17:30:00,1871.96,1875.44,1869.56,1870.49,2056.1104
2026-07-16 17:45:00,1870.49,1871.15,1863.94,1868.91,2273.5998
2026-07-16 18:00:00,1868.92,1875.63,1868.1,1874.4,2534.1269
2026-07-16 18:15:00,1874.4,1879.69,1874.01,1875.53,2293.1249
2026-07-16 18:30:00,1875.54,1876.86,1871.45,1873.68,1129.7182
2026-07-16 18:45:00,1873.68,1878.17,1873.11,1875.85,852.2203
2026-07-16 19:00:00,1875.85,1877.75,1873.48,1873.9,753.2953
2026-07-16 19:15:00,1873.9,1876.14,1871.47,1874.68,791.6909
2026-07-16 19:30:00,1874.69,1876.46,1872.92,1873.42,1349.3883
2026-07-16 19:45:00,1873.41,1876.22,1871.09,1875.59,1120.118
2026-07-16 20:00:00,1875.59,1875.7,1872.59,1872.63,1087.7463
2026-07-16 20:15:00,1872.63,1875.47,1871.66,1873.45,537.3126
2026-07-16 20:30:00,1873.44,1874.77,1871.82,1872.93,1234.5684
2026-07-16 20:45:00,1872.93,1874.36,1871.8,1871.89,720.3254
2026-07-16 21:00:00,1871.9,1877.96,1871.77,1875.84,2101.7872
2026-07-16 21:15:00,1875.85,1879.59,1875.63,1877.62,831.1631
2026-07-16 21:30:00,1877.62,1881.36,1876.91,1879.31,1015.531
2026-07-16 21:45:00,1879.31,1879.59,1877.18,1878.66,902.8937
2026-07-16 22:00:00,1878.67,1881.59,1878.67,1880.3,1762.1173
2026-07-16 22:15:00,1880.29,1880.29,1873.48,1874.56,1074.9973
2026-07-16 22:30:00,1874.56,1877.36,1869.75,1871.76,1778.9993
2026-07-16 22:45:00,1871.77,1872.98,1868.04,1868.89,4663.7887
2026-07-16 23:00:00,1868.89,1870.66,1865.26,1866.98,2455.259
2026-07-16 23:15:00,1866.98,1866.98,1857.54,1861.3,6041.6615
2026-07-16 23:30:00,1861.29,1863.73,1858.74,1863.2,3407.5042
2026-07-16 23:45:00,1863.2,1866.41,1861.11,1864.71,1979.9504
2026-07-17 00:00:00,1864.71,1866.59,1860.66,1862.64,3300.1795
2026-07-17 00:15:00,1862.64,1866.71,1859.46,1860.96,1614.065
2026-07-17 00:30:00,1860.96,1861.25,1848.32,1858.38,7581.5925
2026-07-17 00:45:00,1858.38,1865.79,1858.36,1865.77,2467.8856
2026-07-17 01:00:00,1865.77,1871.08,1864.95,1867.97,2447.7087
2026-07-17 01:15:00,1867.98,1869.26,1860.01,1864.37,2053.3185
2026-07-17 01:30:00,1864.38,1864.57,1855.09,1855.32,2177.1252
2026-07-17 01:45:00,1855.32,1855.98,1848.07,1851.21,3322.0678
2026-07-17 02:00:00,1851.22,1854.51,1844.31,1853.96,2909.3706
2026-07-17 02:15:00,1853.97,1855.61,1849.07,1850.79,2535.1482
2026-07-17 02:30:00,1850.78,1852.13,1843.2,1846.53,3240.3847
2026-07-17 02:45:00,1846.53,1849.0,1843.47,1848.1,3788.1403
2026-07-17 03:00:00,1848.09,1854.89,1847.32,1854.08,1786.0081
2026-07-17 03:15:00,1854.08,1859.64,1852.91,1857.96,2443.9379
2026-07-17 03:30:00,1857.95,1858.74,1854.3,1855.11,1442.2062
2026-07-17 03:45:00,1855.12,1855.32,1851.28,1852.53,1377.678
2026-07-17 04:00:00,1852.53,1852.83,1849.57,1850.0,1669.2961
2026-07-17 04:15:00,1850.01,1851.39,1844.0,1847.28,2388.7208
2026-07-17 04:30:00,1847.27,1850.22,1844.01,1848.65,1691.1797
2026-07-17 04:45:00,1848.66,1853.08,1848.65,1850.07,966.3992
2026-07-17 05:00:00,1850.06,1850.06,1844.65,1847.91,1132.0858
2026-07-17 05:15:00,1847.91,1848.49,1837.0,1837.81,3568.8251
2026-07-17 05:30:00,1837.81,1839.82,1831.73,1832.44,5749.4964
2026-07-17 05:45:00,1832.44,1832.64,1821.36,1823.94,7330.9503
2026-07-17 06:00:00,1823.94,1830.1,1820.74,1827.28,4193.1553
2026-07-17 06:15:00,1827.29,1834.75,1825.81,1834.4,2324.7797
2026-07-17 06:30:00,1834.39,1836.55,1832.2,1832.48,1886.6887
2026-07-17 06:45:00,1832.49,1832.84,1830.26,1832.31,1163.8434
2026-07-17 07:00:00,1832.31,1832.66,1829.08,1830.06,1073.8329
2026-07-17 07:15:00,1830.05,1832.09,1827.18,1831.69,1528.4618
2026-07-17 07:30:00,1831.69,1833.56,1826.29,1829.96,3621.4241
2026-07-17 07:45:00,1829.95,1831.26,1827.56,1828.52,5244.5833
2026-07-17 08:00:00,1828.52,1830.94,1827.69,1830.38,4034.8261
2026-07-17 08:15:00,1830.38,1830.38,1824.01,1825.57,4715.5192
2026-07-17 08:30:00,1825.56,1828.0,1821.41,1827.99,2725.2344
2026-07-17 08:45:00,1827.99,1832.51,1827.83,1830.15,2274.7618
2026-07-17 09:00:00,1830.16,1833.04,1829.29,1832.9,1308.017
2026-07-17 09:15:00,1832.89,1832.9,1829.81,1831.71,1074.2964
2026-07-17 09:30:00,1831.72,1835.48,1830.96,1835.36,1337.2917
2026-07-17 09:45:00,1835.35,1836.27,1832.77,1835.1,1323.9852
2026-07-17 10:00:00,1835.1,1839.29,1834.3,1838.8,3765.4356
2026-07-17 10:15:00,1838.81,1840.4,1836.72,1837.68,3658.5694
2026-07-17 10:30:00,1837.67,1839.53,1836.84,1838.76,873.528
2026-07-17 10:45:00,1838.76,1839.07,1836.83,1836.97,1412.127
2026-07-17 11:00:00,1836.98,1838.35,1834.74,1834.75,1266.0423
2026-07-17 11:15:00,1834.74,1837.08,1833.3,1836.61,1973.5401
2026-07-17 11:30:00,1836.61,1842.5,1835.81,1841.94,2279.0456
2026-07-17 11:45:00,1841.94,1843.26,1838.95,1839.04,2848.2771
2026-07-17 12:00:00,1839.05,1840.58,1835.73,1836.26,1808.9138
2026-07-17 12:15:00,1836.26,1837.43,1832.77,1834.0,2564.4467
2026-07-17 12:30:00,1834.0,1835.07,1828.3,1829.64,3611.9578
2026-07-17 12:45:00,1829.64,1831.05,1827.73,1828.54,1866.1692
2026-07-17 13:00:00,1828.54,1829.23,1808.1,1814.59,15354.3193
2026-07-17 13:15:00,1814.59,1819.11,1812.58,1816.21,4051.8541
2026-07-17 13:30:00,1816.2,1818.79,1803.05,1807.02,9205.3606
2026-07-17 13:45:00,1807.01,1827.18,1805.36,1825.5,5569.8388
2026-07-17 14:00:00,1825.5,1834.0,1823.23,1829.51,4460.6013
2026-07-17 14:15:00,1829.52,1833.21,1822.12,1823.56,3057.129
2026-07-17 14:30:00,1823.56,1827.28,1817.34,1822.08,4470.8446
2026-07-17 14:45:00,1822.08,1824.63,1817.18,1822.16,3202.9362
2026-07-17 15:00:00,1822.16,1822.5,1810.77,1813.74,3716.8025
2026-07-17 15:15:00,1813.75,1821.88,1812.41,1821.74,2427.599
2026-07-17 15:30:00,1821.73,1826.64,1816.55,1823.83,5448.4102
2026-07-17 15:45:00,1823.82,1831.26,1822.4,1830.88,2153.1424
2026-07-17 16:00:00,1830.89,1835.1,1825.32,1831.77,4339.4732
2026-07-17 16:15:00,1831.78,1836.95,1830.48,1835.56,4044.6595
2026-07-17 16:30:00,1835.55,1838.23,1832.42,1837.99,2784.6428
2026-07-17 16:45:00,1837.99,1840.51,1835.59,1835.91,2661.6176
2026-07-17 17:00:00,1835.91,1856.17,1835.91,1846.51,6308.6856
2026-07-17 17:15:00,1846.51,1849.47,1843.0,1846.69,3059.9257
2026-07-17 17:30:00,1846.69,1848.05,1842.95,1844.57,2371.8272
2026-07-17 17:45:00,1844.56,1848.0,1842.07,1843.71,2650.0
2026-07-17 18:00:00,1843.72,1844.44,1840.62,1842.92,1387.4705
2026-07-17 18:15:00,1842.92,1842.92,1835.18,1837.39,1997.6062
2026-07-17 18:30:00,1837.39,1843.14,1837.09,1843.13,1544.7409
2026-07-17 18:45:00,1843.13,1849.67,1843.11,1846.99,2251.2084
2026-07-17 19:00:00,1846.98,1846.99,1840.06,1840.16,1115.2106
2026-07-17 19:15:00,1840.15,1841.05,1835.65,1841.05,1463.6662
2026-07-17 19:30:00,1841.06,1845.24,1840.25,1845.11,1281.9889
2026-07-17 19:45:00,1845.1,1846.26,1842.78,1843.76,1715.978
2026-07-17 20:00:00,1843.76,1843.76,1837.15,1838.91,1058.347
2026-07-17 20:15:00,1838.91,1841.55,1838.44,1840.59,778.3002
2026-07-17 20:30:00,1840.58,1842.09,1838.27,1842.09,648.8726
2026-07-17 20:45:00,1842.09,1846.2,1841.44,1842.93,972.5114
2026-07-17 21:00:00,1842.93,1845.71,1842.77,1844.75,504.2601
2026-07-17 21:15:00,1844.75,1846.65,1844.17,1844.91,414.8122
2026-07-17 21:30:00,1844.91,1844.91,1841.13,1842.13,935.5333
2026-07-17 21:45:00,1842.13,1842.92,1840.5,1841.54,760.5864
2026-07-17 22:00:00,1841.55,1843.89,1840.28,1842.04,504.563
2026-07-17 22:15:00,1842.03,1842.03,1838.78,1839.32,903.3993
2026-07-17 22:30:00,1839.32,1840.24,1838.16,1838.2,617.3875
2026-07-17 22:45:00,1838.21,1840.21,1837.62,1839.95,576.8766
2026-07-17 23:00:00,1839.94,1839.95,1835.27,1836.83,1043.0392
2026-07-17 23:15:00,1836.84,1841.17,1836.84,1841.17,591.9229
2026-07-17 23:30:00,1841.17,1844.47,1841.17,1842.9,771.3733
2026-07-17 23:45:00,1842.9,1843.64,1841.76,1841.93,1105.9075
2026-07-18 00:00:00,1841.94,1843.81,1839.86,1843.34,899.6031
2026-07-18 00:15:00,1843.34,1845.0,1842.2,1842.87,492.3891
2026-07-18 00:30:00,1842.87,1842.87,1839.97,1841.15,902.0856
2026-07-18 00:45:00,1841.15,1843.38,1840.31,1840.84,517.4031
2026-07-18 01:00:00,1840.84,1841.12,1839.38,1840.58,692.3332
2026-07-18 01:15:00,1840.59,1843.38,1839.47,1843.14,754.6018
2026-07-18 01:30:00,1843.15,1843.15,1839.61,1841.47,628.2466
2026-07-18 01:45:00,1841.47,1843.39,1841.47,1842.48,495.544
2026-07-18 02:00:00,1842.49,1844.39,1840.73,1843.64,1379.2969
2026-07-18 02:15:00,1843.64,1845.3,1843.01,1843.97,1041.0716
2026-07-18 02:30:00,1843.97,1846.74,1842.4,1842.58,1237.8456
2026-07-18 02:45:00,1842.58,1843.32,1841.63,1841.91,1207.7275
2026-07-18 03:00:00,1841.91,1844.18,1841.46,1843.16,958.0357
2026-07-18 03:15:00,1843.17,1844.58,1842.8,1843.55,1146.6608
2026-07-18 03:30:00,1843.56,1844.59,1842.78,1843.16,411.1527
2026-07-18 03:45:00,1843.16,1846.49,1842.68,1845.96,863.6398
2026-07-18 04:00:00,1845.96,1846.19,1844.35,1844.66,499.9372
2026-07-18 04:15:00,1844.65,1844.87,1842.57,1844.43,574.477
2026-07-18 04:30:00,1844.43,1844.53,1842.56,1843.64,372.7416
2026-07-18 04:45:00,1843.64,1845.0,1843.45,1844.7,384.618
2026-07-18 05:00:00,1844.7,1845.01,1843.42,1843.43,344.0324
2026-07-18 05:15:00,1843.42,1846.68,1843.19,1845.74,687.95
2026-07-18 05:30:00,1845.74,1848.76,1845.74,1846.09,785.3516
2026-07-18 05:45:00,1846.1,1849.68,1844.7,1845.86,1607.6515
2026-07-18 06:00:00,1845.85,1846.56,1844.71,1844.74,950.0262
2026-07-18 06:15:00,1844.74,1848.0,1844.54,1846.0,986.6137
2026-07-18 06:30:00,1846.0,1846.11,1843.11,1844.82,668.9226
2026-07-18 06:45:00,1844.82,1845.49,1844.36,1844.97,372.6139
2026-07-18 07:00:00,1844.98,1846.04,1843.04,1843.26,519.4424
2026-07-18 07:15:00,1843.25,1845.65,1843.25,1845.19,304.8713
2026-07-18 07:30:00,1845.19,1845.49,1845.0,1845.34,520.3647
2026-07-18 07:45:00,1845.35,1845.45,1843.5,1844.2,613.7578
2026-07-18 08:00:00,1844.2,1845.33,1842.3,1844.51,924.5104
2026-07-18 08:15:00,1844.5,1846.95,1844.38,1846.7,651.0313
2026-07-18 08:30:00,1846.7,1849.44,1846.69,1846.8,991.3867
2026-07-18 08:45:00,1846.8,1848.03,1846.7,1847.43,621.3587
2026-07-18 09:00:00,1847.44,1848.03,1846.07,1846.39,401.2821
2026-07-18 09:15:00,1846.38,1846.39,1842.93,1843.62,919.2908
2026-07-18 09:30:00,1843.62,1845.33,1843.45,1845.05,723.8095
2026-07-18 09:45:00,1845.05,1845.44,1844.87,1844.87,516.1568
2026-07-18 10:00:00,1844.87,1845.67,1844.45,1844.76,309.3385
2026-07-18 10:15:00,1844.75,1846.67,1844.37,1846.61,1057.781
2026-07-18 10:30:00,1846.61,1846.72,1844.01,1844.69,1432.7408
2026-07-18 10:45:00,1844.7,1845.74,1844.69,1845.57,222.6283
2026-07-18 11:00:00,1845.57,1845.91,1845.0,1845.11,259.1017
2026-07-18 11:15:00,1845.11,1845.89,1845.02,1845.53,323.98
2026-07-18 11:30:00,1845.54,1845.54,1844.37,1844.99,455.8999
2026-07-18 11:45:00,1844.99,1846.85,1844.75,1845.56,352.1667
2026-07-18 12:00:00,1845.56,1850.64,1845.56,1846.55,1171.032
2026-07-18 12:15:00,1846.54,1846.78,1841.24,1841.34,1732.8678
2026-07-18 12:30:00,1841.34,1845.01,1840.17,1844.53,1298.3845
2026-07-18 12:45:00,1844.53,1848.16,1844.36,1844.98,1720.2278
2026-07-18 13:00:00,1844.97,1844.97,1837.67,1839.25,1763.9516
2026-07-18 13:15:00,1839.26,1841.6,1837.58,1841.36,747.6483
2026-07-18 13:30:00,1841.35,1842.47,1840.06,1841.57,1035.1497
2026-07-18 13:45:00,1841.57,1842.41,1840.51,1841.61,560.9458
2026-07-18 14:00:00,1841.61,1843.92,1840.64,1843.21,996.3085
2026-07-18 14:15:00,1843.21,1845.53,1842.13,1845.53,650.0975
2026-07-18 14:30:00,1845.52,1846.27,1844.06,1845.96,1015.2841
2026-07-18 14:45:00,1845.97,1846.21,1844.63,1845.95,1131.8906
2026-07-18 15:00:00,1845.95,1846.35,1843.62,1844.57,1190.8126
2026-07-18 15:15:00,1844.58,1846.0,1843.63,1843.64,898.366
2026-07-18 15:30:00,1843.64,1844.59,1843.22,1843.53,740.1465
2026-07-18 15:45:00,1843.53,1845.84,1842.12,1844.15,973.262
2026-07-18 16:00:00,1844.15,1844.35,1841.99,1844.22,758.5376
2026-07-18 16:15:00,1844.21,1844.63,1842.63,1843.6,330.5829
2026-07-18 16:30:00,1843.6,1845.3,1842.65,1843.5,596.5284
2026-07-18 16:45:00,1843.49,1847.14,1841.51,1846.11,1721.9144
2026-07-18 17:00:00,1846.11,1846.36,1845.0,1846.09,700.8127
2026-07-18 17:15:00,1846.09,1848.75,1843.54,1844.04,1062.2296
2026-07-18 17:30:00,1844.03,1850.29,1844.03,1849.51,1305.141
2026-07-18 17:45:00,1849.51,1853.48,1849.01,1852.82,1977.2143
2026-07-18 18:00:00,1852.83,1853.12,1850.22,1850.23,988.5553
2026-07-18 18:15:00,1850.23,1867.58,1850.01,1859.16,8651.5354
2026-07-18 18:30:00,1859.16,1859.68,1854.39,1855.13,2313.4128
2026-07-18 18:45:00,1855.13,1859.21,1854.93,1857.54,2168.5471
2026-07-18 19:00:00,1857.53,1860.76,1856.99,1858.94,1194.6649
2026-07-18 19:15:00,1858.94,1861.4,1856.22,1856.91,1698.8894
2026-07-18 19:30:00,1856.91,1859.06,1855.92,1858.02,902.3119
2026-07-18 19:45:00,1858.03,1859.0,1857.09,1858.45,940.904
2026-07-18 20:00:00,1858.45,1860.3,1857.15,1859.81,1066.0981
2026-07-18 20:15:00,1859.8,1863.37,1859.14,1859.47,1279.4117
2026-07-18 20:30:00,1859.47,1859.47,1856.53,1857.92,814.308
2026-07-18 20:45:00,1857.93,1858.03,1855.47,1857.34,974.4686
2026-07-18 21:00:00,1857.35,1862.3,1855.96,1862.3,1119.0601
2026-07-18 21:15:00,1862.31,1863.18,1859.28,1859.77,858.8724
2026-07-18 21:30:00,1859.78,1859.97,1857.92,1858.24,857.3982
2026-07-18 21:45:00,1858.24,1863.07,1857.0,1860.97,1319.6101
2026-07-18 22:00:00,1860.97,1865.86,1859.9,1863.18,1223.1603
2026-07-18 22:15:00,1863.18,1864.59,1861.31,1861.31,723.3518
2026-07-18 22:30:00,1861.3,1863.03,1860.5,1862.68,585.6163
2026-07-18 22:45:00,1862.68,1864.77,1861.57,1863.7,846.1293
2026-07-18 23:00:00,1863.7,1864.45,1860.1,1860.71,668.9942
2026-07-18 23:15:00,1860.72,1863.46,1860.21,1863.18,504.0817
2026-07-18 23:30:00,1863.18,1863.18,1861.23,1861.92,390.5543
2026-07-18 23:45:00,1861.92,1863.0,1861.11,1862.61,445.1789
2026-07-19 00:00:00,1862.61,1863.25,1862.09,1862.4,588.3969
2026-07-19 00:15:00,1862.4,1863.88,1859.35,1859.5,1149.4615
2026-07-19 00:30:00,1859.49,1861.29,1859.2,1859.89,795.3788
2026-07-19 00:45:00,1859.9,1863.15,1859.56,1861.45,621.2672
2026-07-19 01:00:00,1861.45,1861.53,1859.82,1860.49,505.002
2026-07-19 01:15:00,1860.5,1861.44,1859.47,1859.78,3644.7428
2026-07-19 01:30:00,1859.77,1860.6,1858.3,1859.06,2306.8461
2026-07-19 01:45:00,1859.06,1860.12,1858.64,1859.18,1513.7627
2026-07-19 02:00:00,1859.19,1872.79,1858.17,1870.65,4429.8092
2026-07-19 02:15:00,1870.66,1873.0,1867.31,1868.09,2029.7659
2026-07-19 02:30:00,1868.1,1877.33,1868.1,1872.86,3142.5548
2026-07-19 02:45:00,1872.86,1874.37,1871.17,1871.44,1439.7081
2026-07-19 03:00:00,1871.45,1872.99,1867.99,1868.0,1690.5966
2026-07-19 03:15:00,1868.0,1868.0,1863.84,1865.39,1518.5897
2026-07-19 03:30:00,1865.39,1867.11,1864.85,1865.54,1368.9261
2026-07-19 03:45:00,1865.55,1867.08,1864.49,1867.08,642.6867
2026-07-19 04:00:00,1867.08,1868.51,1864.21,1865.49,1320.2481
2026-07-19 04:15:00,1865.5,1867.09,1865.5,1866.83,1007.0831
2026-07-19 04:30:00,1866.84,1870.2,1866.14,1868.42,456.498
2026-07-19 04:45:00,1868.42,1870.2,1866.62,1867.33,695.2745
2026-07-19 05:00:00,1867.32,1870.15,1867.32,1870.15,688.8384
2026-07-19 05:15:00,1870.15,1870.2,1867.96,1868.31,770.409
2026-07-19 05:30:00,1868.31,1868.31,1865.61,1867.66,641.641
2026-07-19 05:45:00,1867.65,1870.12,1867.65,1868.56,671.6373
2026-07-19 06:00:00,1868.55,1870.07,1868.2,1869.58,662.5194
2026-07-19 06:15:00,1869.57,1870.8,1868.65,1869.4,673.3037
2026-07-19 06:30:00,1869.39,1871.43,1868.7,1870.38,878.0446
2026-07-19 06:45:00,1870.37,1870.61,1868.71,1869.39,664.6234
2026-07-19 07:00:00,1869.39,1869.39,1867.14,1868.04,938.2718
2026-07-19 07:15:00,1868.03,1869.69,1867.52,1869.55,2030.6756
2026-07-19 07:30:00,1869.55,1871.99,1868.68,1871.0,1917.306
2026-07-19 07:45:00,1871.01,1871.12,1868.81,1870.25,3124.3685
2026-07-19 08:00:00,1870.26,1871.19,1868.22,1870.69,793.6852
2026-07-19 08:15:00,1870.69,1870.69,1867.81,1869.03,681.086
2026-07-19 08:30:00,1869.03,1871.11,1867.76,1870.6,1050.6708
2026-07-19 08:45:00,1870.61,1875.33,1870.6,1873.88,2368.4564
2026-07-19 09:00:00,1873.89,1874.17,1871.0,1871.21,822.4038
2026-07-19 09:15:00,1871.21,1871.21,1866.37,1868.85,1169.5075
2026-07-19 09:30:00,1868.84,1870.39,1865.82,1866.47,1241.6787
2026-07-19 09:45:00,1866.48,1868.26,1864.55,1866.16,1770.4363
2026-07-19 10:00:00,1866.15,1867.57,1863.46,1866.26,1480.1884
2026-07-19 10:15:00,1866.26,1868.56,1866.02,1868.34,758.0207
2026-07-19 10:30:00,1868.33,1872.62,1867.3,1871.91,875.888
2026-07-19 10:45:00,1871.92,1879.38,1871.91,1872.25,2514.5546
2026-07-19 11:00:00,1872.25,1877.05,1870.0,1875.26,1978.4926
2026-07-19 11:15:00,1875.26,1878.86,1874.13,1875.94,1712.8162
2026-07-19 11:30:00,1875.93,1877.5,1874.43,1875.46,1361.9461
2026-07-19 11:45:00,1875.46,1875.97,1870.41,1871.41,1243.6254
2026-07-19 12:00:00,1871.4,1871.71,1864.77,1865.03,2518.9871
2026-07-19 12:15:00,1865.03,1874.34,1864.47,1868.6,2445.8554
2026-07-19 12:30:00,1868.61,1874.16,1868.61,1871.01,1160.6118
2026-07-19 12:45:00,1871.0,1871.73,1868.68,1870.38,658.5018
2026-07-19 13:00:00,1870.39,1870.78,1866.1,1867.36,1158.6485
2026-07-19 13:15:00,1867.36,1869.37,1865.89,1869.01,1005.3363
2026-07-19 13:30:00,1869.01,1872.59,1868.26,1869.31,1348.2598
2026-07-19 13:45:00,1869.31,1873.77,1869.13,1871.83,948.2023
2026-07-19 14:00:00,1871.83,1874.39,1870.88,1873.49,1495.165
2026-07-19 14:15:00,1873.49,1874.22,1868.89,1871.61,1023.7225
2026-07-19 14:30:00,1871.62,1876.42,1871.2,1873.83,1414.9527
2026-07-19 14:45:00,1873.83,1879.26,1873.49,1874.69,2018.9097
2026-07-19 15:00:00,1874.69,1876.0,1872.91,1874.4,1547.8175
2026-07-19 15:15:00,1874.41,1875.27,1868.93,1869.61,1582.8311
2026-07-19 15:30:00,1869.61,1873.91,1869.6,1872.08,2694.7486
2026-07-19 15:45:00,1872.08,1872.51,1870.24,1870.91,720.5325
2026-07-19 16:00:00,1870.91,1873.59,1868.28,1870.47,1341.7555
2026-07-19 16:15:00,1870.47,1872.24,1869.05,1870.45,1365.8893
2026-07-19 16:30:00,1870.45,1870.46,1867.11,1868.61,1327.4866
2026-07-19 16:45:00,1868.61,1869.15,1866.0,1866.8,1185.6751
2026-07-19 17:00:00,1866.8,1872.0,1857.77,1871.57,4704.9696
2026-07-19 17:15:00,1871.56,1873.85,1867.89,1870.07,1789.046
2026-07-19 17:30:00,1870.06,1873.54,1868.87,1869.58,1282.4455
2026-07-19 17:45:00,1869.59,1869.96,1867.23,1867.23,796.5263
2026-07-19 18:00:00,1867.23,1867.7,1851.71,1862.71,5557.3714
2026-07-19 18:15:00,1862.72,1863.32,1857.95,1857.96,1691.8074
2026-07-19 18:30:00,1857.96,1861.19,1856.59,1859.65,959.0154
2026-07-19 18:45:00,1859.65,1861.12,1857.64,1861.12,1341.2836
2026-07-19 19:00:00,1861.12,1861.62,1854.84,1860.25,1049.2275
2026-07-19 19:15:00,1860.25,1860.92,1859.01,1860.24,459.5499
2026-07-19 19:30:00,1860.24,1861.24,1858.64,1859.25,1243.5122
2026-07-19 19:45:00,1859.24,1862.77,1858.7,1862.37,1208.438
2026-07-19 20:00:00,1862.37,1866.42,1862.37,1863.94,2096.7964
2026-07-19 20:15:00,1863.95,1864.99,1862.2,1864.4,1127.6712
2026-07-19 20:30:00,1864.4,1866.5,1863.91,1865.54,577.6861
2026-07-19 20:45:00,1865.54,1867.15,1864.13,1867.14,733.9205
2026-07-19 21:00:00,1867.15,1868.23,1865.09,1866.98,859.6217
2026-07-19 21:15:00,1866.99,1867.3,1862.58,1864.33,686.3505
2026-07-19 21:30:00,1864.32,1864.41,1857.49,1859.16,1882.0066
2026-07-19 21:45:00,1859.17,1862.14,1858.76,1862.12,909.6109
2026-07-19 22:00:00,1862.12,1872.0,1857.0,1869.02,5065.7998
2026-07-19 22:15:00,1869.01,1877.03,1869.01,1871.43,4431.0614
2026-07-19 22:30:00,1871.43,1875.2,1867.6,1874.37,1921.2504
2026-07-19 22:45:00,1874.36,1874.36,1869.89,1870.44,936.0045
2026-07-19 23:00:00,1870.44,1871.64,1865.0,1870.68,1614.257
2026-07-19 23:15:00,1870.68,1871.72,1868.14,1868.97,679.9045
2026-07-19 23:30:00,1868.98,1874.25,1867.84,1874.05,2061.0686
2026-07-19 23:45:00,1874.06,1874.94,1869.58,1872.23,940.88
2026-07-20 00:00:00,1872.24,1890.29,1866.33,1887.68,6194.0984
2026-07-20 00:15:00,1887.68,1891.71,1877.18,1879.84,3455.8301
2026-07-20 00:30:00,1879.84,1885.55,1876.34,1880.83,2011.8722
2026-07-20 00:45:00,1880.83,1880.83,1862.08,1872.14,4200.1489
2026-07-20 01:00:00,1872.14,1889.94,1870.29,1879.65,3666.0483
2026-07-20 01:15:00,1879.66,1884.75,1872.69,1880.72,2121.1163
2026-07-20 01:30:00,1880.73,1881.47,1870.56,1873.94,2315.4006
2026-07-20 01:45:00,1873.94,1875.09,1865.84,1869.56,1769.8181
2026-07-20 02:00:00,1869.57,1882.63,1868.97,1877.58,2311.1744
2026-07-20 02:15:00,1877.59,1878.48,1867.71,1871.77,1798.5457
2026-07-20 02:30:00,1871.76,1880.63,1871.06,1877.45,1903.8591
2026-07-20 02:45:00,1877.46,1883.33,1877.33,1879.06,2533.9502
2026-07-20 03:00:00,1879.06,1881.35,1876.72,1880.15,1882.731
2026-07-20 03:15:00,1880.14,1882.24,1870.91,1872.99,1843.2837
2026-07-20 03:30:00,1872.98,1880.09,1871.97,1880.09,1231.441
2026-07-20 03:45:00,1880.09,1880.77,1876.5,1879.94,1088.2531
2026-07-20 04:00:00,1879.94,1879.99,1872.0,1872.51,1114.4381
2026-07-20 04:15:00,1872.51,1874.74,1868.46,1873.98,1923.0628
2026-07-20 04:30:00,1873.97,1878.85,1872.45,1875.89,1233.6564
2026-07-20 04:45:00,1875.9,1877.3,1868.56,1868.94,1302.1279
2026-07-20 05:00:00,1868.95,1869.94,1851.5,1859.42,4561.5891
2026-07-20 05:15:00,1859.42,1864.3,1855.3,1859.27,2481.2634
2026-07-20 05:30:00,1859.27,1860.8,1856.58,1858.81,3625.9697
2026-07-20 05:45:00,1858.81,1859.07,1854.13,1855.45,1667.4822
2026-07-20 06:00:00,1855.46,1857.93,1852.35,1857.28,2075.0029
2026-07-20 06:15:00,1857.28,1860.23,1854.65,1856.79,3164.6176
2026-07-20 06:30:00,1856.78,1857.63,1843.14,1848.46,6384.047
2026-07-20 06:45:00,1848.46,1851.0,1846.11,1849.73,2106.1303
2026-07-20 07:00:00,1849.73,1854.52,1849.73,1853.18,2587.4097
2026-07-20 07:15:00,1853.18,1859.49,1849.26,1857.97,2799.33
2026-07-20 07:30:00,1857.97,1862.65,1857.11,1862.63,2128.1658
2026-07-20 07:45:00,1862.63,1865.54,1861.36,1863.95,2212.3228
2026-07-20 08:00:00,1863.95,1866.8,1861.43,1864.76,2037.7177
2026-07-20 08:15:00,1864.76,1868.53,1863.96,1864.5,3600.663
2026-07-20 08:30:00,1864.51,1865.2,1854.31,1854.95,6240.332
2026-07-20 08:45:00,1854.94,1863.65,1854.94,1861.01,2071.7242
2026-07-20 09:00:00,1861.0,1862.02,1857.95,1860.05,1401.335
2026-07-20 09:15:00,1860.06,1864.35,1860.06,1863.74,2156.6912
2026-07-20 09:30:00,1863.75,1865.87,1862.93,1865.51,2048.2454
2026-07-20 09:45:00,1865.52,1867.55,1864.0,1864.16,1399.9929
2026-07-20 10:00:00,1864.15,1866.8,1862.71,1865.99,960.9072
2026-07-20 10:15:00,1865.98,1872.35,1864.37,1870.19,1900.0473
2026-07-20 10:30:00,1870.19,1870.53,1867.2,1870.49,720.9939
2026-07-20 10:45:00,1870.49,1870.49,1868.58,1868.85,1454.7436
2026-07-20 11:00:00,1868.86,1876.94,1868.06,1874.95,2654.3176
2026-07-20 11:15:00,1874.95,1875.81,1872.44,1874.34,738.0064
2026-07-20 11:30:00,1874.33,1894.88,1873.92,1887.6,9803.7778
2026-07-20 11:45:00,1887.6,1896.5,1887.18,1893.2,4902.8313
2026-07-20 12:00:00,1893.21,1893.62,1878.61,1880.45,5449.8014
2026-07-20 12:15:00,1880.44,1881.74,1876.1,1877.33,2210.5236
2026-07-20 12:30:00,1877.33,1878.75,1872.5,1873.41,2455.0429
2026-07-20 12:45:00,1873.41,1875.82,1871.88,1873.33,2001.765
2026-07-20 13:00:00,1873.34,1875.53,1872.13,1872.91,1893.3772
2026-07-20 13:15:00,1872.92,1875.58,1866.69,1870.28,2838.9729
2026-07-20 13:30:00,1870.28,1880.61,1868.98,1876.1,4344.5659
2026-07-20 13:45:00,1876.1,1877.33,1857.63,1862.68,7387.3495
2026-07-20 14:00:00,1862.68,1865.94,1859.43,1861.37,2693.6817
2026-07-20 14:15:00,1861.38,1867.28,1853.65,1867.28,4691.4645
2026-07-20 14:30:00,1867.28,1869.76,1863.17,1866.36,2395.8217
2026-07-20 14:45:00,1866.36,1871.96,1863.13,1868.01,2140.9284
2026-07-20 15:00:00,1868.01,1886.41,1867.65,1885.4,5562.6749
2026-07-20 15:15:00,1885.4,1887.48,1882.09,1885.11,3939.3045
2026-07-20 15:30:00,1885.11,1893.67,1881.6,1891.26,3981.7795
2026-07-20 15:45:00,1891.27,1904.92,1891.26,1902.34,11151.6634
2026-07-20 16:00:00,1902.34,1904.49,1893.8,1903.79,5190.3605
2026-07-20 16:15:00,1903.79,1906.76,1896.97,1900.39,3865.6476
2026-07-20 16:30:00,1900.39,1904.18,1895.94,1896.9,4964.4789
2026-07-20 16:45:00,1896.89,1902.37,1895.42,1899.41,2471.8856
2026-07-20 17:00:00,1899.41,1903.46,1896.99,1898.92,5834.5274
2026-07-20 17:15:00,1898.92,1900.84,1895.68,1900.15,1781.7346
2026-07-20 17:30:00,1900.16,1900.44,1896.19,1897.41,1534.4502
2026-07-20 17:45:00,1897.41,1909.74,1897.41,1907.78,4884.5359
2026-07-20 18:00:00,1907.78,1918.0,1906.89,1914.82,7483.8685
2026-07-20 18:15:00,1914.82,1918.16,1906.88,1908.16,4120.7268
2026-07-20 18:30:00,1908.16,1908.39,1901.87,1902.14,2574.5571
2026-07-20 18:45:00,1902.14,1902.92,1897.52,1899.52,3603.4492
2026-07-20 19:00:00,1899.52,1900.1,1891.59,1891.64,2404.1016
2026-07-20 19:15:00,1891.64,1897.77,1890.07,1896.7,4015.7
2026-07-20 19:30:00,1896.69,1898.41,1893.33,1897.36,1401.3313
2026-07-20 19:45:00,1897.37,1901.07,1896.2,1898.46,2178.5407
2026-07-20 20:00:00,1898.46,1901.67,1896.2,1901.34,1251.4924
2026-07-20 20:15:00,1901.34,1903.17,1900.0,1901.45,1079.6145
2026-07-20 20:30:00,1901.46,1906.55,1901.29,1903.7,2094.8444
2026-07-20 20:45:00,1903.69,1905.1,1902.46,1904.84,931.51
2026-07-20 21:00:00,1904.83,1907.58,1904.02,1905.19,1399.6878
2026-07-20 21:15:00,1905.19,1906.99,1904.59,1904.87,761.9749
2026-07-20 21:30:00,1904.87,1906.89,1904.58,1904.94,1555.946
2026-07-20 21:45:00,1904.94,1905.79,1902.0,1902.45,1110.035
2026-07-20 22:00:00,1902.46,1902.58,1898.64,1899.98,1417.3331
2026-07-20 22:15:00,1899.99,1899.99,1896.4,1896.45,1396.5933
2026-07-20 22:30:00,1896.44,1897.94,1894.4,1895.15,1745.7129
2026-07-20 22:45:00,1895.16,1895.99,1894.88,1895.72,853.204
2026-07-20 23:00:00,1895.72,1901.11,1895.33,1899.07,1512.9858
2026-07-20 23:15:00,1899.06,1903.5,1899.06,1903.49,970.1539
2026-07-20 23:30:00,1903.49,1904.65,1900.83,1901.62,1213.0779
2026-07-20 23:45:00,1901.61,1905.26,1899.81,1904.77,2666.3409
2026-07-21 00:00:00,1904.77,1905.26,1900.74,1902.62,2748.7674
2026-07-21 00:15:00,1902.63,1910.22,1901.57,1907.37,2070.1957
2026-07-21 00:30:00,1907.36,1916.62,1907.1,1914.46,3029.8715
2026-07-21 00:45:00,1914.45,1917.79,1914.45,1914.8,2362.3916
2026-07-21 01:00:00,1914.8,1918.18,1912.6,1913.82,2251.8758
2026-07-21 01:15:00,1913.82,1913.95,1909.61,1910.23,1806.5926
2026-07-21 01:30:00,1910.22,1915.28,1908.38,1909.89,1616.336
2026-07-21 01:45:00,1909.88,1910.96,1907.0,1907.49,1117.9829
2026-07-21 02:00:00,1907.49,1913.84,1907.04,1909.65,1477.8913
2026-07-21 02:15:00,1909.66,1909.66,1904.6,1907.7,921.0361
2026-07-21 02:30:00,1907.69,1913.68,1907.57,1912.16,1190.3665
2026-07-21 02:45:00,1912.16,1924.0,1910.84,1917.3,5254.4792
2026-07-21 03:00:00,1917.3,1928.57,1916.94,1925.0,4935.7157
2026-07-21 03:15:00,1924.99,1927.97,1922.06,1924.89,3092.3399
2026-07-21 03:30:00,1924.89,1927.9,1922.84,1926.34,2825.101
2026-07-21 03:45:00,1926.34,1928.49,1924.29,1926.75,2689.3859
2026-07-21 04:00:00,1926.74,1931.2,1925.13,1925.92,3248.0353
2026-07-21 04:15:00,1925.93,1926.5,1922.99,1923.23,2069.3213
2026-07-21 04:30:00,1923.22,1925.6,1922.59,1924.56,1709.8361
2026-07-21 04:45:00,1924.55,1926.0,1923.64,1924.59,1606.0013
2026-07-21 05:00:00,1924.59,1926.46,1922.47,1923.54,1987.5536
2026-07-21 05:15:00,1923.54,1926.4,1921.81,1925.1,1583.2202
2026-07-21 05:30:00,1925.11,1927.26,1923.34,1926.59,1237.787
2026-07-21 05:45:00,1926.59,1936.0,1925.48,1930.56,4275.6844
2026-07-21 06:00:00,1930.56,1934.09,1927.8,1931.84,2023.3405
2026-07-21 06:15:00,1931.84,1933.95,1929.63,1932.42,1865.2688
2026-07-21 06:30:00,1932.41,1939.99,1932.12,1937.94,4300.5278
2026-07-21 06:45:00,1937.94,1938.31,1933.71,1935.03,2700.0842
2026-07-21 07:00:00,1935.03,1936.51,1933.94,1936.05,2470.0063
2026-07-21 07:15:00,1936.05,1938.61,1933.94,1935.51,2605.8208
2026-07-21 07:30:00,1935.52,1940.25,1934.01,1934.2,3716.4299
2026-07-21 07:45:00,1934.2,1936.98,1933.42,1934.08,3157.2239
2026-07-21 08:00:00,1934.07,1938.25,1931.63,1938.22,2652.061
2026-07-21 08:15:00,1938.22,1953.0,1936.88,1940.28,17532.5104
2026-07-21 08:30:00,1940.29,1942.67,1938.33,1942.13,5099.7457
2026-07-21 08:45:00,1942.13,1943.12,1938.87,1939.8,4708.7305
2026-07-21 09:00:00,1939.79,1940.48,1936.75,1940.32,14158.8677
2026-07-21 09:15:00,1940.32,1941.31,1937.93,1938.63,7213.381
2026-07-21 09:30:00,1938.63,1942.01,1938.4,1940.0,5823.7693
2026-07-21 09:45:00,1940.0,1944.17,1940.0,1942.22,7117.1239
2026-07-21 10:00:00,1942.22,1947.09,1941.89,1944.92,4705.764
2026-07-21 10:15:00,1944.92,1945.67,1942.12,1942.36,3794.8426
2026-07-21 10:30:00,1942.37,1943.72,1939.29,1939.8,3665.9294
2026-07-21 10:45:00,1939.8,1941.07,1932.1,1934.18,4085.1709
2026-07-21 11:00:00,1934.19,1934.47,1929.0,1929.71,11703.3537
2026-07-21 11:15:00,1929.72,1932.05,1925.98,1929.45,12952.4834
2026-07-21 11:30:00,1929.46,1934.99,1929.45,1934.74,5814.1319
2026-07-21 11:45:00,1934.74,1937.34,1934.44,1935.69,2937.8743
2026-07-21 12:00:00,1935.69,1939.39,1932.38,1936.1,3248.236
2026-07-21 12:15:00,1936.1,1943.52,1933.54,1940.29,4230.4919
2026-07-21 12:30:00,1940.29,1945.23,1939.52,1941.89,4863.9817
2026-07-21 12:45:00,1941.9,1944.1,1939.98,1942.79,2937.1977
2026-07-21 13:00:00,1942.8,1943.77,1940.49,1942.22,3087.2372
2026-07-21 13:15:00,1942.23,1942.82,1935.49,1937.17,3356.2786
2026-07-21 13:30:00,1937.17,1937.98,1927.53,1929.1,7088.9193
2026-07-21 13:45:00,1929.1,1941.44,1928.4,1940.3,6382.1671
2026-07-21 14:00:00,1940.31,1944.0,1936.25,1941.67,5179.3555
2026-07-21 14:15:00,1941.68,1941.68,1928.0,1932.69,4396.1133
2026-07-21 14:30:00,1932.7,1937.6,1930.9,1936.31,3198.561
2026-07-21 14:45:00,1936.32,1938.43,1931.52,1931.87,1931.5882
2026-07-21 15:00:00,1931.88,1931.88,1925.42,1927.3,4903.5587
2026-07-21 15:15:00,1927.3,1930.97,1924.19,1926.06,2578.8566
2026-07-21 15:30:00,1926.06,1929.86,1923.36,1927.3,2967.018
2026-07-21 15:45:00,1927.3,1932.51,1926.19,1931.81,2061.5728
2026-07-21 16:00:00,1931.81,1935.36,1929.39,1930.33,1897.3009
2026-07-21 16:15:00,1930.34,1930.34,1924.34,1924.68,1657.848
2026-07-21 16:30:00,1924.68,1927.92,1923.2,1924.68,1412.5477
2026-07-21 16:45:00,1924.68,1928.38,1921.63,1926.37,2920.1154
2026-07-21 17:00:00,1926.37,1928.38,1925.4,1926.08,2428.6206
2026-07-21 17:15:00,1926.09,1926.84,1922.11,1925.13,2747.1374
2026-07-21 17:30:00,1925.14,1927.5,1923.47,1927.28,2907.4498
2026-07-21 17:45:00,1927.28,1927.47,1915.0,1918.71,6425.3368
2026-07-21 18:00:00,1918.7,1923.0,1915.53,1920.87,3846.3409
2026-07-21 18:15:00,1920.87,1921.9,1916.79,1920.5,2645.7099
2026-07-21 18:30:00,1920.5,1922.54,1915.11,1921.61,3079.2188
2026-07-21 18:45:00,1921.6,1922.0,1919.16,1919.93,3094.3819
2026-07-21 19:00:00,1919.93,1923.28,1918.2,1919.72,6627.7737
2026-07-21 19:15:00,1919.72,1924.6,1919.04,1924.21,2341.9717
2026-07-21 19:30:00,1924.22,1926.16,1922.83,1923.88,2589.8592
2026-07-21 19:45:00,1923.88,1925.93,1922.65,1923.39,3326.1729
2026-07-21 20:00:00,1923.38,1924.24,1921.68,1922.61,2016.6776
2026-07-21 20:15:00,1922.61,1923.21,1921.69,1923.16,1212.36
2026-07-21 20:30:00,1923.16,1926.44,1923.16,1925.08,1714.7118
2026-07-21 20:45:00,1925.08,1925.34,1923.19,1923.24,1074.5
2026-07-21 21:00:00,1923.25,1923.25,1919.85,1923.0,1013.3291
2026-07-21 21:15:00,1923.0,1924.98,1922.11,1924.07,1671.9575
2026-07-21 21:30:00,1924.08,1926.54,1924.07,1926.47,982.5242
2026-07-21 21:45:00,1926.47,1926.48,1923.55,1924.32,1344.7749
2026-07-21 22:00:00,1924.31,1924.31,1921.0,1922.44,1245.2116
2026-07-21 22:15:00,1922.43,1922.69,1919.85,1921.67,927.0528
2026-07-21 22:30:00,1921.67,1923.58,1920.48,1921.35,635.6737
2026-07-21 22:45:00,1921.34,1921.34,1918.1,1920.86,798.8364
2026-07-21 23:00:00,1920.86,1920.86,1916.67,1917.72,1443.7749
2026-07-21 23:15:00,1917.72,1922.48,1917.71,1922.47,745.7701
2026-07-21 23:30:00,1922.47,1925.0,1921.0,1923.99,880.2144
2026-07-21 23:45:00,1923.99,1932.0,1922.18,1930.09,2987.1795
2026-07-22 00:00:00,1930.09,1938.56,1929.02,1938.06,3575.9348
2026-07-22 00:15:00,1938.06,1944.68,1935.98,1937.09,4126.1487
2026-07-22 00:30:00,1937.1,1942.64,1934.52,1939.85,2559.2404
2026-07-22 00:45:00,1939.84,1941.76,1935.98,1939.46,2018.8913
2026-07-22 01:00:00,1939.45,1940.56,1934.6,1934.62,1851.5064
2026-07-22 01:15:00,1934.62,1935.27,1928.0,1931.05,2063.8878
2026-07-22 01:30:00,1931.04,1935.52,1929.06,1933.19,1735.2928
2026-07-22 01:45:00,1933.18,1937.54,1931.89,1933.61,2049.7046
2026-07-22 02:00:00,1933.62,1934.76,1929.31,1933.34,1860.1562
2026-07-22 02:15:00,1933.34,1936.39,1931.59,1932.35,2515.696
2026-07-22 02:30:00,1932.34,1932.34,1926.91,1930.41,2531.1566
2026-07-22 02:45:00,1930.4,1931.75,1928.36,1930.43,2097.786
2026-07-22 03:00:00,1930.42,1933.63,1926.76,1927.03,2509.2918
2026-07-22 03:15:00,1927.03,1932.78,1927.03,1932.12,1931.7224
2026-07-22 03:30:00,1932.12,1933.0,1928.91,1931.86,2070.1679
2026-07-22 03:45:00,1931.85,1936.05,1927.45,1928.77,2699.981
2026-07-22 04:00:00,1928.76,1934.29,1928.11,1933.99,2122.9774
2026-07-22 04:15:00,1933.99,1937.4,1933.6,1935.27,4352.0173
2026-07-22 04:30:00,1935.27,1939.17,1933.88,1938.88,2196.9217
2026-07-22 04:45:00,1938.88,1939.4,1935.98,1936.82,3372.3031
2026-07-22 05:00:00,1936.83,1936.98,1931.97,1932.53,2009.5139
2026-07-22 05:15:00,1932.53,1932.57,1921.77,1923.12,4220.9096
2026-07-22 05:30:00,1923.11,1926.24,1919.64,1920.62,5634.4148
2026-07-22 05:45:00,1920.61,1922.31,1918.27,1919.35,2216.1714
2026-07-22 06:00:00,1919.36,1921.1,1916.46,1919.98,2171.1904
2026-07-22 06:15:00,1919.98,1919.98,1913.68,1914.73,2359.7199
2026-07-22 06:30:00,1914.74,1919.52,1913.34,1917.93,1923.0482
2026-07-22 06:45:00,1917.92,1919.13,1916.03,1917.4,1396.8979
2026-07-22 07:00:00,1917.41,1919.0,1915.98,1916.33,2200.962
2026-07-22 07:15:00,1916.34,1918.27,1912.83,1918.26,2908.9042
2026-07-22 07:30:00,1918.27,1918.78,1911.1,1912.97,3665.9282
2026-07-22 07:45:00,1912.97,1914.63,1910.68,1914.44,5213.2574
2026-07-22 08:00:00,1914.43,1923.48,1914.08,1920.9,4138.0119
2026-07-22 08:15:00,1920.9,1925.15,1919.95,1921.74,3773.8599
2026-07-22 08:30:00,1921.74,1923.59,1918.92,1919.23,2217.8588
2026-07-22 08:45:00,1919.23,1921.78,1919.23,1921.32,2228.4012
2026-07-22 09:00:00,1921.33,1926.5,1920.89,1924.14,2608.4099
2026-07-22 09:15:00,1924.14,1925.89,1923.97,1925.07,2087.2663
2026-07-22 09:30:00,1925.08,1925.08,1919.41,1921.37,2603.5202
2026-07-22 09:45:00,1921.38,1924.79,1919.62,1924.49,1910.7841
2026-07-22 10:00:00,1924.49,1925.45,1923.25,1924.4,1200.1982
2026-07-22 10:15:00,1924.41,1928.62,1923.38,1928.44,4438.6566
2026-07-22 10:30:00,1928.44,1931.73,1927.11,1930.89,2074.1465
2026-07-22 10:45:00,1930.89,1933.62,1930.24,1930.82,2591.892
2026-07-22 11:00:00,1930.82,1931.5,1928.72,1929.03,1076.751
2026-07-22 11:15:00,1929.02,1930.08,1926.97,1928.34,868.1302
2026-07-22 11:30:00,1928.34,1929.17,1922.66,1922.85,1977.197
2026-07-22 11:45:00,1922.84,1927.96,1922.36,1927.27,649.3524
2026-07-22 12:00:00,1927.26,1927.4,1922.64,1926.34,926.14
2026-07-22 12:15:00,1926.34,1927.45,1922.77,1923.69,501.9422
2026-07-22 12:30:00,1923.7,1925.32,1920.55,1921.21,1469.1713
2026-07-22 12:45:00,1921.2,1922.9,1913.26,1917.17,4034.0823
2026-07-22 13:00:00,1917.17,1921.36,1917.0,1920.11,1420.6473
2026-07-22 13:15:00,1920.12,1922.6,1918.81,1921.44,1324.1206
2026-07-22 13:30:00,1921.45,1939.17,1921.45,1937.15,7238.6802
2026-07-22 13:45:00,1937.16,1942.43,1935.15,1939.93,5783.0166
2026-07-22 14:00:00,1939.92,1955.92,1938.13,1941.51,13769.0524
2026-07-22 14:15:00,1941.5,1941.5,1923.01,1925.06,6104.0328
2026-07-22 14:30:00,1925.05,1935.36,1923.58,1927.52,2506.8763
2026-07-22 14:45:00,1927.52,1933.2,1926.94,1933.2,1515.4687
2026-07-22 15:00:00,1933.2,1943.37,1933.0,1942.04,2591.2593
2026-07-22 15:15:00,1942.04,1952.36,1940.78,1948.63,7473.0793
2026-07-22 15:30:00,1948.64,1950.31,1940.9,1944.33,2893.0926
2026-07-22 15:45:00,1944.33,1946.9,1941.41,1943.03,2302.3724
2026-07-22 16:00:00,1943.04,1947.24,1939.32,1944.39,2110.3934
2026-07-22 16:15:00,1944.39,1944.39,1935.42,1939.72,2600.8991
2026-07-22 16:30:00,1939.72,1956.45,1939.29,1951.25,8789.4352
2026-07-22 16:45:00,1951.25,1952.2,1946.87,1949.84,1398.7401
2026-07-22 17:00:00,1949.84,1950.3,1945.58,1946.03,1597.953
2026-07-22 17:15:00,1946.03,1946.14,1934.97,1936.76,3953.8885
2026-07-22 17:30:00,1936.77,1944.79,1936.41,1944.2,2001.4352
2026-07-22 17:45:00,1944.2,1946.44,1938.33,1938.53,2261.509
2026-07-22 18:00:00,1938.53,1940.0,1932.9,1935.75,2495.5426
2026-07-22 18:15:00,1935.76,1939.38,1932.41,1933.42,1630.2158
2026-07-22 18:30:00,1933.42,1933.42,1923.2,1925.89,5432.3541
2026-07-22 18:45:00,1925.9,1932.67,1924.95,1930.69,1762.2914
2026-07-22 19:00:00,1930.69,1931.88,1921.0,1924.52,1846.2437
2026-07-22 19:15:00,1924.52,1928.8,1924.27,1927.28,1080.0276
2026-07-22 19:30:00,1927.29,1928.96,1924.84,1924.98,1036.6891
2026-07-22 19:45:00,1924.98,1927.72,1924.01,1925.13,1323.835
2026-07-22 20:00:00,1925.14,1929.15,1922.95,1929.1,2956.3878
2026-07-22 20:15:00,1929.1,1930.4,1927.18,1927.78,1046.85
2026-07-22 20:30:00,1927.77,1929.17,1926.43,1928.1,676.1231
2026-07-22 20:45:00,1928.1,1928.39,1926.23,1926.76,768.7488
2026-07-22 21:00:00,1926.76,1930.01,1926.76,1927.64,890.1739
2026-07-22 21:15:00,1927.64,1929.5,1926.93,1928.09,573.069
2026-07-22 21:30:00,1928.08,1935.99,1927.81,1935.62,1800.5039
2026-07-22 21:45:00,1935.62,1939.7,1933.7,1938.76,1598.6791
2026-07-22 22:00:00,1938.76,1939.23,1934.26,1936.21,1753.9273
2026-07-22 22:15:00,1936.21,1936.66,1932.89,1936.16,790.2162
2026-07-22 22:30:00,1936.16,1936.17,1930.91,1933.35,1856.2691
2026-07-22 22:45:00,1933.35,1938.77,1933.35,1938.42,3030.3345
2026-07-22 23:00:00,1938.43,1938.43,1923.6,1925.64,4682.6522
2026-07-22 23:15:00,1925.64,1930.72,1923.71,1928.91,1302.7027
2026-07-22 23:30:00,1928.91,1930.67,1928.47,1929.96,590.4076
2026-07-22 23:45:00,1929.96,1934.71,1929.16,1934.25,1043.1547
2026-07-23 00:00:00,1934.26,1938.5,1933.27,1935.13,2257.4824
2026-07-23 00:15:00,1935.14,1941.5,1932.41,1938.55,2964.8629
2026-07-23 00:30:00,1938.54,1940.07,1935.69,1935.69,1258.7064
2026-07-23 00:45:00,1935.69,1937.63,1932.37,1932.37,1325.1414
2026-07-23 01:00:00,1932.36,1936.7,1931.22,1933.08,909.9686
2026-07-23 01:15:00,1933.09,1935.01,1928.38,1933.68,1959.1318
2026-07-23 01:30:00,1933.67,1934.54,1926.61,1928.11,1859.8658
2026-07-23 01:45:00,1928.1,1930.25,1927.6,1928.39,871.2923
2026-07-23 02:00:00,1928.38,1929.7,1925.31,1925.32,1205.9647
2026-07-23 02:15:00,1925.32,1926.73,1921.81,1924.44,1372.4764
2026-07-23 02:30:00,1924.45,1928.0,1924.02,1926.02,991.8527
2026-07-23 02:45:00,1926.03,1928.35,1925.77,1927.6,949.8364
2026-07-23 03:00:00,1927.6,1928.03,1920.39,1921.92,1502.0655
2026-07-23 03:15:00,1921.93,1924.84,1920.5,1922.67,1444.142
2026-07-23 03:30:00,1922.67,1925.06,1921.56,1922.79,953.5568
2026-07-23 03:45:00,1922.79,1922.83,1917.57,1920.55,3167.3892
2026-07-23 04:00:00,1920.56,1922.7,1918.63,1922.7,1733.0159
2026-07-23 04:15:00,1922.7,1926.02,1921.4,1925.21,992.6917
2026-07-23 04:30:00,1925.21,1925.21,1921.95,1922.59,1184.8442
2026-07-23 04:45:00,1922.59,1923.62,1918.79,1919.74,1808.1789
2026-07-23 05:00:00,1919.74,1921.19,1918.31,1919.9,991.5872
2026-07-23 05:15:00,1919.9,1925.77,1918.67,1925.77,1126.8643
2026-07-23 05:30:00,1925.77,1928.69,1924.89,1925.4,841.8884
2026-07-23 05:45:00,1925.39,1925.76,1921.21,1922.77,836.6728
2026-07-23 06:00:00,1922.78,1923.44,1921.07,1923.04,1125.8571
2026-07-23 06:15:00,1923.05,1926.2,1921.6,1926.2,1162.8685
2026-07-23 06:30:00,1926.19,1926.59,1923.98,1925.95,938.0766
2026-07-23 06:45:00,1925.95,1926.83,1924.6,1925.39,534.3793
2026-07-23 07:00:00,1925.39,1925.39,1913.68,1917.77,4322.1299
2026-07-23 07:15:00,1917.77,1917.77,1914.3,1916.19,3010.8155
2026-07-23 07:30:00,1916.18,1916.79,1913.51,1913.52,2005.0961
2026-07-23 07:45:00,1913.52,1916.1,1912.6,1915.65,5736.1393
2026-07-23 08:00:00,1915.65,1920.43,1914.44,1919.53,2644.3273
2026-07-23 08:15:00,1919.53,1922.71,1918.29,1921.99,1106.0345
2026-07-23 08:30:00,1922.0,1926.76,1921.99,1925.75,1289.6941
2026-07-23 08:45:00,1925.75,1927.41,1924.32,1926.54,1130.3242
2026-07-23 09:00:00,1926.54,1930.59,1924.53,1929.31,4822.2764
2026-07-23 09:15:00,1929.31,1931.66,1927.95,1929.5,1862.3045
2026-07-23 09:30:00,1929.51,1929.86,1927.61,1929.21,1570.7481
2026-07-23 09:45:00,1929.2,1929.74,1923.4,1924.36,1726.0797
2026-07-23 10:00:00,1924.36,1926.53,1922.13,1926.52,1030.3632
2026-07-23 10:15:00,1926.52,1928.56,1925.43,1928.13,1058.519
2026-07-23 10:30:00,1928.14,1929.73,1927.96,1929.73,1486.5644
2026-07-23 10:45:00,1929.72,1930.43,1927.93,1928.14,663.9473
2026-07-23 11:00:00,1928.15,1928.5,1925.46,1928.5,907.5317
2026-07-23 11:15:00,1928.49,1929.08,1925.36,1926.21,936.5966
2026-07-23 11:30:00,1926.2,1927.06,1924.63,1925.97,1273.0673
2026-07-23 11:45:00,1925.97,1928.56,1925.23,1926.04,1886.0586
2026-07-23 12:00:00,1926.03,1927.99,1922.25,1923.66,1443.286
2026-07-23 12:15:00,1923.66,1924.29,1918.32,1919.1,3036.2221
2026-07-23 12:30:00,1919.1,1919.1,1903.38,1904.63,11792.8429
2026-07-23 12:45:00,1904.63,1905.69,1894.0,1904.64,10397.1075
2026-07-23 13:00:00,1904.67,1907.36,1897.53,1898.37,3559.4538
2026-07-23 13:15:00,1898.38,1901.4,1895.47,1898.06,3433.9194
2026-07-23 13:30:00,1898.06,1908.41,1897.76,1907.73,4701.3965
2026-07-23 13:45:00,1907.73,1909.19,1898.66,1898.72,4640.2002
2026-07-23 14:00:00,1898.73,1904.74,1895.81,1902.28,3693.1059
2026-07-23 14:15:00,1902.28,1907.26,1900.23,1903.93,5285.9264
2026-07-23 14:30:00,1903.93,1907.09,1899.21,1899.66,2053.0362
2026-07-23 14:45:00,1899.66,1901.7,1892.5,1896.43,4394.2392
2026-07-23 15:00:00,1896.44,1896.56,1882.98,1884.4,8628.1192
2026-07-23 15:15:00,1884.39,1897.1,1883.88,1892.85,7267.8173
2026-07-23 15:30:00,1892.85,1893.95,1888.7,1890.91,2568.2814
2026-07-23 15:45:00,1890.9,1897.88,1890.09,1895.23,2949.2681
2026-07-23 16:00:00,1895.23,1895.41,1885.41,1890.18,5532.6007
2026-07-23 16:15:00,1890.19,1890.58,1884.69,1889.93,2411.1419
2026-07-23 16:30:00,1889.92,1890.0,1886.45,1888.37,1652.9148
2026-07-23 16:45:00,1888.37,1891.52,1887.7,1887.95,2158.9362
2026-07-23 17:00:00,1887.94,1889.88,1885.96,1888.17,1878.0148
2026-07-23 17:15:00,1888.16,1892.0,1887.66,1891.4,2190.283
2026-07-23 17:30:00,1891.4,1892.18,1888.0,1888.96,1740.1099
2026-07-23 17:45:00,1888.96,1890.13,1875.01,1878.31,5150.5143
2026-07-23 18:00:00,1878.31,1880.83,1876.05,1879.34,2999.3433
2026-07-23 18:15:00,1879.35,1881.07,1876.25,1880.76,1968.0816
2026-07-23 18:30:00,1880.77,1884.52,1877.32,1879.36,2126.5684
2026-07-23 18:45:00,1879.35,1883.73,1879.35,1881.19,1116.3905
2026-07-23 19:00:00,1881.19,1883.63,1875.1,1876.6,1437.1857
2026-07-23 19:15:00,1876.59,1881.79,1876.59,1881.51,905.6352
2026-07-23 19:30:00,1881.51,1883.01,1875.26,1876.16,1768.8566
2026-07-23 19:45:00,1876.16,1876.48,1869.44,1875.65,5312.9143
2026-07-23 20:00:00,1875.64,1885.15,1874.81,1884.07,2693.6121
2026-07-23 20:15:00,1884.06,1889.09,1883.48,1887.86,2759.5913
2026-07-23 20:30:00,1887.85,1887.9,1884.67,1884.86,1226.3149
2026-07-23 20:45:00,1884.86,1886.99,1884.42,1885.98,672.0258
2026-07-23 21:00:00,1885.97,1888.93,1881.95,1882.82,1891.0299
2026-07-23 21:15:00,1882.82,1884.31,1880.86,1882.81,893.8772
2026-07-23 21:30:00,1882.8,1884.25,1880.94,1882.05,846.7253
2026-07-23 21:45:00,1882.06,1883.7,1881.0,1882.72,1151.2013
2026-07-23 22:00:00,1882.73,1884.13,1877.84,1878.4,1551.2262
2026-07-23 22:15:00,1878.4,1882.44,1874.23,1880.24,2319.996
2026-07-23 22:30:00,1880.24,1883.77,1880.23,1883.39,756.1361
2026-07-23 22:45:00,1883.39,1883.61,1881.19,1883.42,506.4666
2026-07-23 23:00:00,1883.41,1884.63,1882.32,1883.09,855.4905
2026-07-23 23:15:00,1883.1,1884.8,1882.51,1883.17,460.0923
2026-07-23 23:30:00,1883.17,1884.08,1881.16,1881.87,441.4124
2026-07-23 23:45:00,1881.87,1882.76,1875.56,1878.38,1830.8842
2026-07-24 00:00:00,1878.38,1879.18,1872.12,1874.7,1997.2772
2026-07-24 00:15:00,1874.7,1877.69,1870.5,1871.51,2106.5939
2026-07-24 00:30:00,1871.5,1872.35,1859.67,1866.03,7073.3362
2026-07-24 00:45:00,1866.03,1871.47,1866.02,1871.47,2229.5536
2026-07-24 01:00:00,1871.47,1876.53,1870.32,1873.88,2814.2556
2026-07-24 01:15:00,1873.86,1877.46,1871.8,1873.32,1568.7947
2026-07-24 01:30:00,1873.31,1877.6,1872.5,1876.04,1134.6601
2026-07-24 01:45:00,1876.04,1876.8,1872.71,1872.76,1131.9641
2026-07-24 02:00:00,1872.76,1878.5,1872.12,1877.2,1285.322
2026-07-24 02:15:00,1877.21,1877.21,1872.1,1875.97,907.6844
2026-07-24 02:30:00,1875.96,1875.97,1867.1,1870.47,1693.2455
2026-07-24 02:45:00,1870.46,1871.02,1864.82,1869.58,2442.6562
2026-07-24 03:00:00,1869.57,1877.5,1868.31,1876.15,2142.7092
2026-07-24 03:15:00,1876.14,1881.2,1876.06,1878.99,2625.7943
2026-07-24 03:30:00,1878.99,1881.06,1878.0,1881.06,987.7122
2026-07-24 03:45:00,1881.06,1881.14,1879.48,1880.67,1412.8063
2026-07-24 04:00:00,1880.67,1881.14,1878.95,1878.96,832.2293
2026-07-24 04:15:00,1878.95,1882.0,1877.57,1880.21,1107.6797
2026-07-24 04:30:00,1880.2,1880.98,1875.09,1876.84,904.1306
2026-07-24 04:45:00,1876.84,1877.38,1875.0,1876.12,805.6668
2026-07-24 05:00:00,1876.13,1881.37,1873.48,1879.88,2755.8426
2026-07-24 05:15:00,1879.87,1881.54,1879.72,1880.07,832.2109
2026-07-24 05:30:00,1880.08,1881.26,1877.62,1880.89,864.6178
2026-07-24 05:45:00,1880.89,1882.14,1879.07,1880.97,1188.4772
2026-07-24 06:00:00,1880.97,1882.72,1878.9,1881.87,2034.6648
2026-07-24 06:15:00,1881.87,1886.75,1881.14,1884.42,2103.4286
2026-07-24 06:30:00,1884.41,1887.98,1882.56,1886.39,1269.5774
2026-07-24 06:45:00,1886.39,1888.49,1885.56,1888.13,1395.0503
2026-07-24 07:00:00,1888.14,1909.8,1888.14,1908.73,6612.4155
2026-07-24 07:15:00,1908.72,1908.72,1896.52,1897.88,3994.3057
2026-07-24 07:30:00,1897.87,1901.78,1888.47,1891.08,4880.4901
2026-07-24 07:45:00,1891.09,1896.94,1891.04,1895.98,2912.6948
2026-07-24 08:00:00,1895.98,1896.04,1892.3,1893.63,1941.8972
2026-07-24 08:15:00,1893.63,1894.33,1886.35,1890.11,1539.9012
2026-07-24 08:30:00,1890.11,1892.77,1889.99,1892.74,605.5191
2026-07-24 08:45:00,1892.74,1892.75,1887.94,1888.07,1122.0607
2026-07-24 09:00:00,1888.07,1889.11,1882.22,1882.51,2086.0975
2026-07-24 09:15:00,1882.51,1884.01,1878.39,1882.65,2365.0172
2026-07-24 09:30:00,1882.64,1886.81,1881.76,1885.8,1482.378
2026-07-24 09:45:00,1885.8,1888.7,1885.06,1888.07,1073.0327
2026-07-24 10:00:00,1888.08,1888.64,1882.71,1883.29,956.9395
2026-07-24 10:15:00,1883.29,1885.97,1882.0,1885.18,1267.0022
2026-07-24 10:30:00,1885.18,1886.62,1884.23,1884.36,830.0529
2026-07-24 10:45:00,1884.35,1885.09,1880.39,1883.82,1030.0403
2026-07-24 11:00:00,1883.81,1884.31,1880.02,1881.22,1379.6588
2026-07-24 11:15:00,1881.23,1884.1,1881.2,1881.5,1190.3119
2026-07-24 11:30:00,1881.51,1882.27,1878.65,1878.9,1756.383
2026-07-24 11:45:00,1878.9,1884.71,1876.71,1883.93,2472.7843
2026-07-24 12:00:00,1883.93,1884.98,1881.58,1883.8,1067.9703
2026-07-24 12:15:00,1883.8,1886.09,1882.42,1882.98,2117.0312
2026-07-24 12:30:00,1882.99,1884.4,1877.96,1878.0,991.4758
2026-07-24 12:45:00,1878.0,1879.3,1872.0,1872.65,3608.6535
2026-07-24 13:00:00,1872.65,1875.4,1856.25,1862.49,8321.9649
2026-07-24 13:15:00,1862.49,1870.4,1862.1,1866.77,3408.2723
2026-07-24 13:30:00,1866.77,1868.36,1858.67,1865.65,5114.1314
2026-07-24 13:45:00,1865.64,1867.42,1848.11,1857.6,8592.7079
2026-07-24 14:00:00,1857.61,1863.0,1854.43,1857.01,3864.2355
2026-07-24 14:15:00,1857.0,1858.5,1850.17,1857.79,4038.4393
2026-07-24 14:30:00,1857.79,1858.16,1852.04,1852.31,3825.0946
2026-07-24 14:45:00,1852.3,1863.18,1848.09,1862.9,4426.3928
2026-07-24 15:00:00,1862.9,1865.08,1854.15,1865.07,2748.9646
2026-07-24 15:15:00,1865.07,1867.87,1859.95,1865.3,2781.7556
2026-07-24 15:30:00,1865.3,1869.43,1863.86,1864.72,3498.7638
2026-07-24 15:45:00,1864.71,1866.34,1859.49,1861.81,9618.1471
2026-07-24 16:00:00,1861.82,1866.07,1858.71,1862.21,7136.099
2026-07-24 16:15:00,1862.21,1863.86,1860.41,1860.94,1238.0429
2026-07-24 16:30:00,1860.95,1860.95,1856.1,1856.95,2607.4812
2026-07-24 16:45:00,1856.95,1859.36,1853.5,1857.47,1766.398
2026-07-24 17:00:00,1857.47,1858.68,1855.03,1857.51,1813.2797
2026-07-24 17:15:00,1857.52,1864.44,1857.19,1862.87,3169.0247
2026-07-24 17:30:00,1862.87,1866.0,1862.42,1863.31,1708.1359
2026-07-24 17:45:00,1863.3,1866.61,1862.2,1866.53,1873.8638
2026-07-24 18:00:00,1866.53,1866.76,1864.11,1865.28,818.5703
2026-07-24 18:15:00,1865.29,1865.29,1860.89,1861.55,1241.7417
2026-07-24 18:30:00,1861.55,1862.5,1858.48,1860.01,1193.8103
2026-07-24 18:45:00,1860.01,1864.18,1859.48,1862.72,646.6044
2026-07-24 19:00:00,1862.73,1863.93,1858.0,1858.06,986.0259
2026-07-24 19:15:00,1858.05,1861.73,1858.0,1861.26,918.8588
2026-07-24 19:30:00,1861.26,1864.58,1860.94,1863.48,1470.7245
2026-07-24 19:45:00,1863.49,1864.37,1862.03,1863.83,1224.504
2026-07-24 20:00:00,1863.84,1865.82,1862.23,1863.44,1165.2461
2026-07-24 20:15:00,1863.44,1865.34,1863.04,1863.45,697.4932
2026-07-24 20:30:00,1863.45,1863.45,1860.21,1861.83,555.6057
2026-07-24 20:45:00,1861.83,1862.3,1858.42,1860.9,1285.2637
2026-07-24 21:00:00,1860.91,1862.01,1859.07,1859.45,965.004
2026-07-24 21:15:00,1859.45,1861.0,1858.63,1859.95,753.6808
2026-07-24 21:30:00,1859.95,1860.99,1858.94,1859.83,1010.5942
2026-07-24 21:45:00,1859.83,1860.03,1857.05,1857.51,853.2574
2026-07-24 22:00:00,1857.51,1859.99,1856.97,1859.31,984.8032
2026-07-24 22:15:00,1859.32,1859.82,1858.62,1859.39,409.8088
2026-07-24 22:30:00,1859.38,1861.91,1859.38,1860.93,576.1654
2026-07-24 22:45:00,1860.92,1860.95,1859.32,1859.49,422.2462
2026-07-24 23:00:00,1859.49,1860.82,1858.98,1860.12,410.9597
2026-07-24 23:15:00,1860.11,1861.28,1859.43,1860.89,376.129
2026-07-24 23:30:00,1860.9,1861.53,1859.39,1861.03,591.828
2026-07-24 23:45:00,1861.02,1861.85,1860.43,1861.44,753.2609
2026-07-25 00:00:00,1861.44,1863.64,1860.92,1862.94,909.808
2026-07-25 00:15:00,1862.93,1864.24,1862.15,1863.87,543.188
2026-07-25 00:30:00,1863.86,1864.69,1859.79,1860.12,1210.8204
2026-07-25 00:45:00,1860.12,1860.86,1856.85,1860.34,1328.1831
2026-07-25 01:00:00,1860.34,1863.63,1857.77,1859.28,1363.0313
2026-07-25 01:15:00,1859.28,1860.41,1858.17,1859.88,501.1552
2026-07-25 01:30:00,1859.89,1862.06,1859.16,1861.61,799.9772
2026-07-25 01:45:00,1861.61,1862.29,1859.67,1860.0,442.9102
2026-07-25 02:00:00,1859.99,1861.71,1859.73,1860.09,577.9654
2026-07-25 02:15:00,1860.09,1860.73,1858.37,1860.72,425.4896
2026-07-25 02:30:00,1860.72,1861.03,1858.86,1860.5,548.1398
2026-07-25 02:45:00,1860.5,1860.81,1858.35,1859.45,589.6139
2026-07-25 03:00:00,1859.45,1860.17,1858.0,1859.47,560.4432
2026-07-25 03:15:00,1859.46,1860.52,1858.73,1859.32,354.2032
2026-07-25 03:30:00,1859.31,1860.17,1858.55,1859.47,1335.6201
2026-07-25 03:45:00,1859.47,1859.59,1855.93,1858.74,2508.6003
2026-07-25 04:00:00,1858.74,1860.86,1858.61,1860.86,433.3673
2026-07-25 04:15:00,1860.86,1861.48,1859.56,1859.88,316.634
2026-07-25 04:30:00,1859.88,1861.83,1858.57,1861.51,495.732
2026-07-25 04:45:00,1861.51,1862.65,1860.9,1861.28,676.7996
2026-07-25 05:00:00,1861.28,1862.96,1860.69,1860.69,577.1554
2026-07-25 05:15:00,1860.69,1861.57,1860.46,1860.88,2511.9545
2026-07-25 05:30:00,1860.87,1860.94,1857.22,1858.15,3359.0908
2026-07-25 05:45:00,1858.14,1858.78,1856.9,1858.42,451.8049
2026-07-25 06:00:00,1858.42,1859.5,1857.91,1859.49,276.6375
2026-07-25 06:15:00,1859.5,1860.0,1856.42,1856.72,748.2723
2026-07-25 06:30:00,1856.73,1857.14,1855.04,1855.59,563.3802
2026-07-25 06:45:00,1855.59,1858.69,1854.61,1858.55,594.9125
2026-07-25 07:00:00,1858.55,1858.79,1857.54,1857.66,422.9619
2026-07-25 07:15:00,1857.66,1858.43,1856.73,1857.12,454.4268
2026-07-25 07:30:00,1857.11,1857.97,1856.19,1856.99,382.1969
2026-07-25 07:45:00,1856.99,1857.95,1856.02,1856.02,714.8692
2026-07-25 08:00:00,1856.03,1856.03,1852.72,1854.26,2290.4905
2026-07-25 08:15:00,1854.26,1856.1,1854.26,1855.8,593.4045
2026-07-25 08:30:00,1855.79,1855.99,1854.17,1855.03,935.5802
2026-07-25 08:45:00,1855.04,1855.19,1851.22,1853.8,1006.7259
2026-07-25 09:00:00,1853.8,1854.81,1851.75,1854.25,526.779
2026-07-25 09:15:00,1854.25,1855.8,1853.35,1855.8,1425.7915
2026-07-25 09:30:00,1855.8,1856.69,1855.45,1856.4,529.338
2026-07-25 09:45:00,1856.39,1859.06,1856.39,1858.34,1224.9266
2026-07-25 10:00:00,1858.35,1859.06,1857.99,1858.6,1353.1743
2026-07-25 10:15:00,1858.59,1859.29,1857.37,1857.9,628.1246
2026-07-25 10:30:00,1857.89,1858.57,1856.75,1857.14,2123.5699
2026-07-25 10:45:00,1857.14,1858.95,1856.86,1858.62,665.1443
2026-07-25 11:00:00,1858.63,1860.09,1857.81,1859.4,846.8123
2026-07-25 11:15:00,1859.41,1859.76,1858.5,1858.51,702.8652
2026-07-25 11:30:00,1858.5,1859.79,1857.5,1858.28,913.3661
2026-07-25 11:45:00,1858.29,1859.17,1857.63,1857.75,261.3653
2026-07-25 12:00:00,1857.75,1858.43,1857.0,1858.34,1046.5753
2026-07-25 12:15:00,1858.33,1858.91,1856.96,1857.99,1100.4681
2026-07-25 12:30:00,1857.99,1858.44,1857.15,1858.25,1293.8404
2026-07-25 12:45:00,1858.24,1860.48,1857.8,1860.32,669.6989
2026-07-25 13:00:00,1860.32,1863.73,1859.78,1862.89,1426.1833
2026-07-25 13:15:00,1862.89,1865.64,1862.47,1864.18,1520.9837
2026-07-25 13:30:00,1864.18,1868.3,1863.08,1868.3,1746.7654
2026-07-25 13:45:00,1868.29,1872.35,1865.36,1867.24,3606.0961
2026-07-25 14:00:00,1867.25,1867.43,1865.56,1867.22,1080.5408
2026-07-25 14:15:00,1867.22,1868.09,1865.06,1866.49,800.2255
2026-07-25 14:30:00,1866.49,1869.22,1866.48,1868.37,1280.7086
2026-07-25 14:45:00,1868.37,1869.32,1867.08,1868.68,1648.7785
2026-07-25 15:00:00,1868.67,1870.14,1867.05,1868.74,881.8125
2026-07-25 15:15:00,1868.74,1871.43,1868.32,1868.54,909.0865
2026-07-25 15:30:00,1868.53,1871.03,1867.03,1870.13,1258.8045
2026-07-25 15:45:00,1870.12,1870.67,1867.33,1867.88,574.7843
2026-07-25 16:00:00,1867.88,1869.35,1865.7,1868.58,1110.6267
2026-07-25 16:15:00,1868.58,1868.59,1864.65,1865.97,630.7237
2026-07-25 16:30:00,1865.97,1869.0,1865.61,1868.99,462.3173
2026-07-25 16:45:00,1869.0,1870.91,1866.62,1867.99,982.3583
2026-07-25 17:00:00,1867.99,1869.79,1867.99,1869.09,616.0905
2026-07-25 17:15:00,1869.09,1872.62,1868.93,1871.71,1794.9045
2026-07-25 17:30:00,1871.71,1874.88,1870.88,1873.84,2706.8883
2026-07-25 17:45:00,1873.84,1875.15,1872.36,1873.06,1412.0115
2026-07-25 18:00:00,1873.07,1877.07,1872.45,1873.76,1594.5197
2026-07-25 18:15:00,1873.76,1875.46,1872.85,1875.45,965.9507
2026-07-25 18:30:00,1875.45,1876.49,1873.75,1874.17,1072.7712
2026-07-25 18:45:00,1874.16,1876.11,1873.98,1875.48,860.483
2026-07-25 19:00:00,1875.48,1876.45,1874.69,1876.2,624.4416
2026-07-25 19:15:00,1876.21,1876.21,1874.4,1875.35,584.8088
2026-07-25 19:30:00,1875.36,1876.28,1875.08,1875.84,351.3671
2026-07-25 19:45:00,1875.85,1876.64,1874.46,1874.76,457.4913
2026-07-25 20:00:00,1874.77,1875.03,1873.08,1874.1,353.7578
2026-07-25 20:15:00,1874.1,1874.11,1871.01,1872.43,688.0697
2026-07-25 20:30:00,1872.44,1872.44,1870.43,1871.35,554.2787
2026-07-25 20:45:00,1871.35,1872.31,1871.27,1872.23,312.0885
2026-07-25 21:00:00,1872.23,1872.39,1867.92,1870.37,713.2687
2026-07-25 21:15:00,1870.36,1870.8,1869.28,1870.78,355.6755
2026-07-25 21:30:00,1870.78,1873.38,1870.49,1871.93,745.752
2026-07-25 21:45:00,1871.94,1875.6,1871.54,1872.65,969.4711
2026-07-25 22:00:00,1872.66,1874.81,1872.38,1874.16,638.7008
2026-07-25 22:15:00,1874.17,1875.59,1873.94,1875.09,549.0675
2026-07-25 22:30:00,1875.09,1875.86,1873.91,1875.77,440.9324
2026-07-25 22:45:00,1875.78,1876.92,1874.46,1875.82,375.1827
2026-07-25 23:00:00,1875.83,1876.2,1874.7,1874.88,450.5418
2026-07-25 23:15:00,1874.88,1875.22,1873.2,1874.26,494.8846
2026-07-25 23:30:00,1874.25,1875.52,1874.25,1874.56,364.0318
2026-07-25 23:45:00,1874.56,1875.55,1874.11,1874.89,348.8749
2026-07-26 00:00:00,1874.88,1878.45,1873.85,1877.49,1139.9949
2026-07-26 00:15:00,1877.49,1881.08,1876.97,1879.35,1239.2274
2026-07-26 00:30:00,1879.34,1879.44,1876.57,1877.02,660.7951
2026-07-26 00:45:00,1877.02,1881.8,1876.71,1881.05,858.2499
2026-07-26 01:00:00,1881.05,1881.9,1878.73,1880.36,648.7855
2026-07-26 01:15:00,1880.36,1880.83,1878.87,1879.4,422.3599
2026-07-26 01:30:00,1879.39,1880.38,1878.9,1879.46,552.082
2026-07-26 01:45:00,1879.45,1880.0,1877.81,1878.68,411.7178
2026-07-26 02:00:00,1878.67,1879.49,1877.06,1879.49,398.5738
2026-07-26 02:15:00,1879.49,1880.39,1878.01,1879.29,399.8625
2026-07-26 02:30:00,1879.29,1879.69,1877.43,1878.23,354.7895
2026-07-26 02:45:00,1878.23,1881.65,1878.23,1880.97,381.8614
2026-07-26 03:00:00,1880.98,1883.98,1878.98,1883.41,980.4138
2026-07-26 03:15:00,1883.41,1883.41,1880.86,1881.5,845.9066
2026-07-26 03:30:00,1881.5,1883.98,1881.04,1882.58,519.146
2026-07-26 03:45:00,1882.58,1882.94,1881.66,1882.21,546.2509
2026-07-26 04:00:00,1882.21,1883.16,1880.26,1881.01,814.2726
2026-07-26 04:15:00,1881.01,1885.17,1880.49,1884.14,647.1705
2026-07-26 04:30:00,1884.15,1887.53,1883.41,1887.52,668.4091
2026-07-26 04:45:00,1887.52,1889.36,1885.43,1886.26,1410.9226
2026-07-26 05:00:00,1886.25,1887.41,1884.93,1887.4,505.3015
2026-07-26 05:15:00,1887.4,1887.43,1884.89,1884.89,419.265
2026-07-26 05:30:00,1884.89,1886.4,1883.38,1886.05,539.4707
2026-07-26 05:45:00,1886.05,1886.18,1882.72,1883.4,919.2982
2026-07-26 06:00:00,1883.4,1884.95,1880.74,1881.09,805.8956
2026-07-26 06:15:00,1881.08,1881.97,1878.46,1878.88,854.5313
2026-07-26 06:30:00,1878.87,1882.98,1878.83,1882.35,586.6006
2026-07-26 06:45:00,1882.34,1885.39,1882.28,1884.95,929.6465
2026-07-26 07:00:00,1884.95,1886.29,1883.72,1884.77,484.8951
2026-07-26 07:15:00,1884.78,1885.0,1883.09,1883.18,335.595
2026-07-26 07:30:00,1883.18,1883.19,1880.51,1880.51,792.1214
2026-07-26 07:45:00,1880.51,1881.73,1880.51,1881.56,527.3396
2026-07-26 08:00:00,1881.57,1881.57,1879.88,1880.33,519.7187
2026-07-26 08:15:00,1880.34,1881.2,1878.74,1880.77,791.9955
2026-07-26 08:30:00,1880.78,1881.85,1879.98,1881.84,435.9599
2026-07-26 08:45:00,1881.85,1882.49,1881.16,1881.42,471.2183
2026-07-26 09:00:00,1881.42,1883.99,1881.22,1881.96,500.9496
2026-07-26 09:15:00,1881.97,1884.8,1881.96,1884.16,439.8686
2026-07-26 09:30:00,1884.16,1885.76,1883.26,1884.71,875.0583
2026-07-26 09:45:00,1884.71,1885.35,1883.39,1883.8,675.6582
2026-07-26 10:00:00,1883.8,1885.27,1882.01,1885.07,669.11
2026-07-26 10:15:00,1885.07,1886.5,1884.1,1885.59,527.7587
2026-07-26 10:30:00,1885.59,1887.55,1885.24,1886.96,971.8409
2026-07-26 10:45:00,1886.96,1887.7,1885.25,1886.22,647.383
2026-07-26 11:00:00,1886.21,1887.89,1885.52,1886.86,527.8144
2026-07-26 11:15:00,1886.85,1887.73,1886.53,1887.2,358.2172
2026-07-26 11:30:00,1887.19,1887.73,1886.53,1886.6,557.7263
2026-07-26 11:45:00,1886.59,1886.89,1884.78,1885.87,631.6543
2026-07-26 12:00:00,1885.87,1893.89,1885.68,1890.81,2370.408
2026-07-26 12:15:00,1890.8,1891.77,1887.17,1889.95,1338.2913
2026-07-26 12:30:00,1889.95,1890.52,1887.51,1887.95,965.8946
2026-07-26 12:45:00,1887.94,1887.94,1886.01,1886.57,639.6133
2026-07-26 13:00:00,1886.57,1887.21,1881.61,1883.08,1210.3299
2026-07-26 13:15:00,1883.07,1888.1,1883.07,1885.97,1296.601
2026-07-26 13:30:00,1885.97,1888.25,1884.72,1888.07,2432.675
2026-07-26 13:45:00,1888.08,1888.86,1886.0,1886.62,679.4734
2026-07-26 14:00:00,1886.62,1897.77,1886.61,1895.37,3527.1689
2026-07-26 14:15:00,1895.37,1895.43,1892.05,1892.68,1086.5336
2026-07-26 14:30:00,1892.67,1897.89,1891.3,1896.11,1606.1891
2026-07-26 14:45:00,1896.11,1900.31,1896.11,1898.59,2487.4614
2026-07-26 15:00:00,1898.58,1903.7,1898.06,1899.2,2679.9992
2026-07-26 15:15:00,1899.19,1909.95,1899.19,1906.89,3725.51
2026-07-26 15:30:00,1906.89,1917.82,1906.61,1914.45,4567.6796
2026-07-26 15:45:00,1914.45,1916.01,1910.82,1914.63,3704.169
2026-07-26 16:00:00,1914.63,1916.0,1908.75,1910.06,2850.8851
2026-07-26 16:15:00,1910.05,1921.0,1910.05,1919.88,3117.0853
2026-07-26 16:30:00,1919.88,1928.08,1917.81,1919.59,6580.2586
2026-07-26 16:45:00,1919.59,1921.8,1915.5,1916.2,3340.715
2026-07-26 17:00:00,1916.19,1917.77,1912.07,1917.21,1843.7728
2026-07-26 17:15:00,1917.2,1917.44,1913.74,1914.32,759.0356
2026-07-26 17:30:00,1914.31,1915.79,1911.28,1912.12,873.7464
2026-07-26 17:45:00,1912.11,1913.27,1910.8,1911.23,643.0263
2026-07-26 18:00:00,1911.23,1913.2,1911.05,1912.46,762.6214
2026-07-26 18:15:00,1912.47,1915.65,1912.11,1913.2,770.401
2026-07-26 18:30:00,1913.19,1914.29,1911.78,1914.02,1196.4376
2026-07-26 18:45:00,1914.01,1916.53,1913.24,1914.49,985.7035
2026-07-26 19:00:00,1914.49,1915.86,1912.09,1912.09,525.9077
2026-07-26 19:15:00,1912.1,1914.63,1912.1,1913.9,2977.5348
2026-07-26 19:30:00,1913.91,1915.67,1913.48,1914.82,628.5007
2026-07-26 19:45:00,1914.81,1914.82,1913.59,1914.2,550.4728
2026-07-26 20:00:00,1914.21,1914.56,1912.43,1913.08,480.6172
2026-07-26 20:15:00,1913.08,1913.53,1911.8,1913.29,633.5556
2026-07-26 20:30:00,1913.3,1913.91,1912.53,1912.86,300.4873
2026-07-26 20:45:00,1912.86,1913.96,1911.14,1913.8,913.4283
2026-07-26 21:00:00,1913.79,1916.81,1913.79,1915.28,978.2384
2026-07-26 21:15:00,1915.28,1924.83,1914.81,1921.45,2468.2029
2026-07-26 21:30:00,1921.45,1923.68,1920.1,1921.45,1638.4182
2026-07-26 21:45:00,1921.46,1930.0,1921.42,1925.91,3309.1767
2026-07-26 22:00:00,1925.91,1941.31,1925.91,1938.01,9184.5671
2026-07-26 22:15:00,1938.02,1939.27,1935.16,1938.55,1849.5087
2026-07-26 22:30:00,1938.55,1947.38,1938.03,1947.36,5471.0627
2026-07-26 22:45:00,1947.37,1953.03,1944.73,1949.81,6839.7908
2026-07-26 23:00:00,1949.81,1967.36,1949.81,1957.24,12737.0767
2026-07-26 23:15:00,1957.23,1962.19,1952.73,1953.79,3825.2114
2026-07-26 23:30:00,1953.8,1954.06,1945.99,1953.62,5622.783
2026-07-26 23:45:00,1953.62,1957.11,1952.35,1954.72,3054.7838
2026-07-27 00:00:00,1954.72,1955.42,1948.35,1949.42,3052.5204
2026-07-27 00:15:00,1949.43,1949.43,1942.26,1945.01,2985.5824
2026-07-27 00:30:00,1945.01,1945.12,1940.29,1941.69,2932.1442
2026-07-27 00:45:00,1941.7,1945.43,1939.67,1942.54,1845.4894
2026-07-27 01:00:00,1942.54,1948.0,1942.31,1943.08,2088.6393
2026-07-27 01:15:00,1943.07,1945.01,1940.89,1941.52,1615.935
2026-07-27 01:30:00,1941.52,1945.0,1936.51,1942.12,2612.6276
2026-07-27 01:45:00,1942.12,1948.46,1941.86,1948.2,2333.8701
2026-07-27 02:00:00,1948.2,1949.15,1946.0,1946.31,1293.9925
2026-07-27 02:15:00,1946.32,1949.02,1944.31,1945.69,3006.7835
2026-07-27 02:30:00,1945.7,1948.85,1943.79,1946.43,2377.1274
2026-07-27 02:45:00,1946.44,1947.73,1941.48,1943.1,1655.1635
2026-07-27 03:00:00,1943.09,1946.73,1942.42,1945.29,1765.4431
2026-07-27 03:15:00,1945.29,1946.75,1944.49,1946.12,1114.596
2026-07-27 03:30:00,1946.12,1947.13,1944.06,1947.13,1064.7943
2026-07-27 03:45:00,1947.12,1950.78,1946.33,1949.64,2513.4969
2026-07-27 04:00:00,1949.65,1957.14,1948.54,1953.12,5631.617
2026-07-27 04:15:00,1953.11,1962.77,1951.96,1954.23,3850.585
2026-07-27 04:30:00,1954.24,1959.09,1950.48,1957.94,2345.0887
2026-07-27 04:45:00,1957.94,1957.94,1953.32,1953.43,1234.4183
2026-07-27 05:00:00,1953.43,1957.73,1952.63,1956.73,1444.7458
2026-07-27 05:15:00,1956.73,1960.98,1953.61,1959.53,2998.6054
2026-07-27 05:30:00,1959.53,1961.96,1958.16,1960.19,1894.6948
2026-07-27 05:45:00,1960.19,1970.43,1958.66,1965.65,8741.5546
2026-07-27 06:00:00,1965.65,1981.24,1963.64,1970.36,15944.047
2026-07-27 06:15:00,1970.36,1971.86,1964.37,1966.27,3334.1529
2026-07-27 06:30:00,1966.26,1972.78,1964.88,1972.66,2995.0425
2026-07-27 06:45:00,1972.67,1973.39,1968.17,1968.45,2730.4816
2026-07-27 07:00:00,1968.45,1971.58,1965.47,1971.57,2972.6729
2026-07-27 07:15:00,1971.57,1971.7,1969.01,1969.61,1696.1257
2026-07-27 07:30:00,1969.62,1969.62,1960.86,1966.51,6312.6155
2026-07-27 07:45:00,1966.5,1969.99,1964.06,1964.36,5598.6293
2026-07-27 08:00:00,1964.37,1967.28,1961.81,1964.68,2677.2687
2026-07-27 08:15:00,1964.68,1968.02,1962.53,1968.01,1917.6751
2026-07-27 08:30:00,1968.01,1968.21,1964.76,1965.14,1426.9346
2026-07-27 08:45:00,1965.15,1968.75,1964.24,1964.25,2585.0653
2026-07-27 09:00:00,1964.25,1964.25,1957.0,1957.5,3058.4033
2026-07-27 09:15:00,1957.5,1961.11,1956.87,1960.45,2123.2486
2026-07-27 09:30:00,1960.45,1967.7,1959.41,1966.4,3462.8715
2026-07-27 09:45:00,1966.41,1968.29,1965.0,1965.19,1577.7144
2026-07-27 10:00:00,1965.19,1966.6,1963.85,1964.79,1244.0808
2026-07-27 10:15:00,1964.79,1969.34,1963.8,1966.41,1995.0656
2026-07-27 10:30:00,1966.41,1971.48,1966.41,1970.28,1632.9805
2026-07-27 10:45:00,1970.28,1972.0,1966.79,1967.43,1261.1507
2026-07-27 11:00:00,1967.42,1967.43,1963.85,1965.33,1500.3605
2026-07-27 11:15:00,1965.33,1966.0,1959.6,1959.61,2586.5289
2026-07-27 11:30:00,1959.6,1961.78,1958.82,1960.05,1767.1352
2026-07-27 11:45:00,1960.04,1961.07,1958.11,1959.67,1499.3298
2026-07-27 12:00:00,1959.67,1964.6,1955.09,1955.2,2389.5027
2026-07-27 12:15:00,1955.2,1957.38,1947.4,1948.34,4016.1774
2026-07-27 12:30:00,1948.34,1954.7,1943.0,1953.28,5079.2652
2026-07-27 12:45:00,1953.28,1958.43,1953.03,1957.59,2652.4733
2026-07-27 13:00:00,1957.6,1960.38,1953.94,1954.03,2341.4437
2026-07-27 13:15:00,1954.02,1956.99,1951.4,1952.3,1985.014
2026-07-27 13:30:00,1952.29,1977.99,1950.95,1975.73,10227.1275
2026-07-27 13:45:00,1975.74,1976.75,1957.34,1961.16,16527.5145
2026-07-27 14:00:00,1961.18,1966.99,1956.06,1964.18,7353.9197
2026-07-27 14:15:00,1964.17,1965.58,1936.51,1937.85,8478.4062
2026-07-27 14:30:00,1937.84,1938.79,1919.09,1920.88,15885.3128
2026-07-27 14:45:00,1920.9,1934.29,1920.7,1932.3,6478.7396
2026-07-27 15:00:00,1932.3,1935.84,1925.49,1933.81,5714.1343
2026-07-27 15:15:00,1933.81,1937.87,1928.11,1931.2,4650.248
2026-07-27 15:30:00,1931.2,1934.0,1924.83,1931.21,4372.5334
2026-07-27 15:45:00,1931.21,1931.48,1927.74,1927.75,1342.7296
2026-07-27 16:00:00,1927.74,1932.0,1926.01,1927.99,1992.4842
2026-07-27 16:15:00,1927.99,1939.13,1922.65,1937.13,4257.3934
2026-07-27 16:30:00,1937.14,1946.9,1937.14,1942.76,3310.9497
2026-07-27 16:45:00,1942.75,1944.2,1936.65,1940.57,1828.1458
2026-07-27 17:00:00,1940.57,1941.27,1935.1,1939.37,1588.8381
2026-07-27 17:15:00,1939.37,1946.06,1938.46,1942.28,2118.7367
2026-07-27 17:30:00,1942.29,1945.89,1942.0,1942.61,3360.3055
2026-07-27 17:45:00,1942.61,1944.4,1940.01,1943.71,1302.9602
2026-07-27 18:00:00,1943.72,1944.66,1941.36,1941.57,857.8053
2026-07-27 18:15:00,1941.56,1941.56,1935.82,1938.94,1449.5933
2026-07-27 18:30:00,1938.95,1939.54,1929.2,1935.36,3178.604
2026-07-27 18:45:00,1935.36,1939.58,1931.41,1939.2,1406.7451
2026-07-27 19:00:00,1939.21,1950.97,1937.75,1948.39,3141.5268
2026-07-27 19:15:00,1948.39,1952.27,1947.48,1950.68,2376.8748
2026-07-27 19:30:00,1950.69,1955.41,1947.49,1950.67,2256.0653
2026-07-27 19:45:00,1950.67,1950.67,1947.48,1948.31,2993.9084
2026-07-27 20:00:00,1948.32,1950.54,1945.69,1946.02,1448.4392
2026-07-27 20:15:00,1946.02,1947.87,1943.69,1947.7,844.9378
2026-07-27 20:30:00,1947.7,1948.83,1944.64,1945.18,1589.2457
2026-07-27 20:45:00,1945.18,1947.13,1944.87,1946.87,857.5506
2026-07-27 21:00:00,1946.88,1950.1,1946.0,1948.5,3827.0033
2026-07-27 21:15:00,1948.49,1948.64,1944.34,1944.46,3672.5487
2026-07-27 21:30:00,1944.47,1945.6,1941.66,1942.43,4566.8141
2026-07-27 21:45:00,1942.43,1943.87,1940.58,1941.9,1464.7916
2026-07-27 22:00:00,1941.89,1941.9,1935.03,1938.39,2543.6827
2026-07-27 22:15:00,1938.39,1939.46,1928.35,1929.57,3572.7219
2026-07-27 22:30:00,1929.57,1931.25,1912.09,1914.72,7802.2373
2026-07-27 22:45:00,1914.72,1914.72,1892.33,1893.6,12624.4071
2026-07-27 23:00:00,1893.61,1894.83,1882.49,1890.88,13173.3419
2026-07-27 23:15:00,1890.87,1895.96,1886.53,1893.21,3320.3475
2026-07-27 23:30:00,1893.2,1896.19,1886.53,1887.52,4088.0074
2026-07-27 23:45:00,1887.52,1893.23,1885.41,1892.53,3840.8286
2026-07-28 00:00:00,1892.53,1894.45,1880.13,1886.76,5610.8397
2026-07-28 00:15:00,1886.77,1891.62,1878.68,1883.36,4738.3418
2026-07-28 00:30:00,1883.35,1886.94,1879.08,1884.17,4432.038
2026-07-28 00:45:00,1884.17,1884.53,1877.02,1878.86,6010.5535
2026-07-28 01:00:00,1878.86,1880.8,1866.31,1875.91,7899.4471
2026-07-28 01:15:00,1875.92,1879.13,1870.43,1878.49,2710.1815
2026-07-28 01:30:00,1878.49,1882.77,1874.65,1875.87,2355.0987
2026-07-28 01:45:00,1875.88,1879.75,1874.13,1875.9,1859.4677
2026-07-28 02:00:00,1875.9,1878.45,1872.35,1877.42,1323.0524
2026-07-28 02:15:00,1877.42,1880.46,1876.43,1877.97,1569.8223
2026-07-28 02:30:00,1877.96,1879.08,1874.79,1875.35,1391.9844
2026-07-28 02:45:00,1875.36,1877.33,1872.99,1876.0,1610.1992
2026-07-28 03:00:00,1876.01,1877.69,1873.11,1877.47,1613.6936
2026-07-28 03:15:00,1877.48,1881.39,1876.09,1878.21,2074.759
2026-07-28 03:30:00,1878.22,1882.71,1875.3,1882.6,1964.9026
2026-07-28 03:45:00,1882.6,1883.26,1879.21,1881.38,2830.3897
2026-07-28 04:00:00,1881.37,1882.84,1880.0,1880.44,1534.7865
2026-07-28 04:15:00,1880.45,1881.39,1878.82,1879.56,2390.6118
2026-07-28 04:30:00,1879.55,1879.66,1876.48,1879.21,1241.6009
2026-07-28 04:45:00,1879.22,1881.35,1877.5,1879.18,1576.7136
2026-07-28 05:00:00,1879.18,1885.01,1878.46,1882.5,1495.2227
2026-07-28 05:15:00,1882.5,1889.66,1882.49,1886.3,3294.3521
2026-07-28 05:30:00,1886.31,1888.11,1882.32,1888.11,1920.8192
2026-07-28 05:45:00,1888.11,1888.9,1883.16,1883.16,1581.9755
2026-07-28 06:00:00,1883.16,1883.2,1878.54,1879.9,2255.3447
2026-07-28 06:15:00,1879.89,1883.43,1879.43,1883.18,2493.1442
2026-07-28 06:30:00,1883.18,1886.5,1882.74,1886.02,2681.6043
2026-07-28 06:45:00,1886.01,1888.82,1885.05,1888.62,3085.6018
2026-07-28 07:00:00,1888.62,1888.97,1886.01,1887.2,1397.655
2026-07-28 07:15:00,1887.2,1888.15,1885.2,1885.37,1118.2076
2026-07-28 07:30:00,1885.37,1886.15,1882.86,1883.62,2233.1103
2026-07-28 07:45:00,1883.63,1884.98,1880.92,1883.83,2958.2349
2026-07-28 08:00:00,1883.84,1884.84,1880.72,1880.77,2490.6402
2026-07-28 08:15:00,1880.77,1885.5,1880.4,1884.65,2866.6622
2026-07-28 08:30:00,1884.65,1885.62,1881.09,1885.04,1928.8987
2026-07-28 08:45:00,1885.04,1885.85,1882.51,1884.5,1261.6807
2026-07-28 09:00:00,1884.5,1885.12,1880.5,1882.83,1733.3319
2026-07-28 09:15:00,1882.83,1884.89,1882.4,1884.0,1240.4913
2026-07-28 09:30:00,1884.01,1884.93,1881.35,1882.56,1280.5832
2026-07-28 09:45:00,1882.57,1883.81,1874.81,1876.44,2351.5914
2026-07-28 10:00:00,1876.43,1878.6,1873.75,1876.03,1310.8044
2026-07-28 10:15:00,1876.03,1880.54,1873.8,1877.4,1905.7038
2026-07-28 10:30:00,1877.4,1879.97,1876.34,1879.97,1436.6947
2026-07-28 10:45:00,1879.99,1881.0,1878.62,1878.79,1057.7931
2026-07-28 11:00:00,1878.8,1879.87,1872.47,1873.01,2354.0186
2026-07-28 11:15:00,1873.01,1882.02,1872.0,1874.61,3954.3965
2026-07-28 11:30:00,1874.6,1879.78,1872.0,1873.8,1773.3582
2026-07-28 11:45:00,1873.91,1878.92,1873.91,1876.68,1393.9397
2026-07-28 12:00:00,1876.69,1878.72,1874.63,1877.61,1957.0224
2026-07-28 12:15:00,1877.62,1880.0,1876.82,1878.97,1469.3014
2026-07-28 12:30:00,1878.98,1883.36,1877.65,1883.34,2856.1033
2026-07-28 12:45:00,1883.34,1893.34,1881.89,1892.48,6221.4482
2026-07-28 13:00:00,1892.48,1896.28,1890.29,1891.49,3182.3829
2026-07-28 13:15:00,1891.49,1892.59,1883.83,1883.92,2789.405
2026-07-28 13:30:00,1883.92,1887.18,1860.37,1869.36,10833.4188
2026-07-28 13:45:00,1869.36,1876.22,1856.88,1874.08,10112.7442
2026-07-28 14:00:00,1874.08,1881.61,1874.0,1875.28,4905.6782
2026-07-28 14:15:00,1875.29,1879.57,1867.74,1876.81,4877.6422
2026-07-28 14:30:00,1876.82,1888.37,1876.82,1886.53,4695.171
2026-07-28 14:45:00,1886.53,1893.46,1884.51,1888.95,5539.1748
2026-07-28 15:00:00,1888.96,1892.99,1884.56,1891.25,6166.3318
2026-07-28 15:15:00,1891.24,1924.41,1887.52,1912.17,16697.5385
2026-07-28 15:30:00,1912.16,1918.41,1909.0,1916.24,5751.2256
2026-07-28 15:45:00,1916.23,1922.22,1912.7,1920.02,6696.3708
2026-07-28 16:00:00,1920.02,1920.02,1914.81,1915.42,3102.2362
2026-07-28 16:15:00,1915.42,1924.05,1915.0,1918.04,3753.6315
2026-07-28 16:30:00,1918.03,1924.15,1914.52,1922.46,3376.6423
2026-07-28 16:45:00,1922.45,1928.95,1919.72,1925.92,4809.5052
2026-07-28 17:00:00,1925.92,1925.92,1911.81,1912.08,4717.3531
2026-07-28 17:15:00,1912.07,1913.99,1906.14,1908.29,4147.8875
2026-07-28 17:30:00,1908.3,1908.75,1892.71,1896.51,7473.7214
2026-07-28 17:45:00,1896.52,1903.12,1896.5,1901.89,2968.1405
2026-07-28 18:00:00,1901.9,1913.61,1901.6,1908.41,4533.8418
2026-07-28 18:15:00,1908.4,1910.88,1908.08,1909.2,1137.7051
2026-07-28 18:30:00,1909.21,1913.93,1908.47,1912.79,2013.5945
2026-07-28 18:45:00,1912.79,1914.93,1909.76,1911.22,1233.4473
2026-07-28 19:00:00,1911.22,1915.65,1911.22,1913.92,1793.7758
2026-07-28 19:15:00,1913.93,1916.76,1912.4,1915.78,1189.7448
2026-07-28 19:30:00,1915.79,1921.71,1915.54,1916.16,3227.1549
2026-07-28 19:45:00,1916.15,1922.23,1915.84,1922.23,2285.8522
2026-07-28 20:00:00,1922.24,1923.84,1918.73,1921.49,2232.7418
2026-07-28 20:15:00,1921.49,1923.17,1917.51,1918.51,1512.8957
2026-07-28 20:30:00,1918.51,1920.28,1916.16,1918.71,1679.4992
2026-07-28 20:45:00,1918.71,1918.86,1917.12,1918.57,588.6154
2026-07-28 21:00:00,1918.57,1923.22,1918.47,1920.21,1467.5094
2026-07-28 21:15:00,1920.21,1920.93,1919.75,1920.15,734.0396
2026-07-28 21:30:00,1920.15,1923.5,1919.08,1923.49,1401.907
2026-07-28 21:45:00,1923.5,1929.67,1923.5,1923.95,2767.5581
2026-07-28 22:00:00,1923.96,1927.1,1922.0,1923.01,1437.7009
2026-07-28 22:15:00,1923.01,1924.28,1919.41,1919.8,1343.9255
2026-07-28 22:30:00,1919.8,1919.8,1916.52,1916.92,1273.8647
2026-07-28 22:45:00,1916.92,1916.92,1910.1,1911.9,3428.4224
2026-07-28 23:00:00,1911.9,1912.34,1904.41,1908.39,3120.1728
2026-07-28 23:15:00,1908.39,1909.18,1904.06,1908.6,1276.439
2026-07-28 23:30:00,1908.61,1918.88,1908.55,1918.09,2036.3305
2026-07-28 23:45:00,1918.09,1923.1,1916.62,1922.23,2814.0028
2026-07-29 00:00:00,1922.22,1928.51,1921.88,1922.52,3922.8587
2026-07-29 00:15:00,1922.51,1925.85,1918.99,1920.33,2609.7601
2026-07-29 00:30:00,1920.33,1923.33,1916.34,1921.35,1469.6207
2026-07-29 00:45:00,1921.36,1925.3,1916.89,1917.27,1535.9749
2026-07-29 01:00:00,1917.27,1918.16,1910.08,1910.58,1525.5167
2026-07-29 01:15:00,1910.58,1916.73,1908.63,1915.12,1533.0941
2026-07-29 01:30:00,1915.12,1915.92,1909.42,1910.36,1662.0665
2026-07-29 01:45:00,1910.35,1910.99,1905.0,1905.7,2411.4675
2026-07-29 02:00:00,1905.69,1910.4,1901.17,1908.64,2616.5801
2026-07-29 02:15:00,1908.64,1916.05,1903.12,1915.8,1500.2393
2026-07-29 02:30:00,1915.79,1919.67,1913.44,1914.2,1990.0885
2026-07-29 02:45:00,1914.2,1914.33,1908.87,1911.1,1011.8913
2026-07-29 03:00:00,1911.11,1913.04,1906.73,1909.62,2538.463
2026-07-29 03:15:00,1909.63,1910.16,1901.81,1901.91,1787.3723
2026-07-29 03:30:00,1901.91,1902.69,1895.31,1897.68,2989.5333
2026-07-29 03:45:00,1897.68,1898.69,1891.17,1892.7,2609.835
2026-07-29 04:00:00,1892.7,1895.9,1884.51,1892.15,4933.8529
2026-07-29 04:15:00,1892.14,1896.5,1886.26,1895.41,3683.6562
2026-07-29 04:30:00,1895.41,1906.43,1894.5,1900.69,3730.2339
2026-07-29 04:45:00,1900.7,1905.72,1900.12,1905.52,1691.5455
2026-07-29 05:00:00,1905.52,1909.18,1904.71,1909.05,2109.5379
2026-07-29 05:15:00,1909.05,1910.51,1903.53,1908.44,1544.754
2026-07-29 05:30:00,1908.45,1914.99,1907.21,1912.54,2061.1048
2026-07-29 05:45:00,1912.55,1914.81,1911.68,1912.54,1051.747
2026-07-29 06:00:00,1912.53,1913.99,1908.89,1912.79,1228.056
2026-07-29 06:15:00,1912.8,1919.6,1911.12,1918.8,2960.3724
2026-07-29 06:30:00,1918.79,1920.93,1917.57,1919.66,2044.3359
2026-07-29 06:45:00,1919.66,1921.71,1917.8,1920.18,1854.0992
2026-07-29 07:00:00,1920.19,1922.0,1918.71,1919.36,2449.9104
2026-07-29 07:15:00,1919.35,1919.69,1916.06,1918.56,1468.0436
2026-07-29 07:30:00,1918.57,1918.57,1914.81,1915.9,1496.971
2026-07-29 07:45:00,1915.9,1925.68,1914.1,1924.71,4678.113
2026-07-29 08:00:00,1924.71,1925.35,1914.16,1914.93,2535.0158
2026-07-29 08:15:00,1914.93,1916.95,1912.18,1913.29,1827.4693
2026-07-29 08:30:00,1913.29,1916.71,1912.11,1916.71,1270.0086
2026-07-29 08:45:00,1916.71,1919.39,1914.87,1915.08,1230.9463
2026-07-29 09:00:00,1915.08,1919.75,1914.94,1918.88,1974.2849
2026-07-29 09:15:00,1918.88,1921.03,1917.97,1920.14,1851.1963
2026-07-29 09:30:00,1920.14,1924.73,1920.0,1922.02,2313.2893
2026-07-29 09:45:00,1922.02,1924.05,1918.85,1922.31,1889.2271
2026-07-29 10:00:00,1922.31,1922.58,1919.44,1920.63,2112.3106
2026-07-29 10:15:00,1920.64,1920.82,1918.94,1919.45,3621.3356
2026-07-29 10:30:00,1919.46,1921.16,1917.0,1920.41,965.3293
2026-07-29 10:45:00,1920.42,1920.42,1910.0,1912.16,2806.4555
2026-07-29 11:00:00,1912.16,1917.0,1911.16,1916.45,1457.4453
2026-07-29 11:15:00,1916.45,1917.07,1911.94,1913.79,1831.8575
2026-07-29 11:30:00,1913.78,1914.14,1910.35,1911.75,1267.4339
2026-07-29 11:45:00,1911.75,1916.0,1911.53,1915.26,572.174
2026-07-29 12:00:00,1915.26,1915.27,1911.71,1911.71,1775.1664
2026-07-29 12:15:00,1911.7,1911.7,1902.3,1906.23,2821.0011
2026-07-29 12:30:00,1906.22,1908.74,1903.86,1906.48,2427.7609
2026-07-29 12:45:00,1906.49,1908.12,1903.89,1905.23,3411.579
2026-07-29 13:00:00,1905.23,1906.81,1903.78,1905.94,2814.4417
2026-07-29 13:15:00,1905.95,1905.96,1900.81,1904.48,3625.6705
2026-07-29 13:30:00,1904.47,1911.11,1901.3,1909.36,4930.6046
2026-07-29 13:45:00,1909.36,1911.67,1895.59,1909.24,5482.6317
2026-07-29 14:00:00,1909.24,1911.46,1897.0,1898.09,4848.0993
2026-07-29 14:15:00,1898.1,1902.97,1892.71,1897.77,6081.7766
2026-07-29 14:30:00,1897.77,1903.71,1891.39,1893.52,4232.8413
2026-07-29 14:45:00,1893.51,1900.31,1892.95,1895.23,3932.2922
2026-07-29 15:00:00,1895.23,1898.84,1893.82,1896.88,4363.8248
2026-07-29 15:15:00,1896.87,1898.42,1888.88,1895.11,6307.9286
2026-07-29 15:30:00,1895.1,1898.65,1891.05,1891.68,3063.6019
2026-07-29 15:45:00,1891.68,1894.06,1887.31,1892.11,3085.0602
2026-07-29 16:00:00,1892.11,1893.79,1889.57,1892.41,3106.8891
2026-07-29 16:15:00,1892.4,1899.5,1890.57,1895.83,3213.7345
2026-07-29 16:30:00,1895.82,1897.71,1887.75,1889.52,1848.8368
2026-07-29 16:45:00,1889.51,1895.69,1889.28,1895.4,2165.5423
2026-07-29 17:00:00,1895.4,1901.62,1895.23,1901.48,2569.7065
2026-07-29 17:15:00,1901.48,1901.48,1895.46,1895.9,1947.072
2026-07-29 17:30:00,1895.9,1903.36,1894.51,1902.18,2408.5844
2026-07-29 17:45:00,1902.17,1917.29,1900.43,1916.16,5385.5113
2026-07-29 18:00:00,1916.15,1935.68,1915.19,1917.08,16340.3122
2026-07-29 18:15:00,1917.07,1919.7,1903.0,1908.03,5883.4991
2026-07-29 18:30:00,1908.04,1922.34,1894.22,1920.7,9149.7964
2026-07-29 18:45:00,1920.69,1928.51,1917.9,1920.55,6198.7857
2026-07-29 19:00:00,1920.56,1922.74,1909.14,1913.33,5128.6193
2026-07-29 19:15:00,1913.33,1914.46,1898.21,1904.36,6381.4184
2026-07-29 19:30:00,1904.37,1907.29,1897.01,1900.19,4002.2589
2026-07-29 19:45:00,1900.2,1901.42,1883.7,1888.56,9227.1327
2026-07-29 20:00:00,1888.57,1889.89,1880.0,1887.79,6901.7959
2026-07-29 20:15:00,1887.78,1891.51,1878.14,1884.1,4555.8764
2026-07-29 20:30:00,1884.11,1891.99,1882.53,1889.21,3375.8957
2026-07-29 20:45:00,1889.21,1890.6,1882.92,1884.15,1894.3409
2026-07-29 21:00:00,1884.16,1885.15,1872.0,1885.07,5297.3518
2026-07-29 21:15:00,1885.07,1890.01,1881.77,1890.0,2879.7336
2026-07-29 21:30:00,1890.0,1892.99,1888.99,1891.39,2912.2829
2026-07-29 21:45:00,1891.39,1898.39,1889.89,1898.38,2693.0213
2026-07-29 22:00:00,1898.39,1910.14,1898.28,1907.59,4559.5763
2026-07-29 22:15:00,1907.59,1911.61,1906.03,1908.57,2459.4578
2026-07-29 22:30:00,1908.56,1909.3,1904.52,1908.32,1869.9592
2026-07-29 22:45:00,1908.32,1908.91,1905.15,1907.18,834.7563
2026-07-29 23:00:00,1907.18,1907.35,1902.68,1903.51,2947.9177
2026-07-29 23:15:00,1903.51,1911.01,1903.3,1908.4,1892.6199
2026-07-29 23:30:00,1908.41,1911.29,1905.95,1911.29,1338.6476
2026-07-29 23:45:00,1911.28,1913.17,1909.48,1910.72,1760.6553
2026-07-30 00:00:00,1910.72,1914.81,1908.52,1912.2,1837.9253
2026-07-30 00:15:00,1912.19,1914.8,1908.33,1911.21,1665.5469
2026-07-30 00:30:00,1911.21,1911.77,1896.43,1896.86,2684.536
2026-07-30 00:45:00,1896.86,1899.21,1893.99,1898.22,1551.5655
2026-07-30 01:00:00,1898.22,1911.21,1897.49,1900.67,3243.0356
2026-07-30 01:15:00,1900.68,1907.76,1900.46,1907.27,1256.9975
2026-07-30 01:30:00,1907.27,1919.0,1907.08,1915.25,5117.7494
2026-07-30 01:45:00,1915.24,1921.92,1913.52,1916.77,3102.8681
2026-07-30 02:00:00,1916.77,1919.9,1914.03,1916.84,3044.8619
2026-07-30 02:15:00,1916.83,1920.0,1915.0,1915.47,1932.6326
2026-07-30 02:30:00,1915.46,1915.47,1910.29,1914.53,1819.9488
2026-07-30 02:45:00,1914.53,1915.35,1910.61,1911.11,796.8397
2026-07-30 03:00:00,1911.12,1913.73,1907.65,1911.48,971.1067
2026-07-30 03:15:00,1911.5,1915.3,1910.77,1914.12,1200.7076
2026-07-30 03:30:00,1914.12,1914.13,1909.21,1910.78,1469.3961
2026-07-30 03:45:00,1910.78,1912.6,1909.94,1909.99,1105.8878
2026-07-30 04:00:00,1910.0,1910.93,1906.99,1907.43,1952.5303
2026-07-30 04:15:00,1907.43,1908.65,1905.44,1906.38,1082.7284
2026-07-30 04:30:00,1906.37,1908.36,1903.91,1905.18,3670.744
2026-07-30 04:45:00,1905.18,1906.89,1901.87,1901.99,3083.7429
2026-07-30 05:00:00,1902.0,1903.86,1900.44,1903.13,2462.6679
2026-07-30 05:15:00,1903.13,1904.55,1900.18,1903.2,1641.6198
2026-07-30 05:30:00,1903.2,1909.67,1903.04,1907.87,1407.277
2026-07-30 05:45:00,1907.87,1909.39,1904.3,1906.34,988.3538
2026-07-30 06:00:00,1906.34,1906.95,1902.78,1903.72,1004.8706
2026-07-30 06:15:00,1903.73,1906.35,1901.98,1905.88,1333.6839
2026-07-30 06:30:00,1905.88,1905.94,1902.59,1903.03,852.8382
2026-07-30 06:45:00,1903.02,1903.89,1899.59,1901.32,1786.756
2026-07-30 07:00:00,1901.33,1907.97,1900.93,1905.25,2095.3579
2026-07-30 07:15:00,1905.26,1908.12,1902.71,1905.42,2647.5195
2026-07-30 07:30:00,1905.42,1906.15,1900.43,1904.91,1836.7411
2026-07-30 07:45:00,1904.91,1906.21,1902.97,1903.25,1273.6335
2026-07-30 08:00:00,1903.26,1907.02,1900.51,1904.76,1725.7486
2026-07-30 08:15:00,1904.76,1917.95,1903.59,1914.37,2959.0235
2026-07-30 08:30:00,1914.37,1916.82,1912.99,1915.95,2582.2489
2026-07-30 08:45:00,1915.94,1916.54,1913.98,1914.99,1801.4499
2026-07-30 09:00:00,1914.99,1918.4,1914.06,1918.05,2517.3658
2026-07-30 09:15:00,1918.05,1920.56,1916.76,1920.3,2257.6788
2026-07-30 09:30:00,1920.3,1924.25,1917.98,1918.82,2995.3764
2026-07-30 09:45:00,1918.81,1920.64,1917.56,1918.16,2186.4987
2026-07-30 10:00:00,1918.15,1920.52,1917.7,1918.36,1421.2771
2026-07-30 10:15:00,1918.36,1920.52,1918.35,1920.24,1627.8413
2026-07-30 10:30:00,1920.25,1921.78,1919.02,1921.37,1011.4267
2026-07-30 10:45:00,1921.37,1921.9,1916.7,1918.26,938.6382
2026-07-30 11:00:00,1918.27,1920.0,1916.7,1919.35,934.4563
2026-07-30 11:15:00,1919.36,1921.33,1918.4,1920.49,847.6308
2026-07-30 11:30:00,1920.5,1924.0,1918.98,1921.29,1305.6661
2026-07-30 11:45:00,1921.29,1926.44,1920.92,1923.22,1758.9034
2026-07-30 12:00:00,1923.25,1928.0,1922.19,1926.51,2405.8163
2026-07-30 12:15:00,1926.52,1926.96,1919.79,1922.4,1272.0041
2026-07-30 12:30:00,1922.39,1925.6,1919.84,1920.61,1537.529
2026-07-30 12:45:00,1920.62,1926.43,1920.62,1925.23,1686.5764
2026-07-30 13:00:00,1925.24,1928.46,1924.15,1925.65,1526.9684
2026-07-30 13:15:00,1925.66,1927.52,1922.87,1925.17,1047.4717
2026-07-30 13:30:00,1925.16,1931.41,1917.15,1930.42,4360.0051
2026-07-30 13:45:00,1930.42,1936.99,1929.25,1929.86,5302.2852
2026-07-30 14:00:00,1929.86,1930.2,1918.02,1918.64,5421.6014
2026-07-30 14:15:00,1918.65,1925.15,1913.49,1921.08,5434.5545
2026-07-30 14:30:00,1921.07,1924.84,1918.43,1920.57,2258.6259
2026-07-30 14:45:00,1920.57,1921.65,1914.71,1917.4,2402.6316
2026-07-30 15:00:00,1917.41,1921.2,1914.67,1916.92,2199.7854
2026-07-30 15:15:00,1916.92,1924.16,1915.84,1917.04,1978.4146
2026-07-30 15:30:00,1917.03,1919.67,1914.7,1918.89,1454.3364
2026-07-30 15:45:00,1918.89,1920.57,1916.67,1918.9,1509.1352
2026-07-30 16:00:00,1918.9,1925.98,1918.85,1923.46,1943.564
2026-07-30 16:15:00,1923.45,1925.0,1920.54,1922.75,1162.0031
2026-07-30 16:30:00,1922.76,1923.27,1915.98,1915.98,1505.2618
2026-07-30 16:45:00,1915.97,1919.74,1915.97,1919.38,938.0253
2026-07-30 17:00:00,1919.37,1920.77,1916.28,1917.5,1196.6125
2026-07-30 17:15:00,1917.5,1923.0,1916.84,1922.15,1427.2824
2026-07-30 17:30:00,1922.15,1925.4,1918.85,1923.51,2657.0841
2026-07-30 17:45:00,1923.51,1924.91,1920.4,1920.88,1000.4908
2026-07-30 18:00:00,1920.88,1922.73,1919.8,1920.29,1013.235
2026-07-30 18:15:00,1920.29,1920.62,1918.23,1920.32,935.7492
2026-07-30 18:30:00,1920.31,1920.8,1917.4,1918.56,872.2568
2026-07-30 18:45:00,1918.56,1918.86,1914.81,1916.29,1133.9413
2026-07-30 19:00:00,1916.3,1922.89,1916.0,1921.97,1247.8964
2026-07-30 19:15:00,1921.98,1929.34,1920.92,1926.49,1954.7752
2026-07-30 19:30:00,1926.49,1927.48,1924.32,1925.65,1222.6728
2026-07-30 19:45:00,1925.65,1926.01,1922.98,1923.68,1875.1109
2026-07-30 20:00:00,1923.69,1927.4,1921.03,1922.01,1873.6816
2026-07-30 20:15:00,1922.0,1924.96,1920.73,1922.35,535.5372
2026-07-30 20:30:00,1922.35,1925.6,1920.0,1923.89,943.7346
2026-07-30 20:45:00,1923.89,1925.2,1921.41,1921.68,725.0318
2026-07-30 21:00:00,1921.69,1923.35,1921.42,1923.0,502.2783
2026-07-30 21:15:00,1923.0,1924.56,1921.78,1922.19,669.8272
2026-07-30 21:30:00,1922.2,1923.19,1920.56,1921.74,599.8562
2026-07-30 21:45:00,1921.75,1922.13,1917.23,1918.67,1183.0162
2026-07-30 22:00:00,1918.66,1928.2,1916.0,1925.66,1874.4368
2026-07-30 22:15:00,1925.67,1932.91,1924.91,1931.98,1907.8974
2026-07-30 22:30:00,1931.99,1933.41,1928.38,1930.13,1372.8879
2026-07-30 22:45:00,1930.13,1930.73,1924.73,1925.63,950.2007
2026-07-30 23:00:00,1925.62,1928.92,1924.78,1928.77,438.0883
2026-07-30 23:15:00,1928.77,1928.92,1926.19,1927.5,428.2284
2026-07-30 23:30:00,1927.49,1936.79,1922.11,1924.71,4678.6025
2026-07-30 23:45:00,1924.71,1926.58,1918.07,1918.31,3170.7731
2026-07-31 00:00:00,1918.32,1922.09,1917.06,1919.49,1779.2896
2026-07-31 00:15:00,1919.49,1919.97,1916.2,1917.84,1614.945
2026-07-31 00:30:00,1917.84,1919.68,1915.64,1917.8,1050.9021
2026-07-31 00:45:00,1917.8,1918.84,1915.02,1917.15,3120.1842
2026-07-31 01:00:00,1917.15,1936.15,1917.15,1930.98,6804.5115
2026-07-31 01:15:00,1930.98,1932.99,1925.22,1929.71,1891.9275
2026-07-31 01:30:00,1929.7,1930.2,1919.09,1919.38,2379.8859
2026-07-31 01:45:00,1919.38,1920.53,1906.79,1910.36,5005.863
2026-07-31 02:00:00,1910.35,1912.0,1906.5,1908.73,1387.7233
2026-07-31 02:15:00,1908.73,1908.73,1904.04,1904.49,2103.68
2026-07-31 02:30:00,1904.49,1907.1,1901.6,1902.15,1912.6477
2026-07-31 02:45:00,1902.15,1906.44,1902.15,1904.15,1319.6422
2026-07-31 03:00:00,1904.15,1904.26,1899.09,1901.86,2212.5421
2026-07-31 03:15:00,1901.87,1909.99,1900.96,1908.02,2709.8824
2026-07-31 03:30:00,1908.01,1909.5,1905.61,1908.05,1000.8925
2026-07-31 03:45:00,1908.05,1911.6,1906.79,1908.9,2662.5656
2026-07-31 04:00:00,1908.9,1909.49,1905.0,1905.28,954.9271
2026-07-31 04:15:00,1905.28,1906.53,1903.24,1906.15,914.2995
2026-07-31 04:30:00,1906.15,1907.04,1904.47,1905.68,655.7886
2026-07-31 04:45:00,1905.69,1906.91,1905.26,1905.96,1037.028
2026-07-31 05:00:00,1905.97,1908.75,1905.96,1908.53,1006.403
2026-07-31 05:15:00,1908.53,1909.1,1904.61,1904.82,1011.4646
2026-07-31 05:30:00,1904.82,1906.07,1901.65,1901.65,987.8105
2026-07-31 05:45:00,1901.65,1906.26,1901.49,1906.13,825.2853
2026-07-31 06:00:00,1906.14,1907.99,1904.77,1907.3,619.3773
2026-07-31 06:15:00,1907.3,1911.16,1905.51,1910.86,1096.029
2026-07-31 06:30:00,1910.86,1911.15,1901.17,1902.18,1485.1474
2026-07-31 06:45:00,1902.18,1904.75,1900.3,1902.61,1143.8808
2026-07-31 07:00:00,1902.6,1902.78,1890.1,1892.06,4694.3435
2026-07-31 07:15:00,1892.06,1892.16,1885.08,1885.09,3518.767
2026-07-31 07:30:00,1885.09,1889.03,1884.53,1887.68,5250.3841
2026-07-31 07:45:00,1887.68,1892.44,1887.67,1890.2,3368.0168
2026-07-31 08:00:00,1890.2,1893.08,1888.22,1891.83,3214.4749
2026-07-31 08:15:00,1891.83,1893.33,1888.54,1892.12,2679.5702
2026-07-31 08:30:00,1892.12,1892.8,1889.01,1889.72,1963.1344
2026-07-31 08:45:00,1889.73,1891.9,1889.3,1890.45,1306.5813
2026-07-31 09:00:00,1890.45,1891.26,1889.01,1890.09,1685.2179
2026-07-31 09:15:00,1890.1,1890.1,1883.26,1884.52,5412.817
2026-07-31 09:30:00,1884.51,1885.59,1881.42,1883.38,2365.6843
2026-07-31 09:45:00,1883.37,1885.37,1882.13,1883.74,895.5285
2026-07-31 10:00:00,1883.73,1884.77,1877.93,1883.5,3026.1681
2026-07-31 10:15:00,1883.5,1887.83,1882.63,1886.94,1079.9551
2026-07-31 10:30:00,1886.93,1889.61,1886.36,1889.44,1182.6107
2026-07-31 10:45:00,1889.45,1890.16,1885.9,1887.12,1671.396
2026-07-31 11:00:00,1887.12,1889.83,1884.42,1885.41,4526.7276
2026-07-31 11:15:00,1885.41,1887.3,1882.49,1884.46,2928.8907
2026-07-31 11:30:00,1884.46,1885.01,1882.6,1883.61,935.636
2026-07-31 11:45:00,1883.6,1885.16,1882.96,1884.26,729.1593
2026-07-31 12:00:00,1884.27,1884.82,1875.0,1876.81,5510.2755
2026-07-31 12:15:00,1876.8,1879.79,1875.46,1879.0,2465.8338
2026-07-31 12:30:00,1879.0,1879.0,1873.61,1877.65,2522.9501
2026-07-31 12:45:00,1877.64,1883.66,1877.24,1882.92,1495.9101
2026-07-31 13:00:00,1882.93,1886.05,1882.61,1886.04,1349.8544
2026-07-31 13:15:00,1886.05,1890.61,1886.05,1889.19,2911.8917
2026-07-31 13:30:00,1889.2,1889.2,1876.14,1876.38,4715.123
2026-07-31 13:45:00,1876.39,1878.71,1865.0,1867.12,8406.431
2026-07-31 14:00:00,1867.13,1868.84,1848.7,1864.8,18456.3759
2026-07-31 14:15:00,1864.8,1870.29,1858.18,1862.13,9997.0355
2026-07-31 14:30:00,1862.14,1868.29,1858.82,1860.59,8334.8313
2026-07-31 14:45:00,1860.6,1865.7,1856.0,1860.19,8804.155
2026-07-31 15:00:00,1860.2,1861.2,1856.1,1859.17,4771.0042
2026-07-31 15:15:00,1859.18,1862.52,1854.77,1857.83,4754.1972
2026-07-31 15:30:00,1857.83,1866.53,1856.76,1864.98,3502.0202
2026-07-31 15:45:00,1864.99,1865.13,1859.39,1862.94,2386.2247
2026-07-31 16:00:00,1862.93,1866.27,1861.85,1864.69,2082.0833
2026-07-31 16:15:00,1864.7,1867.32,1860.83,1866.38,1997.127
2026-07-31 16:30:00,1866.38,1866.76,1861.38,1863.08,4729.9058
2026-07-31 16:45:00,1863.08,1865.44,1862.25,1864.57,2091.923
2026-07-31 17:00:00,1864.57,1868.98,1863.26,1867.42,3482.0753
2026-07-31 17:15:00,1867.42,1871.69,1865.8,1871.53,1921.2963
2026-07-31 17:30:00,1871.53,1875.99,1870.51,1873.57,1832.3261
2026-07-31 17:45:00,1873.57,1878.14,1873.56,1875.01,2083.9437
2026-07-31 18:00:00,1875.01,1876.74,1871.1,1871.52,1322.1106
2026-07-31 18:15:00,1871.51,1873.43,1869.24,1869.26,979.4667
2026-07-31 18:30:00,1869.26,1870.32,1864.95,1869.17,948.9519
2026-07-31 18:45:00,1869.16,1873.79,1869.16,1871.83,751.1335
2026-07-31 19:00:00,1871.82,1874.04,1869.12,1870.21,907.7486
2026-07-31 19:15:00,1870.2,1870.36,1868.04,1868.74,777.4953
2026-07-31 19:30:00,1868.73,1869.09,1865.38,1868.24,3492.4956
2026-07-31 19:45:00,1868.24,1870.66,1867.46,1868.19,1389.8702
2026-07-31 20:00:00,1868.19,1869.78,1867.07,1869.09,1158.6597
2026-07-31 20:15:00,1869.08,1870.73,1868.0,1868.7,748.5357
2026-07-31 20:30:00,1868.69,1868.7,1864.55,1866.78,1124.0345
2026-07-31 20:45:00,1866.79,1867.45,1861.6,1862.25,2008.7245
2026-07-31 21:00:00,1862.25,1863.76,1859.64,1862.87,1134.8881
2026-07-31 21:15:00,1862.86,1863.4,1862.43,1863.07,641.7686
2026-07-31 21:30:00,1863.07,1863.28,1861.61,1862.66,1683.2675
2026-07-31 21:45:00,1862.67,1864.83,1859.69,1861.81,944.2405
2026-07-31 22:00:00,1861.81,1863.22,1858.8,1862.71,1299.2805
2026-07-31 22:15:00,1862.71,1864.29,1862.64,1863.98,953.8711
2026-07-31 22:30:00,1863.98,1865.56,1862.6,1863.28,3079.2609
2026-07-31 22:45:00,1863.28,1863.72,1861.05,1861.49,886.4827
2026-07-31 23:00:00,1861.49,1863.76,1861.49,1862.45,1365.023
2026-07-31 23:15:00,1862.45,1864.65,1862.19,1864.04,545.4144
2026-07-31 23:30:00,1864.05,1864.77,1863.27,1863.61,342.2569
2026-07-31 23:45:00,1863.61,1863.74,1860.95,1862.6,685.4223
2026-08-01 00:00:00,1862.6,1865.45,1862.38,1864.88,2015.4126
2026-08-01 00:15:00,1864.88,1867.19,1864.05,1866.0,664.8073
2026-08-01 00:30:00,1866.01,1867.11,1864.8,1867.11,472.6089
2026-08-01 00:45:00,1867.11,1867.64,1864.22,1864.7,1167.7634
2026-08-01 01:00:00,1864.69,1867.32,1864.69,1866.5,493.7654
2026-08-01 01:15:00,1866.5,1867.45,1865.0,1866.33,800.9393
2026-08-01 01:30:00,1866.33,1867.05,1865.8,1866.7,364.5484
2026-08-01 01:45:00,1866.7,1867.51,1865.64,1867.03,1215.3227
2026-08-01 02:00:00,1867.03,1868.4,1866.74,1867.95,548.4686
2026-08-01 02:15:00,1867.96,1870.0,1867.84,1868.92,400.2953
2026-08-01 02:30:00,1868.93,1869.3,1867.46,1868.09,267.7311
2026-08-01 02:45:00,1868.09,1869.52,1868.02,1868.25,413.4456
2026-08-01 03:00:00,1868.25,1868.67,1866.47,1867.23,378.6196
2026-08-01 03:15:00,1867.23,1868.99,1866.89,1867.97,329.7663
2026-08-01 03:30:00,1867.98,1868.99,1867.17,1868.62,539.557
2026-08-01 03:45:00,1868.63,1869.89,1868.22,1869.88,549.9977
2026-08-01 04:00:00,1869.88,1870.2,1867.13,1869.97,841.822
2026-08-01 04:15:00,1869.96,1870.53,1869.5,1869.51,428.3175
2026-08-01 04:30:00,1869.51,1870.37,1869.44,1870.37,277.8359
2026-08-01 04:45:00,1870.37,1870.52,1869.05,1869.76,342.5734
2026-08-01 05:00:00,1869.76,1871.05,1869.57,1871.05,512.0422
2026-08-01 05:15:00,1871.05,1871.05,1868.24,1868.66,830.2513
2026-08-01 05:30:00,1868.66,1869.17,1865.34,1865.9,881.8953
2026-08-01 05:45:00,1865.91,1867.62,1865.36,1867.59,457.0008
2026-08-01 06:00:00,1867.58,1867.7,1866.46,1867.59,360.9891
2026-08-01 06:15:00,1867.59,1870.47,1867.05,1870.04,482.2988
2026-08-01 06:30:00,1870.04,1870.56,1869.07,1870.13,634.982
2026-08-01 06:45:00,1870.13,1871.21,1869.42,1870.5,897.3341
2026-08-01 07:00:00,1870.5,1871.98,1870.3,1871.61,451.9512
2026-08-01 07:15:00,1871.62,1871.62,1869.43,1869.72,512.4758
2026-08-01 07:30:00,1869.71,1869.97,1868.49,1869.96,616.3489
2026-08-01 07:45:00,1869.97,1870.15,1869.18,1869.8,532.014
2026-08-01 08:00:00,1869.81,1870.09,1868.4,1869.15,385.6938
2026-08-01 08:15:00,1869.14,1870.28,1868.66,1869.0,609.7783
2026-08-01 08:30:00,1869.0,1869.0,1867.6,1868.03,440.5474
2026-08-01 08:45:00,1868.04,1869.67,1867.83,1869.49,447.9285
2026-08-01 09:00:00,1869.5,1870.28,1868.42,1870.1,646.9342
2026-08-01 09:15:00,1870.1,1870.74,1869.66,1869.88,580.1676
2026-08-01 09:30:00,1869.87,1870.71,1869.87,1870.02,439.7278
2026-08-01 09:45:00,1870.02,1870.03,1867.59,1867.93,744.9993
2026-08-01 10:00:00,1867.94,1869.11,1863.1,1864.57,2016.8334
2026-08-01 10:15:00,1864.56,1866.03,1863.86,1865.27,2526.2251
2026-08-01 10:30:00,1865.28,1868.13,1864.1,1868.02,1662.563
2026-08-01 10:45:00,1868.02,1868.48,1866.6,1867.35,1117.9932
2026-08-01 11:00:00,1867.36,1867.57,1865.79,1866.81,1500.8977
2026-08-01 11:15:00,1866.8,1867.77,1865.95,1867.01,2900.5997
2026-08-01 11:30:00,1867.02,1867.39,1866.42,1866.8,334.6864
2026-08-01 11:45:00,1866.79,1866.9,1866.42,1866.9,299.4513
2026-08-01 12:00:00,1866.9,1868.63,1866.89,1867.84,570.7122
2026-08-01 12:15:00,1867.84,1868.06,1867.34,1867.65,390.7505
2026-08-01 12:30:00,1867.65,1869.31,1867.3,1867.73,421.1402
2026-08-01 12:45:00,1867.74,1870.0,1867.73,1869.06,630.7753
2026-08-01 13:00:00,1869.07,1869.6,1868.7,1869.45,388.6841
2026-08-01 13:15:00,1869.46,1869.46,1868.2,1868.4,453.6325
2026-08-01 13:30:00,1868.4,1869.46,1868.4,1869.02,491.5372
2026-08-01 13:45:00,1869.03,1869.53,1867.54,1869.28,549.6274
2026-08-01 14:00:00,1869.29,1873.6,1869.25,1869.75,1615.5976
2026-08-01 14:15:00,1869.76,1873.36,1869.76,1873.18,480.3546
2026-08-01 14:30:00,1873.17,1874.41,1871.82,1872.72,1198.2042
2026-08-01 14:45:00,1872.72,1875.33,1872.13,1875.18,845.025
2026-08-01 15:00:00,1875.18,1875.19,1873.55,1874.7,539.4536
2026-08-01 15:15:00,1874.71,1875.45,1871.17,1871.9,884.5225
2026-08-01 15:30:00,1871.91,1872.67,1870.76,1870.82,1111.4146
2026-08-01 15:45:00,1870.81,1871.19,1870.07,1870.09,494.4898
2026-08-01 16:00:00,1870.1,1871.25,1868.75,1868.76,538.0705
2026-08-01 16:15:00,1868.75,1870.96,1868.67,1870.35,703.4487
2026-08-01 16:30:00,1870.36,1873.6,1870.32,1870.32,626.8237
2026-08-01 16:45:00,1870.32,1870.33,1866.47,1868.79,642.263
2026-08-01 17:00:00,1868.79,1870.25,1865.21,1866.5,1020.4625
2026-08-01 17:15:00,1866.5,1866.51,1861.47,1863.73,1460.1051
2026-08-01 17:30:00,1863.73,1863.89,1857.41,1863.33,1620.4681
2026-08-01 17:45:00,1863.32,1863.32,1858.94,1862.07,849.8028
2026-08-01 18:00:00,1862.06,1863.03,1859.71,1861.05,1192.335
2026-08-01 18:15:00,1861.04,1861.04,1851.32,1853.69,3700.9907
2026-08-01 18:30:00,1853.69,1853.69,1832.0,1833.1,18146.2751
2026-08-01 18:45:00,1833.1,1837.15,1822.06,1836.81,7629.1801
2026-08-01 19:00:00,1836.8,1840.09,1834.2,1837.54,3768.8794
2026-08-01 19:15:00,1837.53,1840.58,1835.26,1838.17,1059.8636
2026-08-01 19:30:00,1838.17,1839.72,1835.39,1835.74,587.3501
2026-08-01 19:45:00,1835.74,1839.59,1835.66,1837.3,636.3323
2026-08-01 20:00:00,1837.29,1838.79,1835.68,1837.76,1131.5803
2026-08-01 20:15:00,1837.77,1840.48,1837.1,1837.88,1164.3914
2026-08-01 20:30:00,1837.87,1837.87,1833.07,1834.64,1716.5204
2026-08-01 20:45:00,1834.64,1838.5,1834.15,1838.41,1508.7997
2026-08-01 21:00:00,1838.41,1843.07,1836.61,1838.17,2017.2751
2026-08-01 21:15:00,1838.16,1843.07,1838.07,1843.01,1828.8279
2026-08-01 21:30:00,1843.0,1845.12,1842.25,1844.7,1134.6515
2026-08-01 21:45:00,1844.69,1845.96,1844.07,1845.78,914.1532
2026-08-01 22:00:00,1845.79,1848.03,1844.76,1847.79,879.5714
2026-08-01 22:15:00,1847.79,1849.26,1846.0,1849.26,858.8141
2026-08-01 22:30:00,1849.25,1849.26,1846.1,1847.86,539.9816
2026-08-01 22:45:00,1847.86,1848.36,1846.94,1847.28,577.8115
2026-08-01 23:00:00,1847.28,1849.1,1846.26,1846.52,661.0211
2026-08-01 23:15:00,1846.52,1846.53,1843.39,1843.68,925.1324
2026-08-01 23:30:00,1843.69,1846.68,1843.69,1845.53,794.2004
2026-08-01 23:45:00,1845.53,1845.94,1844.51,1844.94,647.4756
2026-08-02 00:00:00,1844.95,1849.7,1844.94,1847.72,1484.4637
2026-08-02 00:15:00,1847.72,1848.18,1844.91,1845.35,904.0709
2026-08-02 00:30:00,1845.36,1846.64,1844.26,1845.56,710.1894
2026-08-02 00:45:00,1845.56,1846.88,1843.67,1846.69,932.4847
2026-08-02 01:00:00,1846.69,1856.34,1846.69,1856.03,2184.4678
2026-08-02 01:15:00,1856.04,1859.41,1854.16,1854.71,2175.2778
2026-08-02 01:30:00,1854.72,1858.11,1853.96,1857.43,1914.5227
2026-08-02 01:45:00,1857.43,1858.01,1856.27,1857.09,1117.8348
2026-08-02 02:00:00,1857.09,1882.98,1856.51,1874.86,8961.4709
2026-08-02 02:15:00,1874.87,1884.69,1873.22,1875.7,5415.9431
2026-08-02 02:30:00,1875.7,1876.6,1871.93,1874.28,1649.6006
2026-08-02 02:45:00,1874.28,1878.0,1872.92,1876.9,1666.745
2026-08-02 03:00:00,1876.9,1878.0,1874.72,1875.63,954.5155
2026-08-02 03:15:00,1875.63,1879.13,1874.32,1875.69,1692.5257
2026-08-02 03:30:00,1875.7,1880.54,1875.55,1878.49,1731.0063
2026-08-02 03:45:00,1878.49,1879.54,1876.1,1877.43,598.2953
2026-08-02 04:00:00,1877.44,1881.0,1877.44,1880.16,1495.6388
2026-08-02 04:15:00,1880.16,1881.31,1878.87,1879.3,1543.1293
2026-08-02 04:30:00,1879.3,1880.6,1878.09,1878.09,445.2925
2026-08-02 04:45:00,1878.09,1882.67,1878.0,1881.22,1194.0711
2026-08-02 05:00:00,1881.21,1882.68,1877.5,1878.3,1627.8468
2026-08-02 05:15:00,1878.3,1878.42,1876.8,1877.87,862.9798
2026-08-02 05:30:00,1877.87,1878.0,1875.28,1875.4,1187.6648
2026-08-02 05:45:00,1875.39,1876.68,1875.26,1876.33,520.2763
2026-08-02 06:00:00,1876.32,1877.98,1875.09,1875.85,746.6837
2026-08-02 06:15:00,1875.85,1878.01,1875.0,1877.68,885.7247
2026-08-02 06:30:00,1877.68,1879.33,1876.27,1877.97,967.3159
2026-08-02 06:45:00,1877.96,1878.0,1876.36,1877.54,548.7341
2026-08-02 07:00:00,1877.54,1878.4,1876.82,1878.2,1306.6185
2026-08-02 07:15:00,1878.19,1878.78,1877.4,1877.65,680.3228
2026-08-02 07:30:00,1877.64,1878.04,1876.7,1877.63,349.0696
2026-08-02 07:45:00,1877.63,1877.64,1875.67,1876.1,378.3858
2026-08-02 08:00:00,1876.1,1879.0,1875.58,1876.66,972.8248
2026-08-02 08:15:00,1876.67,1877.18,1873.18,1873.35,873.4926
2026-08-02 08:30:00,1873.35,1873.35,1867.04,1869.47,1586.676
2026-08-02 08:45:00,1869.46,1870.37,1867.42,1868.2,1611.7378
2026-08-02 09:00:00,1868.19,1870.61,1862.3,1870.33,1491.2858
2026-08-02 09:15:00,1870.33,1872.85,1869.48,1870.37,701.8665
2026-08-02 09:30:00,1870.38,1872.97,1870.27,1870.58,529.4201
2026-08-02 09:45:00,1870.58,1871.64,1870.51,1870.95,292.0814
2026-08-02 10:00:00,1870.94,1871.13,1868.59,1869.12,334.8467
2026-08-02 10:15:00,1869.11,1870.76,1865.63,1866.43,664.2853
2026-08-02 10:30:00,1866.44,1869.69,1866.44,1869.11,459.2947
2026-08-02 10:45:00,1869.1,1869.42,1868.75,1868.75,294.6005
2026-08-02 11:00:00,1868.76,1869.74,1866.45,1867.84,529.9537
2026-08-02 11:15:00,1867.83,1869.6,1864.64,1864.73,634.4377
2026-08-02 11:30:00,1864.73,1865.64,1854.18,1856.38,2467.7305
2026-08-02 11:45:00,1856.39,1859.44,1849.5,1852.58,4563.7422
2026-08-02 12:00:00,1852.65,1857.38,1852.46,1857.21,1721.4655
2026-08-02 12:15:00,1857.21,1860.58,1855.81,1858.31,1098.6657
2026-08-02 12:30:00,1858.3,1859.72,1856.28,1858.05,574.4463
2026-08-02 12:45:00,1858.05,1858.48,1856.32,1857.06,369.8389
2026-08-02 13:00:00,1857.07,1858.05,1855.57,1856.49,542.3379
2026-08-02 13:15:00,1856.49,1857.16,1853.67,1856.03,593.81
2026-08-02 13:30:00,1856.03,1857.68,1852.41,1855.42,634.2502
2026-08-02 13:45:00,1855.42,1856.66,1854.6,1854.89,460.2694
2026-08-02 14:00:00,1854.88,1855.69,1852.42,1855.69,714.0554
2026-08-02 14:15:00,1855.69,1858.4,1855.32,1857.21,1079.6501
2026-08-02 14:30:00,1857.21,1858.89,1855.9,1858.65,377.1014
2026-08-02 14:45:00,1858.64,1859.27,1854.45,1854.94,582.0098
2026-08-02 15:00:00,1854.95,1859.18,1853.81,1859.13,577.1343
2026-08-02 15:15:00,1859.13,1859.52,1857.73,1858.74,539.5952
2026-08-02 15:30:00,1858.74,1863.05,1858.5,1860.28,1001.7883
2026-08-02 15:45:00,1860.28,1861.0,1858.01,1858.82,712.5319
2026-08-02 16:00:00,1858.82,1859.19,1856.03,1857.83,453.7737
2026-08-02 16:15:00,1857.83,1859.96,1857.51,1859.15,361.0991
2026-08-02 16:30:00,1859.16,1865.7,1858.42,1864.9,1219.8386
2026-08-02 16:45:00,1864.89,1865.14,1863.09,1863.13,815.5396
2026-08-02 17:00:00,1863.13,1866.12,1862.4,1865.89,579.5731
2026-08-02 17:15:00,1865.89,1870.57,1864.63,1866.4,1889.8478
2026-08-02 17:30:00,1866.39,1868.7,1866.39,1868.44,450.9254
2026-08-02 17:45:00,1868.44,1869.99,1868.44,1868.65,379.1278
2026-08-02 18:00:00,1868.64,1871.21,1868.64,1870.31,383.5444
2026-08-02 18:15:00,1870.31,1870.31,1868.49,1869.12,261.3683
2026-08-02 18:30:00,1869.13,1887.2,1868.99,1881.56,6999.3138
2026-08-02 18:45:00,1881.47,1882.34,1874.68,1875.86,3053.0278
2026-08-02 19:00:00,1875.86,1878.7,1874.8,1876.71,1138.0802
2026-08-02 19:15:00,1876.71,1878.66,1876.08,1876.09,680.8222
2026-08-02 19:30:00,1876.09,1878.85,1875.62,1878.85,921.858
2026-08-02 19:45:00,1878.85,1883.93,1878.85,1882.2,1300.0515
2026-08-02 20:00:00,1882.2,1883.4,1880.21,1883.1,796.7651
2026-08-02 20:15:00,1883.09,1884.31,1879.61,1880.19,662.5416
2026-08-02 20:30:00,1880.19,1882.61,1879.93,1881.17,511.6162
2026-08-02 20:45:00,1881.18,1885.71,1880.86,1883.78,1089.506
2026-08-02 21:00:00,1883.79,1887.08,1882.15,1885.72,1537.4351
2026-08-02 21:15:00,1885.72,1887.39,1884.73,1887.1,823.3424
2026-08-02 21:30:00,1887.09,1898.5,1885.89,1894.22,3887.7471
2026-08-02 21:45:00,1894.23,1898.5,1888.57,1890.43,2161.9572
2026-08-02 22:00:00,1890.44,1897.8,1890.44,1893.75,3616.2893
2026-08-02 22:15:00,1893.75,1897.59,1888.54,1890.0,2579.3859
2026-08-02 22:30:00,1889.99,1890.64,1880.5,1885.38,2693.8725
2026-08-02 22:45:00,1885.38,1886.12,1881.37,1882.11,620.7896
2026-08-02 23:00:00,1882.1,1882.75,1876.39,1878.07,1023.4416
2026-08-02 23:15:00,1878.08,1884.27,1877.18,1883.97,1348.7297
2026-08-02 23:30:00,1883.97,1884.99,1882.25,1884.32,507.3314
2026-08-02 23:45:00,1884.31,1885.68,1882.83,1885.36,486.1259
2026-08-03 00:00:00,1885.36,1885.95,1878.0,1879.07,1677.4304
2026-08-03 00:15:00,1879.06,1880.55,1873.12,1874.16,1193.9418
2026-08-03 00:30:00,1874.16,1878.85,1871.68,1874.85,888.1087
2026-08-03 00:45:00,1874.84,1875.39,1871.75,1873.87,912.0098
2026-08-03 01:00:00,1873.86,1875.52,1869.13,1871.55,1329.5122
2026-08-03 01:15:00,1871.56,1873.01,1868.69,1870.6,849.9082
2026-08-03 01:30:00,1870.6,1872.72,1868.31,1869.22,1038.5718
2026-08-03 01:45:00,1869.22,1869.83,1866.0,1867.19,902.4762
2026-08-03 02:00:00,1867.19,1868.13,1864.65,1866.29,1167.8047
2026-08-03 02:15:00,1866.29,1872.0,1864.48,1865.82,1569.5195
2026-08-03 02:30:00,1865.81,1868.88,1864.95,1867.12,525.1984
2026-08-03 02:45:00,1867.13,1867.78,1862.9,1864.51,795.5379
2026-08-03 03:00:00,1864.51,1865.71,1862.26,1863.77,706.6272
2026-08-03 03:15:00,1863.77,1865.21,1861.59,1862.64,708.4135
2026-08-03 03:30:00,1862.64,1863.08,1861.13,1861.57,704.0875
2026-08-03 03:45:00,1861.56,1861.56,1851.05,1857.22,3178.7122
2026-08-03 04:00:00,1857.21,1860.74,1856.1,1857.73,1202.1704
2026-08-03 04:15:00,1857.72,1861.89,1857.72,1861.7,754.8607
2026-08-03 04:30:00,1861.7,1863.14,1860.7,1862.01,701.8766
2026-08-03 04:45:00,1862.02,1862.02,1854.81,1854.97,1057.7122
2026-08-03 05:00:00,1854.97,1858.82,1853.55,1858.41,1134.2967
2026-08-03 05:15:00,1858.41,1858.41,1856.25,1856.98,724.5185
2026-08-03 05:30:00,1856.98,1860.14,1855.6,1857.73,1212.2361
2026-08-03 05:45:00,1857.73,1860.91,1857.51,1859.88,1040.3439
2026-08-03 06:00:00,1859.88,1861.11,1858.81,1859.47,490.0368
2026-08-03 06:15:00,1859.47,1860.05,1857.0,1857.03,899.5219
2026-08-03 06:30:00,1857.02,1858.15,1847.67,1848.11,3352.625
2026-08-03 06:45:00,1848.12,1852.29,1846.38,1849.28,2307.8783
2026-08-03 07:00:00,1849.29,1849.94,1844.5,1844.77,2859.7109
2026-08-03 07:15:00,1844.78,1845.67,1840.0,1845.26,4136.6436
2026-08-03 07:30:00,1845.26,1847.62,1843.02,1843.63,2460.0551
2026-08-03 07:45:00,1843.64,1846.34,1842.74,1843.97,3155.8224
2026-08-03 08:00:00,1843.96,1845.57,1841.22,1843.46,1940.3725
2026-08-03 08:15:00,1843.47,1843.47,1830.93,1832.31,7797.7887
2026-08-03 08:30:00,1832.31,1837.01,1828.62,1836.67,3727.9166
2026-08-03 08:45:00,1836.68,1840.79,1836.26,1840.32,1863.0314
2026-08-03 09:00:00,1840.32,1841.06,1839.35,1840.01,1659.7012
2026-08-03 09:15:00,1840.01,1843.48,1839.9,1842.82,2801.6419
2026-08-03 09:30:00,1842.81,1845.9,1842.3,1845.57,1772.9805
2026-08-03 09:45:00,1845.56,1853.91,1845.56,1852.63,2278.536
2026-08-03 10:00:00,1852.62,1854.46,1850.28,1850.7,1383.0317
2026-08-03 10:15:00,1850.7,1852.23,1848.44,1848.67,2474.033
2026-08-03 10:30:00,1848.67,1848.68,1846.31,1847.12,2462.6772
2026-08-03 10:45:00,1847.12,1847.46,1841.55,1846.24,1389.0507
2026-08-03 11:00:00,1846.24,1846.79,1840.0,1842.44,1259.0872
2026-08-03 11:15:00,1842.43,1847.88,1841.76,1843.99,892.6369
2026-08-03 11:30:00,1843.98,1847.51,1843.31,1844.21,867.5069
2026-08-03 11:45:00,1844.21,1844.34,1838.48,1839.89,1304.1785
2026-08-03 12:00:00,1839.88,1841.27,1836.75,1841.08,1416.2334
2026-08-03 12:15:00,1841.08,1843.72,1840.37,1842.48,1460.9812
2026-08-03 12:30:00,1842.48,1844.69,1841.46,1844.69,1056.6924
2026-08-03 12:45:00,1844.7,1845.38,1842.15,1843.7,1078.6425
2026-08-03 13:00:00,1843.69,1845.51,1843.18,1844.56,1238.8409
2026-08-03 13:15:00,1844.57,1853.74,1842.46,1844.14,2515.9985
2026-08-03 13:30:00,1844.15,1851.55,1838.42,1849.45,4446.2565
2026-08-03 13:45:00,1849.44,1860.24,1844.52,1859.18,5129.1078
2026-08-03 14:00:00,1859.18,1860.14,1852.45,1855.11,3293.6779
2026-08-03 14:15:00,1855.1,1869.2,1851.34,1867.08,7410.7677
2026-08-03 14:30:00,1867.08,1870.44,1862.27,1865.94,5338.9687
2026-08-03 14:45:00,1865.94,1874.35,1862.14,1873.79,4963.1103
2026-08-03 15:00:00,1873.79,1874.08,1863.46,1865.31,3573.9236
2026-08-03 15:15:00,1865.31,1868.55,1862.14,1863.4,3478.3255
2026-08-03 15:30:00,1863.41,1866.85,1861.71,1863.79,2106.0007
2026-08-03 15:45:00,1863.79,1866.45,1860.43,1863.34,1681.5684
2026-08-03 16:00:00,1863.34,1869.23,1861.68,1865.31,2079.4469
2026-08-03 16:15:00,1865.3,1872.22,1865.24,1870.2,2434.1971
2026-08-03 16:30:00,1870.19,1870.19,1863.31,1865.63,1456.9942
2026-08-03 16:45:00,1865.64,1869.7,1865.41,1866.22,800.6075
2026-08-03 17:00:00,1866.22,1870.0,1863.64,1869.33,1124.9283
2026-08-03 17:15:00,1869.34,1874.93,1867.17,1867.95,2040.8065
2026-08-03 17:30:00,1867.95,1871.72,1867.18,1870.18,1296.4967
2026-08-03 17:45:00,1870.18,1871.17,1867.47,1868.84,1333.1247
2026-08-03 18:00:00,1868.85,1873.41,1868.58,1872.73,1379.5426
2026-08-03 18:15:00,1872.72,1874.0,1867.75,1868.89,1233.2489
2026-08-03 18:30:00,1868.89,1871.09,1867.38,1869.03,969.9976
2026-08-03 18:45:00,1869.04,1870.64,1866.72,1868.96,883.4929
2026-08-03 19:00:00,1868.96,1871.59,1868.2,1870.89,1096.6494
2026-08-03 19:15:00,1870.9,1874.06,1870.02,1872.51,1582.5238
2026-08-03 19:30:00,1872.51,1876.5,1869.6,1871.67,1747.3937
2026-08-03 19:45:00,1871.67,1873.0,1869.8,1870.2,1404.6736
2026-08-03 20:00:00,1870.2,1872.75,1868.48,1871.51,859.0917
2026-08-03 20:15:00,1871.51,1875.99,1871.51,1872.23,869.2515
2026-08-03 20:30:00,1872.23,1872.99,1871.35,1872.49,511.4303
2026-08-03 20:45:00,1872.48,1872.62,1866.61,1868.97,5107.5956
2026-08-03 21:00:00,1868.97,1868.98,1865.48,1866.43,861.3395
2026-08-03 21:15:00,1866.43,1867.2,1864.78,1866.65,1571.7106
2026-08-03 21:30:00,1866.64,1869.15,1866.64,1868.67,882.4277
2026-08-03 21:45:00,1868.67,1868.8,1863.57,1863.6,1409.6873
2026-08-03 22:00:00,1863.6,1864.75,1852.45,1859.47,3150.2588
2026-08-03 22:15:00,1859.46,1866.12,1858.85,1859.55,1673.7532
2026-08-03 22:30:00,1859.55,1859.55,1856.01,1856.89,938.3637
2026-08-03 22:45:00,1856.89,1860.9,1856.73,1860.4,638.932
2026-08-03 23:00:00,1860.39,1860.39,1856.22,1856.74,701.5309
2026-08-03 23:15:00,1856.74,1859.59,1856.74,1859.47,680.8259
2026-08-03 23:30:00,1859.48,1859.97,1857.15,1858.65,746.7964
2026-08-03 23:45:00,1858.64,1860.5,1857.73,1860.5,438.4544
2026-08-04 00:00:00,1860.5,1863.12,1857.97,1859.53,1829.9756
2026-08-04 00:15:00,1859.54,1859.74,1855.59,1856.87,1206.4959
2026-08-04 00:30:00,1856.86,1856.86,1848.38,1852.26,5654.5743
2026-08-04 00:45:00,1852.26,1856.19,1849.64,1851.3,1396.3912
2026-08-04 01:00:00,1851.3,1854.46,1849.12,1852.94,1745.6305
2026-08-04 01:15:00,1852.94,1857.64,1851.3,1855.7,1258.0724
2026-08-04 01:30:00,1855.71,1869.72,1855.45,1865.96,3890.0579
2026-08-04 01:45:00,1865.96,1869.21,1863.69,1867.64,2149.8421
2026-08-04 02:00:00,1867.64,1868.83,1864.48,1865.5,1488.488
2026-08-04 02:15:00,1865.49,1866.47,1862.52,1862.83,1517.0555
2026-08-04 02:30:00,1862.83,1872.5,1862.09,1868.69,1599.2784
2026-08-04 02:45:00,1868.7,1869.78,1865.36,1866.17,739.9915
2026-08-04 03:00:00,1866.17,1866.82,1860.0,1860.01,1487.6148
2026-08-04 03:15:00,1860.01,1862.62,1858.38,1862.26,1533.7268
2026-08-04 03:30:00,1862.25,1866.96,1862.25,1865.05,630.4316
2026-08-04 03:45:00,1865.06,1866.8,1864.19,1864.19,730.6937
2026-08-04 04:00:00,1864.2,1864.85,1862.09,1863.23,1101.5606
2026-08-04 04:15:00,1863.24,1867.52,1863.01,1866.19,1053.3658
2026-08-04 04:30:00,1866.19,1871.22,1866.18,1871.09,1620.1639
2026-08-04 04:45:00,1871.08,1874.71,1868.0,1868.01,2355.967
2026-08-04 05:00:00,1868.0,1870.54,1864.43,1864.79,1367.927
2026-08-04 05:15:00,1864.79,1866.83,1864.64,1864.83,675.3262
2026-08-04 05:30:00,1864.83,1866.0,1864.43,1865.66,503.7483
2026-08-04 05:45:00,1865.65,1865.81,1864.28,1864.42,751.8056
2026-08-04 06:00:00,1864.42,1865.16,1862.97,1863.86,852.1122
2026-08-04 06:15:00,1863.87,1882.44,1862.21,1862.72,10448.3741
2026-08-04 06:30:00,1862.72,1863.65,1855.69,1856.65,2339.3057
2026-08-04 06:45:00,1856.64,1856.96,1854.65,1856.96,2038.2138
2026-08-04 07:00:00,1856.96,1858.79,1855.03,1855.51,1299.4911
2026-08-04 07:15:00,1855.51,1857.93,1853.54,1857.93,1834.8059
2026-08-04 07:30:00,1857.93,1864.13,1857.93,1859.8,2273.9738
2026-08-04 07:45:00,1859.81,1864.98,1859.8,1863.87,2302.7493
2026-08-04 08:00:00,1863.88,1865.88,1861.82,1862.89,1350.0985
2026-08-04 08:15:00,1862.9,1862.9,1859.83,1860.45,929.9598
2026-08-04 08:30:00,1860.44,1860.62,1856.96,1860.46,1139.7216
2026-08-04 08:45:00,1860.45,1860.46,1857.76,1857.89,761.1295
2026-08-04 09:00:00,1857.88,1858.76,1855.36,1856.4,1935.4991
2026-08-04 09:15:00,1856.4,1856.8,1853.48,1856.73,1436.8234
2026-08-04 09:30:00,1856.72,1857.24,1853.71,1856.29,1038.5337
2026-08-04 09:45:00,1856.29,1858.83,1855.01,1858.71,1077.971
2026-08-04 10:00:00,1858.71,1859.22,1854.85,1854.85,1056.1683
2026-08-04 10:15:00,1854.84,1860.36,1854.11,1855.93,1923.693
2026-08-04 10:30:00,1855.92,1863.81,1855.44,1863.35,1485.7105
2026-08-04 10:45:00,1863.35,1873.03,1862.65,1866.94,4393.0848
2026-08-04 11:00:00,1866.95,1869.65,1866.38,1867.06,1594.8622
2026-08-04 11:15:00,1867.07,1871.58,1866.18,1868.98,1514.5795
2026-08-04 11:30:00,1868.98,1873.23,1866.71,1872.52,1578.0232
2026-08-04 11:45:00,1872.52,1874.78,1870.32,1872.89,2293.4748
2026-08-04 12:00:00,1872.88,1873.0,1869.2,1869.2,1198.0726
2026-08-04 12:15:00,1869.21,1872.22,1868.09,1872.12,1438.7925
2026-08-04 12:30:00,1872.13,1882.0,1871.1,1878.31,4206.9463
2026-08-04 12:45:00,1878.31,1879.05,1874.88,1875.11,1311.5086
2026-08-04 13:00:00,1875.11,1877.63,1873.98,1875.27,1376.0402
2026-08-04 13:15:00,1875.26,1876.38,1870.0,1870.17,3473.2552
2026-08-04 13:30:00,1870.17,1876.0,1867.72,1873.39,5293.4714
2026-08-04 13:45:00,1873.38,1873.8,1860.01,1862.06,4531.3379
2026-08-04 14:00:00,1862.06,1869.81,1858.72,1864.65,4202.7995
2026-08-04 14:15:00,1864.68,1867.5,1858.72,1867.33,2829.415
2026-08-04 14:30:00,1867.32,1875.71,1866.0,1874.24,3857.6416
2026-08-04 14:45:00,1874.23,1875.04,1871.32,1873.03,1735.1893
2026-08-04 15:00:00,1873.02,1875.39,1866.86,1870.11,2215.8569
2026-08-04 15:15:00,1870.11,1870.22,1865.43,1866.68,2707.6324
2026-08-04 15:30:00,1866.67,1872.26,1862.05,1872.05,2047.8715
2026-08-04 15:45:00,1872.05,1877.85,1870.48,1873.07,2757.9354
2026-08-04 16:00:00,1873.08,1874.09,1869.65,1870.53,3888.3284
2026-08-04 16:15:00,1870.54,1873.4,1869.55,1869.55,1845.8211
2026-08-04 16:30:00,1869.55,1871.42,1865.65,1867.21,1342.1325
2026-08-04 16:45:00,1867.22,1869.98,1866.81,1869.68,909.0588
2026-08-04 17:00:00,1869.69,1877.88,1869.69,1874.13,3050.1366
2026-08-04 17:15:00,1874.12,1875.65,1867.11,1875.18,4993.8984
2026-08-04 17:30:00,1875.17,1877.51,1873.68,1875.73,1473.1433
2026-08-04 17:45:00,1875.73,1876.49,1867.01,1869.53,2495.3157
2026-08-04 18:00:00,1869.54,1877.07,1869.3,1876.99,1545.4542
2026-08-04 18:15:00,1876.99,1880.94,1874.91,1879.04,3187.085
2026-08-04 18:30:00,1879.03,1879.31,1873.4,1875.39,1188.786
2026-08-04 18:45:00,1875.39,1876.42,1874.32,1875.29,1607.605
2026-08-04 19:00:00,1875.29,1878.01,1873.86,1877.99,4104.4266
2026-08-04 19:15:00,1878.0,1878.57,1874.08,1875.19,801.3282
2026-08-04 19:30:00,1875.19,1881.81,1874.29,1880.67,1792.0377
2026-08-04 19:45:00,1880.68,1880.68,1874.58,1875.26,1486.6728
2026-08-04 20:00:00,1875.26,1875.65,1872.41,1874.14,1679.9615
2026-08-04 20:15:00,1874.13,1874.13,1866.17,1871.63,1912.8589
2026-08-04 20:30:00,1871.63,1879.84,1871.63,1879.15,1273.0297
2026-08-04 20:45:00,1879.15,1879.15,1874.94,1876.65,1019.1076
2026-08-04 21:00:00,1876.65,1876.65,1872.61,1872.78,805.359
2026-08-04 21:15:00,1872.78,1875.91,1872.27,1873.88,419.6486
2026-08-04 21:30:00,1873.88,1874.08,1872.43,1873.4,681.8029
2026-08-04 21:45:00,1873.4,1873.98,1871.85,1872.32,505.5137
2026-08-04 22:00:00,1872.32,1873.31,1868.48,1873.31,1563.1406
2026-08-04 22:15:00,1873.3,1876.92,1872.8,1876.07,940.9055
2026-08-04 22:30:00,1876.07,1876.9,1874.6,1874.73,443.3608
2026-08-04 22:45:00,1874.73,1875.76,1872.98,1875.64,356.1226
2026-08-04 23:00:00,1875.64,1878.78,1873.15,1878.02,1321.6434
2026-08-04 23:15:00,1878.01,1881.28,1870.12,1870.14,1784.7904
2026-08-04 23:30:00,1870.14,1873.25,1869.07,1871.64,1735.1497
2026-08-04 23:45:00,1871.64,1872.07,1869.43,1869.75,730.6103
2026-08-05 00:00:00,1869.74,1870.32,1867.4,1867.4,1544.3081
2026-08-05 00:15:00,1867.41,1868.35,1866.03,1868.1,2111.7333
2026-08-05 00:30:00,1868.11,1873.87,1865.0,1867.84,2002.7026
2026-08-05 00:45:00,1867.85,1867.91,1863.33,1863.93,1381.6388
2026-08-05 01:00:00,1863.94,1865.85,1861.34,1865.25,1221.2775
2026-08-05 01:15:00,1865.25,1867.76,1863.36,1867.56,670.8091
2026-08-05 01:30:00,1867.57,1874.4,1867.56,1870.5,1078.8318
2026-08-05 01:45:00,1870.49,1874.31,1870.31,1873.37,1013.2365
2026-08-05 02:00:00,1873.37,1878.0,1873.37,1876.78,1654.5804
2026-08-05 02:15:00,1876.77,1876.82,1872.5,1874.29,1783.5299
2026-08-05 02:30:00,1874.28,1876.5,1873.01,1875.8,1450.498
2026-08-05 02:45:00,1875.85,1876.18,1874.23,1874.49,962.314
2026-08-05 03:00:00,1874.49,1876.23,1870.64,1871.0,2344.3917
2026-08-05 03:15:00,1871.01,1871.01,1863.91,1865.17,2881.2872
2026-08-05 03:30:00,1865.17,1867.86,1864.58,1866.74,1387.8093
2026-08-05 03:45:00,1866.74,1868.39,1866.73,1867.75,1225.2958
2026-08-05 04:00:00,1867.75,1867.9,1865.94,1866.11,959.5201
2026-08-05 04:15:00,1866.11,1868.54,1865.0,1867.8,936.4386
2026-08-05 04:30:00,1867.8,1869.79,1867.36,1867.62,807.0809
2026-08-05 04:45:00,1867.62,1867.95,1865.83,1867.5,784.1325
2026-08-05 05:00:00,1867.5,1873.29,1867.21,1872.01,1568.3866
2026-08-05 05:15:00,1872.0,1877.69,1871.49,1874.47,1556.4208
2026-08-05 05:30:00,1874.47,1874.48,1872.12,1873.22,822.3438
2026-08-05 05:45:00,1873.22,1873.99,1872.42,1873.46,868.8527
2026-08-05 06:00:00,1873.46,1873.69,1871.6,1872.09,548.3363
2026-08-05 06:15:00,1872.09,1872.09,1869.57,1869.87,787.6117
2026-08-05 06:30:00,1869.86,1872.79,1869.86,1870.67,1504.0778
2026-08-05 06:45:00,1870.66,1871.0,1868.26,1869.88,6498.4928
2026-08-05 07:00:00,1869.88,1870.39,1866.6,1867.95,4234.4938
2026-08-05 07:15:00,1867.95,1867.96,1863.53,1863.92,2130.2769
2026-08-05 07:30:00,1863.93,1865.0,1863.74,1864.07,1916.0888
2026-08-05 07:45:00,1864.08,1872.2,1864.05,1872.2,4907.793
2026-08-05 08:00:00,1872.2,1874.48,1869.52,1869.53,6527.5811
2026-08-05 08:15:00,1869.53,1872.3,1868.98,1871.95,837.7298
2026-08-05 08:30:00,1871.95,1872.28,1869.11,1869.36,1732.7262
2026-08-05 08:45:00,1869.36,1871.31,1868.0,1869.99,1287.8083
2026-08-05 09:00:00,1869.99,1871.88,1868.89,1871.6,621.8913
2026-08-05 09:15:00,1871.6,1874.66,1871.36,1872.5,1946.4745
2026-08-05 09:30:00,1872.5,1874.46,1872.5,1873.24,1543.0721
2026-08-05 09:45:00,1873.24,1873.8,1871.62,1871.94,754.7624
2026-08-05 10:00:00,1871.94,1873.24,1870.75,1871.63,1301.0067
2026-08-05 10:15:00,1871.62,1874.4,1869.05,1873.62,1077.0393
2026-08-05 10:30:00,1873.62,1876.06,1872.4,1873.76,942.9323
2026-08-05 10:45:00,1873.77,1874.36,1866.16,1868.33,2069.4022
2026-08-05 11:00:00,1868.32,1871.15,1868.28,1869.85,878.7724
2026-08-05 11:15:00,1869.86,1869.97,1868.21,1868.57,863.5828
2026-08-05 11:30:00,1868.56,1870.7,1867.97,1868.49,1756.7635
2026-08-05 11:45:00,1868.48,1869.6,1867.27,1868.92,1383.4015
2026-08-05 12:00:00,1868.92,1873.4,1867.47,1872.1,1200.634
2026-08-05 12:15:00,1872.09,1884.53,1871.64,1882.87,7752.9082
2026-08-05 12:30:00,1882.87,1885.29,1878.19,1880.08,2870.5785
2026-08-05 12:45:00,1880.07,1880.08,1875.04,1876.25,1893.2455
2026-08-05 13:00:00,1876.26,1877.57,1867.21,1868.65,3934.273
2026-08-05 13:15:00,1868.64,1872.0,1867.73,1869.62,2096.8127
2026-08-05 13:30:00,1869.63,1872.6,1855.5,1870.07,11497.8868
2026-08-05 13:45:00,1870.07,1879.51,1866.26,1878.53,4442.7574
2026-08-05 14:00:00,1878.52,1882.84,1873.41,1878.97,4991.0974
2026-08-05 14:15:00,1878.98,1881.28,1871.12,1871.86,4856.9154
2026-08-05 14:30:00,1871.85,1875.34,1869.24,1874.95,2818.0717
2026-08-05 14:45:00,1874.94,1878.86,1871.0,1875.89,3279.9336
2026-08-05 15:00:00,1875.89,1882.76,1875.0,1877.44,2865.0495
2026-08-05 15:15:00,1877.44,1878.71,1872.95,1877.04,2288.6868
2026-08-05 15:30:00,1877.05,1882.4,1877.05,1877.86,1604.5286
2026-08-05 15:45:00,1877.87,1878.93,1873.1,1873.91,1397.8812
2026-08-05 16:00:00,1873.91,1882.68,1873.4,1882.68,1948.9504
2026-08-05 16:15:00,1882.68,1897.0,1880.72,1896.14,10511.8605
2026-08-05 16:30:00,1896.14,1897.32,1890.47,1892.53,3130.0263
2026-08-05 16:45:00,1892.52,1895.74,1888.46,1895.56,4753.8989
2026-08-05 17:00:00,1895.55,1898.49,1893.34,1894.01,4583.2712
2026-08-05 17:15:00,1894.0,1894.0,1891.07,1892.52,1787.9525
2026-08-05 17:30:00,1892.52,1911.56,1892.17,1908.34,8939.3519
2026-08-05 17:45:00,1908.35,1917.72,1907.04,1916.75,9529.6582
2026-08-05 18:00:00,1916.75,1921.1,1913.9,1920.34,8185.92
2026-08-05 18:15:00,1920.34,1928.0,1918.42,1919.53,6143.7861
2026-08-05 18:30:00,1919.54,1921.2,1915.14,1921.06,2788.4891
2026-08-05 18:45:00,1921.06,1921.46,1915.8,1918.06,2761.4215
2026-08-05 19:00:00,1918.05,1920.08,1915.6,1918.66,2710.7446
2026-08-05 19:15:00,1918.66,1921.0,1917.24,1919.27,2467.4459
2026-08-05 19:30:00,1919.26,1920.25,1915.83,1920.16,2175.861
2026-08-05 19:45:00,1920.16,1921.0,1916.71,1917.03,2079.0376
2026-08-05 20:00:00,1917.02,1921.45,1916.71,1921.1,2572.7148
2026-08-05 20:15:00,1921.1,1922.47,1918.74,1920.12,1541.8738
2026-08-05 20:30:00,1920.11,1924.01,1918.53,1924.01,1315.872
2026-08-05 20:45:00,1924.0,1924.56,1916.71,1917.1,1534.58
2026-08-05 21:00:00,1917.1,1917.47,1907.83,1913.83,3699.0983
2026-08-05 21:15:00,1913.84,1914.33,1910.0,1910.54,1233.6371
2026-08-05 21:30:00,1910.54,1912.04,1907.07,1908.9,1950.4352
2026-08-05 21:45:00,1908.89,1910.8,1907.59,1908.75,1296.8311
2026-08-05 22:00:00,1908.75,1913.19,1906.59,1911.69,1258.4623
2026-08-05 22:15:00,1911.7,1913.43,1909.5,1912.12,1001.1953
2026-08-05 22:30:00,1912.11,1912.86,1909.22,1909.41,855.9314
2026-08-05 22:45:00,1909.41,1911.52,1906.59,1906.86,1097.8519
2026-08-05 23:00:00,1906.85,1910.51,1904.34,1909.4,1441.5698
2026-08-05 23:15:00,1909.4,1912.31,1908.4,1910.06,621.779
2026-08-05 23:30:00,1910.06,1911.44,1909.22,1910.52,645.2321
2026-08-05 23:45:00,1910.52,1910.78,1908.08,1908.9,904.7893
2026-08-06 00:00:00,1908.91,1911.94,1907.29,1910.5,2066.0981
2026-08-06 00:15:00,1910.5,1914.02,1909.54,1911.67,1032.477
2026-08-06 00:30:00,1911.67,1912.46,1909.35,1909.36,727.3415
2026-08-06 00:45:00,1909.36,1912.25,1908.6,1910.4,1050.6759
2026-08-06 01:00:00,1910.4,1911.21,1908.18,1909.37,1458.2971
2026-08-06 01:15:00,1909.37,1910.35,1905.01,1905.01,1349.6569
2026-08-06 01:30:00,1905.01,1908.87,1903.36,1906.28,1530.9354
2026-08-06 01:45:00,1906.28,1909.82,1906.2,1906.75,1298.6901
2026-08-06 02:00:00,1906.74,1910.82,1903.34,1903.77,1950.3567
2026-08-06 02:15:00,1903.77,1905.74,1895.34,1898.56,4663.0803
2026-08-06 02:30:00,1898.56,1900.47,1895.1,1900.43,1763.4182
2026-08-06 02:45:00,1900.44,1901.54,1898.18,1899.21,1254.2956
2026-08-06 03:00:00,1899.21,1899.33,1896.69,1898.11,849.1695
2026-08-06 03:15:00,1898.11,1898.16,1895.37,1896.93,1352.3437
2026-08-06 03:30:00,1896.93,1899.04,1895.95,1897.39,1164.73
2026-08-06 03:45:00,1897.4,1899.7,1896.25,1899.03,1509.1997
2026-08-06 04:00:00,1899.04,1900.0,1895.73,1899.74,1406.7544
2026-08-06 04:15:00,1899.74,1906.54,1899.73,1906.19,3272.1855
2026-08-06 04:30:00,1906.2,1908.05,1904.78,1905.62,1246.1649
2026-08-06 04:45:00,1905.63,1908.05,1904.67,1907.7,845.0731
2026-08-06 05:00:00,1907.7,1917.7,1907.29,1914.93,3387.1795
2026-08-06 05:15:00,1914.93,1918.7,1911.28,1911.77,2401.7903
2026-08-06 05:30:00,1911.77,1913.5,1910.62,1913.04,1029.9722
2026-08-06 05:45:00,1913.04,1914.34,1911.32,1914.34,1590.6731
2026-08-06 06:00:00,1914.35,1914.77,1909.95,1910.29,1150.9218
2026-08-06 06:15:00,1910.28,1914.15,1909.6,1913.2,939.8094
2026-08-06 06:30:00,1913.2,1914.23,1911.95,1913.79,632.2526
2026-08-06 06:45:00,1913.78,1914.35,1912.65,1913.66,651.436
2026-08-06 07:00:00,1913.67,1914.58,1911.73,1914.58,1064.8823
2026-08-06 07:15:00,1914.58,1915.33,1912.65,1912.66,1109.0
2026-08-06 07:30:00,1912.65,1912.72,1907.65,1908.61,1850.3396
2026-08-06 07:45:00,1908.61,1911.4,1908.02,1909.33,2319.8102
2026-08-06 08:00:00,1909.33,1911.24,1908.41,1909.73,2144.4187
2026-08-06 08:15:00,1909.73,1913.77,1909.05,1913.59,1674.2694
2026-08-06 08:30:00,1913.58,1914.82,1911.7,1913.38,1639.8481
2026-08-06 08:45:00,1913.38,1920.51,1913.38,1916.26,3630.9877
2026-08-06 09:00:00,1916.26,1917.03,1905.9,1907.54,4559.7688
2026-08-06 09:15:00,1907.54,1911.63,1906.61,1908.77,2851.5147
2026-08-06 09:30:00,1908.76,1908.99,1906.36,1906.37,955.7768
2026-08-06 09:45:00,1906.36,1908.5,1904.83,1907.67,1425.2808
2026-08-06 10:00:00,1907.67,1907.67,1902.88,1903.01,1692.7613
2026-08-06 10:15:00,1903.01,1906.26,1901.62,1905.42,1338.3017
2026-08-06 10:30:00,1905.42,1905.76,1903.87,1904.3,964.9675
2026-08-06 10:45:00,1904.29,1904.91,1901.62,1902.58,1169.3977
2026-08-06 11:00:00,1902.59,1902.95,1897.0,1902.33,2533.5021
2026-08-06 11:15:00,1902.34,1907.0,1902.33,1905.38,1252.6519
2026-08-06 11:30:00,1905.38,1909.2,1905.38,1908.88,1064.4617
2026-08-06 11:45:00,1908.87,1908.88,1905.84,1907.77,1069.8231
2026-08-06 12:00:00,1907.77,1908.02,1901.29,1901.72,1845.0936
2026-08-06 12:15:00,1901.72,1906.14,1901.42,1904.81,963.0037
2026-08-06 12:30:00,1904.8,1906.26,1903.1,1903.89,1155.0826
2026-08-06 12:45:00,1903.89,1904.69,1899.02,1899.09,1888.0307
2026-08-06 13:00:00,1899.1,1900.56,1892.38,1896.25,4664.5576
2026-08-06 13:15:00,1896.26,1898.01,1894.75,1897.71,2381.537
2026-08-06 13:30:00,1897.71,1908.06,1893.34,1906.75,5995.9655
2026-08-06 13:45:00,1906.74,1911.11,1905.1,1907.43,3497.5928
2026-08-06 14:00:00,1907.44,1911.84,1905.15,1908.26,3253.0366
2026-08-06 14:15:00,1908.25,1912.83,1892.04,1906.86,6066.251
2026-08-06 14:30:00,1906.86,1918.72,1903.28,1915.44,6839.5064
2026-08-06 14:45:00,1915.45,1916.19,1910.6,1915.01,2636.3252
2026-08-06 15:00:00,1915.01,1919.68,1912.81,1915.15,2903.9512
2026-08-06 15:15:00,1915.16,1917.69,1912.5,1917.25,3195.0287
2026-08-06 15:30:00,1917.25,1919.44,1912.96,1913.45,3036.5037
2026-08-06 15:45:00,1913.44,1918.78,1910.38,1910.69,2667.191
2026-08-06 16:00:00,1910.7,1911.8,1908.46,1909.88,2279.572
2026-08-06 16:15:00,1909.88,1913.63,1909.26,1911.64,1940.4717
2026-08-06 16:30:00,1911.63,1916.8,1910.38,1915.0,2164.4699
2026-08-06 16:45:00,1915.0,1916.52,1912.77,1915.77,1376.4769
2026-08-06 17:00:00,1915.78,1918.47,1914.52,1914.53,1894.2766
2026-08-06 17:15:00,1914.52,1916.45,1913.62,1914.31,1152.1261
2026-08-06 17:30:00,1914.32,1917.06,1910.38,1912.63,1633.2559
2026-08-06 17:45:00,1912.63,1915.29,1911.11,1914.08,1016.6768
2026-08-06 18:00:00,1914.08,1914.1,1908.89,1911.58,1180.9111
2026-08-06 18:15:00,1911.58,1914.01,1910.0,1911.39,821.0173
2026-08-06 18:30:00,1911.4,1911.53,1905.34,1905.84,1543.9558
2026-08-06 18:45:00,1905.84,1907.61,1903.08,1905.95,4412.4452
2026-08-06 19:00:00,1905.95,1909.29,1905.95,1908.49,2277.3611
2026-08-06 19:15:00,1908.49,1909.84,1906.63,1907.04,2545.0252
2026-08-06 19:30:00,1907.04,1909.07,1906.36,1908.6,2223.832
2026-08-06 19:45:00,1908.6,1911.29,1907.33,1910.06,2958.5582
2026-08-06 20:00:00,1910.07,1910.85,1909.08,1909.58,721.5497
2026-08-06 20:15:00,1909.59,1909.95,1906.2,1906.9,875.5835
2026-08-06 20:30:00,1906.89,1908.97,1906.0,1907.93,537.5084
2026-08-06 20:45:00,1907.93,1907.93,1906.67,1907.14,735.1162
2026-08-06 21:00:00,1907.15,1909.14,1906.55,1908.25,1105.8988
2026-08-06 21:15:00,1908.26,1909.45,1906.96,1907.37,787.2275
2026-08-06 21:30:00,1907.37,1908.81,1905.88,1907.51,848.6265
2026-08-06 21:45:00,1907.5,1907.5,1905.9,1906.28,568.0707
2026-08-06 22:00:00,1906.28,1907.44,1903.74,1907.11,1187.5631
2026-08-06 22:15:00,1907.11,1907.35,1902.77,1904.08,878.2723
2026-08-06 22:30:00,1904.07,1904.84,1902.27,1903.3,904.8197
2026-08-06 22:45:00,1903.3,1905.6,1903.3,1905.25,509.2892
2026-08-06 23:00:00,1905.24,1905.79,1904.06,1905.04,456.4957
2026-08-06 23:15:00,1905.03,1905.2,1900.22,1901.68,1440.7352
2026-08-06 23:30:00,1901.69,1902.16,1898.94,1900.16,978.826
2026-08-06 23:45:00,1900.17,1904.27,1899.52,1904.1,698.2993
2026-08-07 00:00:00,1904.1,1905.47,1900.61,1901.2,970.1295
2026-08-07 00:15:00,1901.2,1902.82,1899.84,1901.76,1103.4408
2026-08-07 00:30:00,1901.76,1904.22,1900.12,1903.5,794.0868
2026-08-07 00:45:00,1903.5,1904.48,1901.81,1903.88,648.5582
2026-08-07 01:00:00,1903.89,1907.55,1903.11,1903.64,998.5408
2026-08-07 01:15:00,1903.64,1905.87,1902.49,1905.52,968.2789
2026-08-07 01:30:00,1905.51,1906.33,1899.04,1902.14,1695.6592
2026-08-07 01:45:00,1902.14,1904.85,1901.95,1903.36,1160.9909
2026-08-07 02:00:00,1903.36,1903.86,1897.52,1902.69,1810.9515
2026-08-07 02:15:00,1902.69,1908.61,1900.47,1900.65,2306.9552
2026-08-07 02:30:00,1900.65,1902.97,1899.65,1902.67,1059.0274
2026-08-07 02:45:00,1902.68,1905.0,1902.46,1902.73,525.7949
2026-08-07 03:00:00,1902.72,1903.95,1900.63,1901.07,899.8198
2026-08-07 03:15:00,1901.07,1901.67,1899.05,1900.19,1275.0353
2026-08-07 03:30:00,1900.19,1902.24,1899.23,1899.9,1194.4551
2026-08-07 03:45:00,1899.91,1900.66,1896.16,1897.43,900.0657
2026-08-07 04:00:00,1897.43,1900.0,1895.99,1898.76,1508.9219
2026-08-07 04:15:00,1898.76,1900.76,1897.67,1899.19,2755.6116
2026-08-07 04:30:00,1899.19,1900.74,1897.87,1898.36,1185.7886
2026-08-07 04:45:00,1898.36,1898.54,1894.35,1897.44,1303.8819
2026-08-07 05:00:00,1897.44,1898.74,1896.24,1897.79,652.9289
2026-08-07 05:15:00,1897.78,1898.08,1896.02,1896.38,603.4969
2026-08-07 05:30:00,1896.38,1898.83,1895.41,1898.03,1102.535
2026-08-07 05:45:00,1898.02,1902.4,1897.9,1901.58,1665.0946
2026-08-07 06:00:00,1901.59,1904.0,1900.0,1904.0,1168.4463
2026-08-07 06:15:00,1903.99,1907.58,1903.48,1905.76,1226.3604
2026-08-07 06:30:00,1905.76,1906.56,1903.93,1904.66,776.6855
2026-08-07 06:45:00,1904.67,1905.6,1902.98,1904.53,1692.8283
2026-08-07 07:00:00,1904.54,1907.3,1902.65,1906.31,1056.5556
2026-08-07 07:15:00,1906.32,1907.44,1905.37,1905.58,1753.9986
2026-08-07 07:30:00,1905.57,1905.58,1903.01,1903.34,1261.5827
2026-08-07 07:45:00,1903.33,1903.86,1902.35,1902.36,1094.0781
2026-08-07 08:00:00,1902.35,1906.7,1901.91,1906.57,1617.2154
2026-08-07 08:15:00,1906.56,1907.22,1905.0,1906.25,1120.7691
2026-08-07 08:30:00,1906.25,1914.9,1906.05,1913.23,5851.0139
2026-08-07 08:45:00,1913.24,1913.25,1909.69,1910.7,2073.3729
2026-08-07 09:00:00,1910.7,1914.99,1910.7,1912.62,3856.546
2026-08-07 09:15:00,1912.62,1913.85,1910.54,1911.02,6728.9379
2026-08-07 09:30:00,1911.02,1917.67,1910.3,1916.12,11258.5065
2026-08-07 09:45:00,1916.12,1916.37,1912.79,1913.04,6758.9638
2026-08-07 10:00:00,1913.04,1916.0,1912.67,1915.17,2094.3916
2026-08-07 10:15:00,1915.17,1915.17,1913.0,1914.58,694.8549
2026-08-07 10:30:00,1914.58,1914.87,1912.64,1913.54,774.9873
2026-08-07 10:45:00,1913.53,1914.7,1912.69,1912.85,944.8242
2026-08-07 11:00:00,1912.85,1916.7,1912.62,1915.8,1079.7224
2026-08-07 11:15:00,1915.79,1921.0,1914.04,1916.72,4739.9772
2026-08-07 11:30:00,1916.72,1917.6,1915.24,1916.22,1302.9896
2026-08-07 11:45:00,1916.22,1916.59,1914.85,1916.33,1634.0672
2026-08-07 12:00:00,1916.33,1937.75,1916.33,1933.85,11473.364
2026-08-07 12:15:00,1933.85,1934.46,1927.66,1932.93,5036.8584
2026-08-07 12:30:00,1932.93,1943.02,1922.0,1929.11,11326.2448
2026-08-07 12:45:00,1929.1,1936.0,1929.07,1932.13,3167.7611
2026-08-07 13:00:00,1932.14,1934.06,1928.28,1929.1,3020.8307
2026-08-07 13:15:00,1929.11,1931.68,1925.99,1928.09,2986.1793
2026-08-07 13:30:00,1928.1,1935.05,1926.44,1932.47,4864.2062
2026-08-07 13:45:00,1932.47,1932.67,1921.53,1923.5,4739.242
2026-08-07 14:00:00,1923.5,1923.54,1910.79,1912.63,7806.5433
2026-08-07 14:15:00,1912.62,1925.31,1910.53,1923.87,4099.668
2026-08-07 14:30:00,1923.87,1926.5,1917.55,1918.11,4094.7407
2026-08-07 14:45:00,1918.11,1921.06,1911.76,1913.57,2779.5759
2026-08-07 15:00:00,1913.57,1919.75,1913.02,1915.53,2091.9543
2026-08-07 15:15:00,1915.52,1918.73,1914.04,1916.84,1146.6081
2026-08-07 15:30:00,1916.85,1921.0,1916.09,1920.28,1769.5867
2026-08-07 15:45:00,1920.29,1920.65,1917.26,1917.88,1332.4227
2026-08-07 16:00:00,1917.87,1925.0,1917.87,1923.4,1753.7875
2026-08-07 16:15:00,1923.39,1924.02,1913.75,1914.97,2442.3924
2026-08-07 16:30:00,1914.98,1916.31,1912.03,1915.39,1569.0402
2026-08-07 16:45:00,1915.39,1916.6,1909.34,1909.51,2203.39
2026-08-07 17:00:00,1909.5,1911.49,1905.45,1907.16,3300.6693
2026-08-07 17:15:00,1907.15,1910.69,1906.14,1908.22,1861.7524
2026-08-07 17:30:00,1908.22,1912.41,1905.4,1912.0,2131.7189
2026-08-07 17:45:00,1912.0,1912.99,1907.28,1912.45,2096.6482
2026-08-07 18:00:00,1912.45,1915.29,1912.06,1913.94,1547.2993
2026-08-07 18:15:00,1913.94,1915.21,1912.46,1912.65,876.1548
2026-08-07 18:30:00,1912.64,1913.98,1908.0,1908.01,989.3116
2026-08-07 18:45:00,1908.01,1910.55,1906.28,1909.86,924.6263
2026-08-07 19:00:00,1909.87,1914.76,1909.87,1913.39,2830.1282
2026-08-07 19:15:00,1913.38,1918.46,1913.38,1916.8,3497.3778
2026-08-07 19:30:00,1916.8,1919.45,1916.66,1918.46,2462.6052
2026-08-07 19:45:00,1918.45,1920.24,1917.42,1918.85,1388.3884
2026-08-07 20:00:00,1918.84,1920.36,1917.46,1918.74,1100.3488
2026-08-07 20:15:00,1918.73,1918.74,1916.47,1916.91,550.1723
2026-08-07 20:30:00,1916.9,1916.9,1915.35,1915.42,726.3812
2026-08-07 20:45:00,1915.43,1915.78,1914.38,1914.81,1373.2176
2026-08-07 21:00:00,1914.82,1915.64,1913.93,1914.74,1005.2306
2026-08-07 21:15:00,1914.75,1916.12,1912.72,1914.0,638.7064
2026-08-07 21:30:00,1913.99,1922.81,1913.53,1918.22,3649.3728
2026-08-07 21:45:00,1918.21,1918.28,1916.16,1916.55,1007.4055
2026-08-07 22:00:00,1916.55,1916.56,1914.83,1915.49,1472.4602
2026-08-07 22:15:00,1915.5,1916.44,1915.0,1915.26,1052.9343
2026-08-07 22:30:00,1915.26,1915.59,1913.92,1914.59,581.439
2026-08-07 22:45:00,1914.58,1914.84,1914.33,1914.84,340.7719
2026-08-07 23:00:00,1914.84,1916.07,1914.83,1916.0,201.1254
2026-08-07 23:15:00,1915.99,1916.04,1914.88,1915.07,331.5961
2026-08-07 23:30:00,1915.06,1915.89,1914.99,1915.82,285.5277
2026-08-07 23:45:00,1915.83,1916.41,1913.92,1914.18,697.0377
2026-08-08 00:00:00,1914.19,1915.1,1912.72,1914.34,1147.7098
2026-08-08 00:15:00,1914.34,1914.34,1912.5,1914.21,369.7724
2026-08-08 00:30:00,1914.2,1914.72,1914.2,1914.72,394.6926
2026-08-08 00:45:00,1914.71,1914.72,1914.11,1914.35,473.4618
2026-08-08 01:00:00,1914.36,1915.33,1914.04,1914.81,1619.2175
2026-08-08 01:15:00,1914.82,1916.62,1914.26,1914.67,956.9705
2026-08-08 01:30:00,1914.68,1915.36,1914.67,1915.3,314.0928
2026-08-08 01:45:00,1915.29,1915.29,1914.3,1914.65,287.5689
2026-08-08 02:00:00,1914.66,1914.66,1913.34,1913.35,280.618
2026-08-08 02:15:00,1913.34,1913.5,1912.27,1913.5,370.5879
2026-08-08 02:30:00,1913.5,1914.25,1913.13,1913.13,265.5223
2026-08-08 02:45:00,1913.14,1913.18,1912.73,1913.18,453.7791
2026-08-08 03:00:00,1913.18,1914.42,1913.17,1914.3,366.0828
2026-08-08 03:15:00,1914.3,1916.5,1914.29,1916.5,586.7658
2026-08-08 03:30:00,1916.5,1919.02,1916.5,1917.37,673.666
2026-08-08 03:45:00,1917.38,1918.47,1916.79,1918.08,471.1103
2026-08-08 04:00:00,1918.09,1919.58,1916.42,1916.91,893.3446
2026-08-08 04:15:00,1916.91,1917.46,1916.4,1917.39,333.7854
2026-08-08 04:30:00,1917.38,1918.96,1916.91,1918.1,622.6882
2026-08-08 04:45:00,1918.1,1918.18,1916.64,1917.0,396.168
2026-08-08 05:00:00,1917.0,1917.32,1916.66,1916.81,319.0849
2026-08-08 05:15:00,1916.81,1917.51,1916.13,1916.99,177.2959
2026-08-08 05:30:00,1917.0,1918.78,1916.89,1917.93,295.4382
2026-08-08 05:45:00,1917.93,1917.97,1915.81,1917.56,384.6752
2026-08-08 06:00:00,1917.55,1917.89,1916.87,1917.28,354.381
2026-08-08 06:15:00,1917.28,1917.28,1916.48,1916.61,263.8536
2026-08-08 06:30:00,1916.6,1917.27,1916.17,1916.87,524.5706
2026-08-08 06:45:00,1916.88,1917.83,1916.2,1916.44,266.9038
2026-08-08 07:00:00,1916.45,1916.75,1915.69,1916.02,416.5547
2026-08-08 07:15:00,1916.01,1916.23,1915.54,1915.67,335.4791
2026-08-08 07:30:00,1915.66,1915.67,1914.0,1914.52,376.9349
2026-08-08 07:45:00,1914.52,1915.27,1914.52,1915.11,670.6848
2026-08-08 08:00:00,1915.11,1915.57,1914.58,1915.57,485.8614
2026-08-08 08:15:00,1915.56,1915.91,1915.21,1915.9,218.913
2026-08-08 08:30:00,1915.9,1917.73,1915.9,1917.73,364.8789
2026-08-08 08:45:00,1917.73,1917.73,1916.81,1916.85,411.8173
2026-08-08 09:00:00,1916.85,1917.47,1916.66,1916.87,554.0097
2026-08-08 09:15:00,1916.87,1917.06,1916.25,1916.67,460.2533
2026-08-08 09:30:00,1916.66,1923.22,1916.66,1919.32,1973.6589
2026-08-08 09:45:00,1919.32,1920.09,1918.83,1918.95,526.3345
2026-08-08 10:00:00,1918.94,1920.94,1918.94,1920.29,586.7993
2026-08-08 10:15:00,1920.28,1922.72,1920.28,1922.61,692.1241
2026-08-08 10:30:00,1922.61,1922.61,1921.07,1921.14,308.5993
2026-08-08 10:45:00,1921.15,1921.35,1920.54,1921.17,579.5852
2026-08-08 11:00:00,1921.18,1923.57,1921.17,1921.95,984.321
2026-08-08 11:15:00,1921.94,1921.95,1919.76,1919.98,717.5119
2026-08-08 11:30:00,1919.98,1920.09,1919.53,1919.73,463.3865
2026-08-08 11:45:00,1919.73,1921.14,1919.6,1920.99,390.3366
2026-08-08 12:00:00,1920.99,1921.0,1918.7,1920.99,1207.5999
2026-08-08 12:15:00,1920.99,1922.47,1919.93,1919.93,417.3401
2026-08-08 12:30:00,1919.94,1920.9,1919.88,1920.06,435.6956
2026-08-08 12:45:00,1920.06,1920.8,1919.08,1919.19,315.6841
2026-08-08 13:00:00,1919.2,1920.55,1919.2,1919.48,508.7418
2026-08-08 13:15:00,1919.49,1919.89,1919.12,1919.19,351.5742
2026-08-08 13:30:00,1919.18,1919.3,1918.61,1919.25,622.4659
2026-08-08 13:45:00,1919.26,1920.0,1918.68,1920.0,498.4367
2026-08-08 14:00:00,1920.0,1921.69,1919.99,1921.46,992.0295
2026-08-08 14:15:00,1921.47,1924.0,1921.04,1923.74,1225.3879
2026-08-08 14:30:00,1923.74,1926.72,1922.03,1922.22,1758.964
2026-08-08 14:45:00,1922.21,1925.21,1922.21,1923.77,1083.0797
2026-08-08 15:00:00,1923.78,1924.56,1922.29,1923.69,786.7547
2026-08-08 15:15:00,1923.69,1924.17,1922.49,1922.73,845.2132
2026-08-08 15:30:00,1922.72,1922.73,1921.35,1922.12,517.0285
2026-08-08 15:45:00,1922.12,1923.7,1921.6,1922.62,796.9004
2026-08-08 16:00:00,1922.63,1925.0,1922.62,1922.81,724.2814
2026-08-08 16:15:00,1922.81,1923.43,1922.34,1922.51,682.2133
2026-08-08 16:30:00,1922.51,1922.52,1921.65,1921.96,447.1947
2026-08-08 16:45:00,1921.96,1922.46,1921.94,1922.46,385.6191
2026-08-08 17:00:00,1922.45,1923.31,1922.25,1923.1,861.648
2026-08-08 17:15:00,1923.1,1924.1,1922.88,1924.05,1078.6889
2026-08-08 17:30:00,1924.04,1926.45,1923.84,1924.99,1119.4459
2026-08-08 17:45:00,1925.0,1925.3,1923.84,1923.85,867.7585
2026-08-08 18:00:00,1923.84,1923.84,1922.88,1922.88,492.0673
2026-08-08 18:15:00,1922.88,1922.89,1919.77,1920.71,1271.7334
2026-08-08 18:30:00,1920.71,1921.55,1920.36,1921.33,660.6916
2026-08-08 18:45:00,1921.32,1921.33,1921.02,1921.1,356.6997
2026-08-08 19:00:00,1921.1,1921.54,1921.09,1921.23,306.9703
2026-08-08 19:15:00,1921.23,1921.31,1919.9,1919.9,453.1977
2026-08-08 19:30:00,1919.9,1920.53,1919.67,1920.16,409.484
2026-08-08 19:45:00,1920.15,1921.51,1919.7,1920.41,609.859
2026-08-08 20:00:00,1920.41,1920.41,1920.0,1920.16,323.2151
2026-08-08 20:15:00,1920.17,1920.67,1919.95,1919.95,368.3367
2026-08-08 20:30:00,1919.96,1921.21,1919.95,1920.93,338.6874
2026-08-08 20:45:00,1920.92,1921.2,1920.33,1920.39,314.1564
2026-08-08 21:00:00,1920.39,1920.85,1920.27,1920.55,306.9499
2026-08-08 21:15:00,1920.55,1921.7,1920.54,1921.02,383.689
2026-08-08 21:30:00,1921.02,1922.73,1920.67,1922.62,613.9292
2026-08-08 21:45:00,1922.61,1922.61,1920.28,1920.82,538.0314
2026-08-08 22:00:00,1920.82,1921.59,1919.53,1919.54,647.0817
2026-08-08 22:15:00,1919.53,1920.63,1919.43,1920.63,562.9284
2026-08-08 22:30:00,1920.63,1920.63,1919.24,1919.68,532.8117
2026-08-08 22:45:00,1919.68,1919.68,1916.66,1916.75,690.425
2026-08-08 23:00:00,1916.74,1916.93,1915.09,1915.8,598.9561
2026-08-08 23:15:00,1915.81,1917.51,1914.69,1916.91,660.9192
2026-08-08 23:30:00,1916.91,1919.0,1916.9,1918.62,559.3071
2026-08-08 23:45:00,1918.62,1918.62,1916.69,1916.74,960.6675
2026-08-09 00:00:00,1916.75,1918.46,1916.34,1918.4,1796.1296
2026-08-09 00:15:00,1918.4,1918.4,1917.54,1917.6,288.0728
2026-08-09 00:30:00,1917.6,1918.53,1917.6,1917.94,259.0933
2026-08-09 00:45:00,1917.94,1918.66,1916.47,1918.09,449.1655
2026-08-09 01:00:00,1918.08,1920.21,1917.49,1918.95,640.0974
2026-08-09 01:15:00,1918.95,1919.04,1914.38,1914.38,522.7133
2026-08-09 01:30:00,1914.38,1916.18,1913.37,1916.07,593.7345
2026-08-09 01:45:00,1916.08,1916.47,1914.64,1916.14,419.4854
2026-08-09 02:00:00,1916.15,1916.71,1915.17,1916.7,380.1868
2026-08-09 02:15:00,1916.71,1916.71,1915.06,1916.26,243.8414
2026-08-09 02:30:00,1916.25,1916.26,1914.54,1914.54,300.369
2026-08-09 02:45:00,1914.55,1915.25,1913.64,1914.8,417.5777
2026-08-09 03:00:00,1914.79,1914.79,1912.36,1912.94,862.9133
2026-08-09 03:15:00,1912.94,1913.85,1912.75,1913.85,600.3013
2026-08-09 03:30:00,1913.85,1914.43,1913.84,1913.96,314.2541
2026-08-09 03:45:00,1913.96,1914.3,1913.95,1914.04,257.5176
2026-08-09 04:00:00,1914.04,1915.6,1913.87,1915.13,387.2852
2026-08-09 04:15:00,1915.13,1915.63,1913.75,1914.28,385.6023
2026-08-09 04:30:00,1914.28,1914.32,1913.4,1913.4,187.003
2026-08-09 04:45:00,1913.41,1913.7,1912.99,1913.16,434.3293
2026-08-09 05:00:00,1913.17,1914.79,1913.11,1913.85,366.5608
2026-08-09 05:15:00,1913.85,1915.04,1913.82,1914.09,264.7619
2026-08-09 05:30:00,1914.08,1914.59,1914.02,1914.04,310.357
2026-08-09 05:45:00,1914.03,1914.46,1913.86,1914.46,513.8117
2026-08-09 06:00:00,1914.45,1915.56,1912.83,1915.5,2019.9362
2026-08-09 06:15:00,1915.49,1917.16,1915.48,1916.98,1303.0598
2026-08-09 06:30:00,1916.98,1918.01,1916.97,1917.91,318.5983
2026-08-09 06:45:00,1917.91,1919.51,1917.91,1919.33,673.3955
2026-08-09 07:00:00,1919.34,1919.79,1918.29,1918.3,2229.6594
2026-08-09 07:15:00,1918.29,1918.32,1917.14,1918.0,1033.1832
2026-08-09 07:30:00,1917.99,1918.0,1917.19,1917.71,1191.1454
2026-08-09 07:45:00,1917.7,1918.97,1917.47,1918.97,496.8236
2026-08-09 08:00:00,1918.97,1925.0,1918.97,1922.56,1478.0465
2026-08-09 08:15:00,1922.56,1922.69,1920.92,1921.49,472.9748
2026-08-09 08:30:00,1921.49,1921.57,1914.0,1914.62,1269.0919
2026-08-09 08:45:00,1914.62,1916.12,1914.19,1915.94,799.127
2026-08-09 09:00:00,1915.94,1916.48,1915.19,1915.31,515.118
2026-08-09 09:15:00,1915.3,1915.6,1913.39,1914.21,1643.7592
2026-08-09 09:30:00,1914.2,1916.98,1914.2,1916.55,826.1751
2026-08-09 09:45:00,1916.56,1921.45,1916.55,1921.45,1417.5182
2026-08-09 10:00:00,1921.45,1922.96,1921.31,1921.75,1238.8749
2026-08-09 10:15:00,1921.75,1922.02,1920.32,1920.6,1266.4139
2026-08-09 10:30:00,1920.6,1920.61,1919.64,1920.03,543.71
2026-08-09 10:45:00,1920.04,1920.79,1919.94,1920.1,739.5944
2026-08-09 11:00:00,1920.09,1920.7,1920.09,1920.7,254.9542
2026-08-09 11:15:00,1920.69,1921.51,1920.53,1920.79,340.3311
2026-08-09 11:30:00,1920.79,1921.3,1920.43,1920.64,511.607
2026-08-09 11:45:00,1920.64,1920.7,1918.37,1919.23,478.8945
2026-08-09 12:00:00,1919.23,1919.23,1916.51,1918.01,799.5777
2026-08-09 12:15:00,1918.02,1918.24,1917.59,1918.08,238.1222
2026-08-09 12:30:00,1918.08,1918.51,1917.44,1917.45,507.0529
2026-08-09 12:45:00,1917.45,1917.89,1917.37,1917.5,772.3027
2026-08-09 13:00:00,1917.5,1920.0,1917.5,1920.0,315.8688
2026-08-09 13:15:00,1920.0,1926.31,1919.99,1925.29,3186.925
2026-08-09 13:30:00,1925.28,1925.58,1922.22,1922.79,1774.8371
2026-08-09 13:45:00,1922.79,1923.58,1922.79,1923.36,809.9818
2026-08-09 14:00:00,1923.36,1926.58,1922.61,1925.63,1644.3732
2026-08-09 14:15:00,1925.62,1925.62,1922.97,1923.63,657.7645
2026-08-09 14:30:00,1923.64,1925.45,1923.3,1923.71,831.4772
2026-08-09 14:45:00,1923.7,1926.41,1923.7,1925.07,649.4827
2026-08-09 15:00:00,1925.08,1927.27,1924.16,1926.84,1143.7
2026-08-09 15:15:00,1926.85,1927.12,1926.38,1926.39,867.3984
2026-08-09 15:30:00,1926.39,1926.66,1926.03,1926.28,520.3521
2026-08-09 15:45:00,1926.27,1927.36,1926.27,1926.56,761.8898
2026-08-09 16:00:00,1926.57,1926.95,1924.73,1924.96,801.4776
2026-08-09 16:15:00,1924.97,1925.42,1921.6,1922.4,864.6005
2026-08-09 16:30:00,1922.4,1925.33,1922.4,1925.06,519.7218
2026-08-09 16:45:00,1925.06,1925.25,1924.1,1924.11,341.8687
2026-08-09 17:00:00,1924.1,1924.84,1923.39,1924.75,554.3501
2026-08-09 17:15:00,1924.74,1924.74,1923.67,1924.56,719.9951
2026-08-09 17:30:00,1924.56,1924.68,1924.11,1924.28,441.3116
2026-08-09 17:45:00,1924.28,1924.28,1923.11,1923.11,446.1571
2026-08-09 18:00:00,1923.1,1923.8,1922.71,1922.71,441.9662
2026-08-09 18:15:00,1922.72,1922.72,1920.15,1922.16,669.2091
2026-08-09 18:30:00,1922.15,1922.37,1921.23,1921.23,331.2279
2026-08-09 18:45:00,1921.23,1921.69,1921.22,1921.52,451.5645
2026-08-09 19:00:00,1921.51,1922.08,1921.35,1921.39,414.1548
2026-08-09 19:15:00,1921.39,1922.37,1921.38,1922.16,321.9946
2026-08-09 19:30:00,1922.17,1922.47,1922.15,1922.44,351.9833
2026-08-09 19:45:00,1922.43,1922.44,1921.58,1922.04,258.4595
2026-08-09 20:00:00,1922.04,1922.27,1919.07,1919.11,1647.3083
2026-08-09 20:15:00,1919.11,1920.82,1918.0,1920.2,846.8482
2026-08-09 20:30:00,1920.2,1921.28,1920.2,1920.3,667.3196
2026-08-09 20:45:00,1920.3,1920.82,1920.16,1920.73,555.5235
2026-08-09 21:00:00,1920.72,1921.45,1919.84,1921.45,569.3335
2026-08-09 21:15:00,1921.44,1924.36,1921.33,1924.27,386.8824
2026-08-09 21:30:00,1924.26,1926.84,1923.83,1925.57,1118.2856
2026-08-09 21:45:00,1925.58,1926.91,1924.46,1924.73,1058.5857
2026-08-09 22:00:00,1924.73,1936.73,1924.73,1933.34,4068.9334
2026-08-09 22:15:00,1933.33,1938.22,1929.17,1929.61,3471.6958
2026-08-09 22:30:00,1929.62,1930.46,1916.34,1919.29,3432.3783
2026-08-09 22:45:00,1919.28,1920.42,1915.0,1919.55,1528.3645
2026-08-09 23:00:00,1919.54,1920.61,1916.74,1917.69,1471.9035
2026-08-09 23:15:00,1917.68,1918.38,1913.2,1914.4,3401.7101
2026-08-09 23:30:00,1914.4,1914.4,1908.49,1910.71,4210.0931
2026-08-09 23:45:00,1910.71,1912.4,1907.56,1910.65,1751.855
2026-08-10 00:00:00,1910.65,1928.28,1908.67,1921.68,3959.0307
2026-08-10 00:15:00,1921.69,1922.57,1913.57,1914.16,1643.4875
2026-08-10 00:30:00,1914.16,1916.33,1906.17,1907.08,2865.4177
2026-08-10 00:45:00,1907.08,1917.19,1906.77,1912.78,1741.7797
2026-08-10 01:00:00,1912.79,1915.53,1908.01,1914.28,1697.3273
2026-08-10 01:15:00,1914.27,1918.4,1914.27,1915.17,1153.3382
2026-08-10 01:30:00,1915.17,1916.7,1912.6,1915.33,1382.2739
2026-08-10 01:45:00,1915.33,1931.57,1914.9,1925.23,3867.9714
2026-08-10 02:00:00,1925.23,1926.1,1920.75,1921.61,1820.8216
2026-08-10 02:15:00,1921.61,1921.73,1912.86,1915.48,2105.241
2026-08-10 02:30:00,1915.48,1926.72,1915.47,1925.92,1689.4972
2026-08-10 02:45:00,1925.92,1925.92,1922.52,1923.52,1243.1405
2026-08-10 03:00:00,1923.51,1924.51,1915.04,1915.92,1377.5348
2026-08-10 03:15:00,1915.92,1924.66,1913.66,1918.13,2077.6622
2026-08-10 03:30:00,1918.13,1920.97,1917.3,1919.72,1836.9533
2026-08-10 03:45:00,1919.72,1920.68,1916.24,1917.44,1052.9025
2026-08-10 04:00:00,1917.44,1920.24,1916.51,1920.09,2314.2641
2026-08-10 04:15:00,1920.08,1921.01,1918.76,1919.58,1449.2512
2026-08-10 04:30:00,1919.59,1920.49,1912.6,1916.77,2452.7836
2026-08-10 04:45:00,1916.76,1918.52,1914.51,1915.79,1650.4899
2026-08-10 05:00:00,1915.79,1918.74,1915.33,1916.16,1068.3134
2026-08-10 05:15:00,1916.16,1920.52,1916.16,1920.25,840.6326
2026-08-10 05:30:00,1920.24,1922.28,1919.58,1921.41,1222.3583
2026-08-10 05:45:00,1921.4,1925.02,1920.76,1923.17,1189.1046
2026-08-10 06:00:00,1923.18,1927.61,1923.01,1925.61,1946.6629
2026-08-10 06:15:00,1925.62,1929.43,1924.21,1925.47,3562.3773
2026-08-10 06:30:00,1925.48,1927.52,1925.0,1927.5,1035.4966
2026-08-10 06:45:00,1927.5,1929.12,1926.49,1928.03,1360.4805
2026-08-10 07:00:00,1928.03,1928.76,1926.19,1926.83,647.9334
2026-08-10 07:15:00,1926.82,1929.89,1925.9,1929.54,949.8129
2026-08-10 07:30:00,1929.53,1930.84,1927.53,1927.53,3139.8755
2026-08-10 07:45:00,1927.53,1928.03,1924.8,1925.26,1191.4043
2026-08-10 08:00:00,1925.26,1928.35,1925.26,1927.32,982.2127
2026-08-10 08:15:00,1927.32,1929.74,1926.4,1928.2,1305.8537
2026-08-10 08:30:00,1928.2,1928.49,1923.21,1925.23,1504.6834
2026-08-10 08:45:00,1925.23,1927.36,1924.32,1926.8,629.0622
2026-08-10 09:00:00,1926.8,1927.09,1925.06,1926.52,629.205
2026-08-10 09:15:00,1926.51,1926.6,1922.9,1922.9,1080.6542
2026-08-10 09:30:00,1922.91,1922.91,1917.99,1918.27,2452.2705
2026-08-10 09:45:00,1918.27,1918.27,1916.21,1916.39,2751.3456
2026-08-10 10:00:00,1916.38,1919.66,1916.12,1919.18,1501.8702
2026-08-10 10:15:00,1919.18,1920.7,1918.93,1919.3,1638.2603
2026-08-10 10:30:00,1919.3,1919.46,1916.7,1917.72,1024.9679
2026-08-10 10:45:00,1917.71,1918.97,1917.24,1917.75,730.1976
2026-08-10 11:00:00,1917.75,1917.89,1914.68,1916.55,1263.2952
2026-08-10 11:15:00,1916.55,1919.8,1916.54,1919.26,1219.8723
2026-08-10 11:30:00,1919.25,1920.44,1918.37,1918.39,937.3673
2026-08-10 11:45:00,1918.4,1921.11,1918.17,1920.42,923.0388
2026-08-10 12:00:00,1920.42,1923.34,1919.85,1920.72,1628.0477
2026-08-10 12:15:00,1920.73,1920.73,1916.58,1916.96,1577.919
2026-08-10 12:30:00,1916.96,1916.96,1912.01,1915.59,3731.0967
2026-08-10 12:45:00,1915.59,1915.6,1905.0,1906.0,6126.2931
2026-08-10 13:00:00,1905.99,1909.72,1905.06,1908.97,3187.4109
2026-08-10 13:15:00,1908.96,1910.46,1906.65,1908.38,1988.2731
2026-08-10 13:30:00,1908.39,1908.93,1898.37,1901.12,7907.8269
2026-08-10 13:45:00,1901.11,1902.98,1894.56,1897.6,7101.1761
2026-08-10 14:00:00,1897.61,1902.84,1896.94,1901.31,3261.6658
2026-08-10 14:15:00,1901.32,1902.55,1897.03,1899.5,1540.1435
2026-08-10 14:30:00,1899.49,1902.33,1897.38,1900.07,1460.2705
2026-08-10 14:45:00,1900.06,1901.23,1891.6,1893.59,3786.1639
2026-08-10 15:00:00,1893.58,1893.58,1875.26,1876.39,13197.4594
2026-08-10 15:15:00,1876.38,1881.07,1871.37,1876.98,8055.482
2026-08-10 15:30:00,1876.99,1880.37,1874.38,1878.43,4793.7488
2026-08-10 15:45:00,1878.42,1880.33,1876.37,1877.0,3384.1215
2026-08-10 16:00:00,1876.99,1878.71,1875.0,1875.95,4312.0053
2026-08-10 16:15:00,1875.94,1877.17,1867.96,1875.05,5989.8307
2026-08-10 16:30:00,1875.04,1878.0,1872.5,1872.88,3972.1306
2026-08-10 16:45:00,1872.88,1873.38,1868.84,1872.36,3493.9853
2026-08-10 17:00:00,1872.38,1876.02,1868.71,1874.84,2844.8937
2026-08-10 17:15:00,1874.83,1876.84,1873.01,1874.28,1795.3586
2026-08-10 17:30:00,1874.28,1877.39,1873.9,1875.67,2325.0625
2026-08-10 17:45:00,1875.66,1875.76,1872.86,1873.7,1257.3553
2026-08-10 18:00:00,1873.7,1875.24,1871.66,1871.67,2678.767
2026-08-10 18:15:00,1871.67,1874.54,1870.92,1872.07,1966.657
2026-08-10 18:30:00,1872.07,1873.07,1869.57,1873.06,1893.9033
2026-08-10 18:45:00,1873.06,1873.43,1868.0,1872.95,2063.3222
2026-08-10 19:00:00,1872.95,1875.48,1871.86,1875.26,2119.0949
2026-08-10 19:15:00,1875.26,1878.5,1875.26,1878.49,1636.6337
2026-08-10 19:30:00,1878.5,1880.47,1876.36,1878.92,1615.2795
2026-08-10 19:45:00,1878.92,1879.72,1876.69,1878.51,1557.2022
2026-08-10 20:00:00,1878.52,1879.39,1877.74,1878.59,1005.6439
2026-08-10 20:15:00,1878.59,1879.46,1878.0,1879.46,858.4996
2026-08-10 20:30:00,1879.45,1881.31,1879.0,1880.55,1102.2502
2026-08-10 20:45:00,1880.54,1880.54,1878.8,1879.73,684.1812
2026-08-10 21:00:00,1879.72,1879.72,1875.79,1876.04,946.1032
2026-08-10 21:15:00,1876.03,1877.07,1874.58,1877.07,558.8072
2026-08-10 21:30:00,1877.07,1877.88,1875.13,1876.17,1255.5956
2026-08-10 21:45:00,1876.18,1876.42,1873.54,1874.45,1383.6651
2026-08-10 22:00:00,1874.45,1877.77,1872.55,1877.15,1845.318
2026-08-10 22:15:00,1877.16,1878.13,1875.35,1876.86,578.591
2026-08-10 22:30:00,1876.87,1876.94,1872.13,1874.47,1478.0264
2026-08-10 22:45:00,1874.47,1876.15,1874.27,1876.14,1062.4844
2026-08-10 23:00:00,1876.15,1876.15,1874.13,1874.5,1537.5296
2026-08-10 23:15:00,1874.5,1875.24,1872.4,1873.84,805.0928
2026-08-10 23:30:00,1873.85,1873.85,1870.12,1872.95,1367.9847
2026-08-10 23:45:00,1872.95,1873.94,1871.56,1873.16,980.891
2026-08-11 00:00:00,1873.16,1874.03,1871.0,1873.61,1941.1912
2026-08-11 00:15:00,1873.62,1875.99,1871.78,1875.99,1251.8079
2026-08-11 00:30:00,1875.99,1876.04,1872.45,1874.1,1509.1894
2026-08-11 00:45:00,1874.11,1875.77,1873.44,1875.32,658.6236
2026-08-11 01:00:00,1875.31,1877.85,1873.49,1877.23,1076.2811
2026-08-11 01:15:00,1877.24,1878.57,1873.9,1878.06,1170.2868
2026-08-11 01:30:00,1878.06,1878.06,1874.25,1875.77,1545.4386
2026-08-11 01:45:00,1875.76,1878.6,1875.52,1878.14,812.8152
2026-08-11 02:00:00,1878.13,1881.78,1877.7,1878.04,3070.8379
2026-08-11 02:15:00,1878.04,1878.55,1877.41,1877.48,917.4619
2026-08-11 02:30:00,1877.48,1878.66,1877.36,1878.65,658.5528
2026-08-11 02:45:00,1878.66,1878.82,1877.97,1878.6,798.194
2026-08-11 03:00:00,1878.61,1880.44,1878.6,1880.13,879.7643
2026-08-11 03:15:00,1880.13,1881.29,1879.61,1880.33,1027.729
2026-08-11 03:30:00,1880.33,1881.78,1880.22,1880.62,626.6467
2026-08-11 03:45:00,1880.63,1881.22,1880.3,1881.03,1232.2488
2026-08-11 04:00:00,1881.02,1882.18,1879.85,1879.86,804.1797
2026-08-11 04:15:00,1879.85,1880.42,1879.78,1879.96,1144.8293
2026-08-11 04:30:00,1879.97,1880.05,1877.7,1877.94,933.5641
2026-08-11 04:45:00,1877.94,1878.2,1876.22,1876.25,857.4318
2026-08-11 05:00:00,1876.25,1876.81,1875.73,1876.76,660.2369
2026-08-11 05:15:00,1876.76,1876.76,1872.19,1873.8,1459.1374
2026-08-11 05:30:00,1873.8,1876.79,1873.34,1876.5,1522.3705
2026-08-11 05:45:00,1876.51,1876.67,1874.02,1874.03,1539.6565
2026-08-11 06:00:00,1874.03,1875.02,1872.12,1874.16,2239.4265
2026-08-11 06:15:00,1874.16,1874.76,1871.91,1872.52,1596.4277
2026-08-11 06:30:00,1872.53,1874.73,1871.62,1873.31,3731.4839
2026-08-11 06:45:00,1873.32,1874.27,1870.86,1874.24,1848.2085
2026-08-11 07:00:00,1874.25,1875.71,1873.68,1873.69,876.4157
2026-08-11 07:15:00,1873.69,1873.69,1870.29,1871.76,1847.2081
2026-08-11 07:30:00,1871.77,1879.27,1871.77,1877.96,4276.0901
2026-08-11 07:45:00,1877.96,1879.34,1876.36,1877.95,3253.8459
2026-08-11 08:00:00,1877.95,1879.22,1875.85,1876.0,1409.3283
2026-08-11 08:15:00,1876.01,1877.69,1875.75,1876.92,2164.2144
2026-08-11 08:30:00,1876.92,1879.17,1876.5,1878.38,2375.5141
2026-08-11 08:45:00,1878.38,1880.39,1877.28,1879.21,2493.6831
2026-08-11 09:00:00,1879.2,1879.48,1877.32,1877.56,2354.341
2026-08-11 09:15:00,1877.56,1880.41,1877.34,1879.55,2008.6224
2026-08-11 09:30:00,1879.56,1880.47,1878.64,1880.31,1200.4198
2026-08-11 09:45:00,1880.31,1885.41,1879.96,1885.41,2679.0386
2026-08-11 10:00:00,1885.41,1889.0,1884.2,1885.16,2829.6582
2026-08-11 10:15:00,1885.16,1887.96,1882.66,1887.41,1899.6028
2026-08-11 10:30:00,1887.41,1888.08,1885.74,1886.45,1240.6039
2026-08-11 10:45:00,1886.46,1888.08,1885.83,1886.16,1439.3031
2026-08-11 11:00:00,1886.17,1895.6,1886.17,1893.66,4951.6871
2026-08-11 11:15:00,1893.67,1894.03,1891.0,1891.7,1836.3702
2026-08-11 11:30:00,1891.7,1892.87,1891.54,1891.99,1111.9094
2026-08-11 11:45:00,1892.0,1894.0,1892.0,1892.97,1287.1978
2026-08-11 12:00:00,1892.96,1897.8,1892.96,1895.33,3179.0032
2026-08-11 12:15:00,1895.33,1895.42,1889.24,1890.13,3325.6376
2026-08-11 12:30:00,1890.13,1892.32,1888.48,1888.67,2688.2892
2026-08-11 12:45:00,1888.67,1889.45,1887.34,1888.0,1204.2425
2026-08-11 13:00:00,1888.0,1891.85,1887.12,1889.67,1701.6806
2026-08-11 13:15:00,1889.68,1889.68,1884.79,1886.96,1304.8583
2026-08-11 13:30:00,1886.96,1892.69,1883.63,1890.37,4021.266
2026-08-11 13:45:00,1890.36,1892.14,1887.75,1890.03,2042.5012
2026-08-11 14:00:00,1890.02,1890.66,1886.27,1889.56,1293.1439
2026-08-11 14:15:00,1889.56,1891.61,1876.55,1880.76,3971.4938
2026-08-11 14:30:00,1880.76,1881.25,1874.34,1877.33,2922.1474
2026-08-11 14:45:00,1877.34,1878.6,1870.33,1873.69,6290.4677
2026-08-11 15:00:00,1873.68,1877.63,1872.87,1873.66,3283.3348
2026-08-11 15:15:00,1873.65,1877.71,1869.43,1877.36,3522.8131
2026-08-11 15:30:00,1877.35,1877.4,1853.62,1859.67,11105.2825
2026-08-11 15:45:00,1859.66,1864.08,1856.73,1862.74,4142.7538
2026-08-11 16:00:00,1862.75,1866.26,1859.78,1864.96,3255.481
2026-08-11 16:15:00,1864.97,1867.06,1863.02,1864.15,1867.4606
2026-08-11 16:30:00,1864.14,1866.42,1862.7,1863.59,2716.4503
2026-08-11 16:45:00,1863.59,1865.57,1862.94,1864.82,1102.9958
2026-08-11 17:00:00,1864.83,1866.57,1863.0,1864.12,1344.7059
2026-08-11 17:15:00,1864.13,1867.95,1862.88,1865.49,1618.8765
2026-08-11 17:30:00,1865.49,1866.31,1863.01,1864.97,1306.4513
2026-08-11 17:45:00,1864.97,1866.89,1863.18,1864.69,2222.2584
2026-08-11 18:00:00,1864.69,1865.37,1863.41,1864.26,1399.8494
2026-08-11 18:15:00,1864.25,1866.02,1861.85,1862.0,1553.2126
2026-08-11 18:30:00,1861.99,1867.09,1860.0,1863.88,3591.8289
2026-08-11 18:45:00,1863.88,1866.03,1863.46,1866.03,800.4537
2026-08-11 19:00:00,1866.03,1866.27,1862.9,1863.01,1208.9227
2026-08-11 19:15:00,1863.01,1869.97,1863.0,1869.8,1269.0954
2026-08-11 19:30:00,1869.8,1872.5,1868.52,1871.63,1701.6365
2026-08-11 19:45:00,1871.64,1884.83,1870.97,1881.9,5785.6352
2026-08-11 20:00:00,1881.9,1885.38,1881.12,1882.58,2711.0345
2026-08-11 20:15:00,1882.59,1882.59,1879.09,1881.13,1766.2375
2026-08-11 20:30:00,1881.13,1884.1,1879.42,1879.43,1292.9987
2026-08-11 20:45:00,1879.43,1882.47,1879.42,1882.22,1530.3566
2026-08-11 21:00:00,1882.22,1885.32,1881.58,1884.13,1106.8173
2026-08-11 21:15:00,1884.12,1884.58,1880.67,1881.15,1474.2153
2026-08-11 21:30:00,1881.15,1882.77,1880.43,1882.63,2724.1713
2026-08-11 21:45:00,1882.64,1885.19,1881.9,1884.68,1631.188
2026-08-11 22:00:00,1884.68,1887.64,1882.83,1883.99,3038.7565
2026-08-11 22:15:00,1884.0,1885.68,1882.97,1883.8,888.458
2026-08-11 22:30:00,1883.8,1884.77,1880.61,1880.62,962.6466
2026-08-11 22:45:00,1880.61,1883.16,1879.61,1882.16,1014.6851
2026-08-11 23:00:00,1882.17,1882.17,1879.0,1879.52,746.8739
2026-08-11 23:15:00,1879.53,1880.92,1878.92,1880.92,718.1606
2026-08-11 23:30:00,1880.92,1884.41,1880.55,1884.18,1182.1717
2026-08-11 23:45:00,1884.17,1884.41,1882.58,1882.59,718.4392
2026-08-12 00:00:00,1882.58,1882.58,1880.78,1882.2,1313.2809
2026-08-12 00:15:00,1882.2,1883.48,1880.65,1882.03,1014.68
2026-08-12 00:30:00,1882.03,1883.72,1881.34,1881.72,1015.2343
2026-08-12 00:45:00,1881.72,1883.35,1881.72,1882.35,707.6727
2026-08-12 01:00:00,1882.36,1885.83,1882.35,1885.67,1161.7621
2026-08-12 01:15:00,1885.67,1886.53,1882.22,1883.01,1199.5525
2026-08-12 01:30:00,1883.01,1885.95,1881.11,1885.43,630.2123
2026-08-12 01:45:00,1885.43,1886.48,1883.35,1884.77,1170.5704
2026-08-12 02:00:00,1884.77,1887.91,1884.77,1885.67,1354.6965
2026-08-12 02:15:00,1885.66,1886.77,1883.96,1886.76,958.4907
2026-08-12 02:30:00,1886.77,1887.27,1883.97,1884.81,630.5683
2026-08-12 02:45:00,1884.81,1885.59,1883.59,1884.47,510.9398
2026-08-12 03:00:00,1884.48,1885.7,1882.9,1883.11,558.0754
2026-08-12 03:15:00,1883.11,1884.37,1882.66,1883.74,774.6606
2026-08-12 03:30:00,1883.75,1887.33,1883.22,1886.26,891.4499
2026-08-12 03:45:00,1886.25,1887.17,1885.9,1886.62,718.6649
2026-08-12 04:00:00,1886.63,1887.66,1885.47,1887.26,797.542
2026-08-12 04:15:00,1887.27,1893.37,1887.11,1889.71,3600.2513
2026-08-12 04:30:00,1889.71,1889.71,1887.37,1888.58,911.5353
2026-08-12 04:45:00,1888.58,1891.16,1888.43,1889.42,937.5772
2026-08-12 05:00:00,1889.41,1890.89,1886.77,1890.13,702.0848
2026-08-12 05:15:00,1890.12,1890.9,1889.82,1890.0,586.1911
2026-08-12 05:30:00,1890.0,1891.88,1890.0,1891.81,892.2744
2026-08-12 05:45:00,1891.81,1892.44,1891.06,1891.71,1025.1588
2026-08-12 06:00:00,1891.7,1891.71,1887.65,1887.65,824.1698
2026-08-12 06:15:00,1887.65,1889.72,1885.78,1886.44,2361.8244
2026-08-12 06:30:00,1886.43,1886.85,1885.38,1885.69,1026.0672
2026-08-12 06:45:00,1885.69,1887.74,1885.69,1887.73,676.3861
2026-08-12 07:00:00,1887.74,1891.16,1887.64,1889.75,888.1073
2026-08-12 07:15:00,1889.75,1890.59,1889.49,1889.5,740.0089
2026-08-12 07:30:00,1889.5,1891.62,1888.25,1888.82,1347.6415
2026-08-12 07:45:00,1888.83,1891.82,1886.34,1891.69,1148.5166
2026-08-12 08:00:00,1891.7,1896.11,1890.63,1892.4,2572.4576
2026-08-12 08:15:00,1892.4,1894.86,1892.4,1892.88,841.662
2026-08-12 08:30:00,1892.87,1892.87,1891.12,1891.12,585.3213
2026-08-12 08:45:00,1891.13,1892.37,1890.76,1890.95,725.9045
2026-08-12 09:00:00,1890.94,1893.23,1890.0,1892.87,993.9804
2026-08-12 09:15:00,1892.88,1905.31,1892.87,1903.7,5878.857
2026-08-12 09:30:00,1903.69,1909.63,1902.84,1905.03,4182.2123
2026-08-12 09:45:00,1905.03,1906.0,1902.88,1905.84,2372.1052
2026-08-12 10:00:00,1905.84,1915.54,1905.84,1911.68,4875.1196
2026-08-12 10:15:00,1911.68,1914.78,1910.84,1910.85,2969.8629
2026-08-12 10:30:00,1910.85,1913.2,1910.12,1911.69,1996.9563
2026-08-12 10:45:00,1911.69,1912.16,1907.66,1909.17,3132.7776
2026-08-12 11:00:00,1909.18,1911.38,1907.41,1908.87,1444.2247
2026-08-12 11:15:00,1908.88,1913.63,1908.87,1913.53,1323.761
2026-08-12 11:30:00,1913.54,1915.42,1911.83,1913.33,1770.9933
2026-08-12 11:45:00,1913.34,1915.99,1913.22,1915.57,2244.1697
2026-08-12 12:00:00,1915.58,1918.14,1914.5,1914.5,2535.4563
2026-08-12 12:15:00,1914.51,1925.0,1914.03,1922.34,5641.9744
2026-08-12 12:30:00,1922.38,1925.0,1907.56,1909.46,9515.6084
2026-08-12 12:45:00,1909.46,1913.58,1905.52,1911.32,4874.1693
2026-08-12 13:00:00,1911.31,1912.6,1905.28,1908.61,2556.7061
2026-08-12 13:15:00,1908.61,1910.67,1906.03,1907.42,1601.2099
2026-08-12 13:30:00,1907.43,1908.11,1901.51,1904.72,4088.7286
2026-08-12 13:45:00,1904.72,1908.32,1900.04,1901.32,3237.7889
2026-08-12 14:00:00,1901.31,1903.71,1889.24,1899.83,5949.3475
2026-08-12 14:15:00,1899.82,1899.83,1891.89,1892.19,1934.8691
2026-08-12 14:30:00,1892.2,1894.06,1887.3,1892.18,3948.0725
2026-08-12 14:45:00,1892.18,1895.31,1885.0,1887.79,3886.3329
2026-08-12 15:00:00,1887.78,1893.86,1884.54,1892.78,2236.4943
2026-08-12 15:15:00,1892.79,1895.8,1891.22,1894.47,1909.1176
2026-08-12 15:30:00,1894.47,1896.29,1891.36,1894.52,1699.8015
2026-08-12 15:45:00,1894.52,1895.76,1892.52,1892.75,1834.3424
2026-08-12 16:00:00,1892.75,1893.55,1889.24,1892.96,1578.374
2026-08-12 16:15:00,1892.96,1895.77,1892.42,1894.92,1501.4031
2026-08-12 16:30:00,1894.92,1895.35,1892.36,1892.52,1330.4846
2026-08-12 16:45:00,1892.52,1892.62,1890.41,1890.7,813.3054
2026-08-12 17:00:00,1890.7,1891.89,1889.5,1889.77,1375.0089
2026-08-12 17:15:00,1889.77,1890.2,1885.12,1886.92,2559.3432
2026-08-12 17:30:00,1886.92,1890.46,1885.21,1888.1,1220.919
2026-08-12 17:45:00,1888.09,1890.13,1887.26,1888.14,889.9785
2026-08-12 18:00:00,1888.13,1890.45,1887.0,1889.63,868.5742
2026-08-12 18:15:00,1889.62,1889.62,1886.01,1887.15,775.3399
2026-08-12 18:30:00,1887.15,1891.33,1886.83,1887.8,1144.2113
2026-08-12 18:45:00,1887.8,1887.81,1885.5,1885.55,883.4218
2026-08-12 19:00:00,1885.54,1886.67,1883.92,1884.11,1059.2376
2026-08-12 19:15:00,1884.1,1886.8,1882.06,1884.55,1367.9838
2026-08-12 19:30:00,1884.55,1885.38,1879.14,1880.12,2262.8247
2026-08-12 19:45:00,1880.11,1880.65,1877.98,1879.38,1977.3213
2026-08-12 20:00:00,1879.37,1882.53,1877.81,1880.49,1525.5844
2026-08-12 20:15:00,1880.49,1884.26,1879.39,1884.26,839.4552
2026-08-12 20:30:00,1884.25,1887.4,1884.25,1886.47,1241.9479
2026-08-12 20:45:00,1886.48,1887.68,1885.65,1886.6,625.1638
2026-08-12 21:00:00,1886.6,1889.47,1885.86,1886.06,1059.8041
2026-08-12 21:15:00,1886.06,1886.98,1873.29,1878.41,2926.4134
2026-08-12 21:30:00,1878.4,1883.23,1875.52,1883.18,1786.2518
2026-08-12 21:45:00,1883.19,1884.32,1877.17,1877.95,2085.4856
2026-08-12 22:00:00,1877.94,1881.37,1875.63,1879.11,2604.4554
2026-08-12 22:15:00,1879.12,1881.15,1878.76,1879.91,787.1248
2026-08-12 22:30:00,1879.91,1879.97,1876.72,1878.02,1003.4565
2026-08-12 22:45:00,1878.03,1878.91,1877.04,1878.45,839.3506
2026-08-12 23:00:00,1878.46,1878.94,1875.3,1876.54,1574.3641
2026-08-12 23:15:00,1876.54,1878.28,1874.81,1876.98,896.8289
2026-08-12 23:30:00,1876.98,1879.25,1876.98,1878.2,634.0596
2026-08-12 23:45:00,1878.2,1880.11,1878.0,1879.81,782.287
2026-08-13 00:00:00,1879.8,1883.73,1878.9,1882.85,2412.7888
2026-08-13 00:15:00,1882.85,1885.55,1881.44,1882.34,1330.1543
2026-08-13 00:30:00,1882.34,1882.35,1877.26,1879.07,2120.0511
2026-08-13 00:45:00,1879.08,1883.51,1878.18,1880.29,1013.0983
2026-08-13 01:00:00,1880.28,1882.83,1878.78,1882.83,1288.6136
2026-08-13 01:15:00,1882.83,1882.83,1875.25,1876.37,1855.0555
2026-08-13 01:30:00,1876.37,1880.43,1876.11,1876.16,1026.7549
2026-08-13 01:45:00,1876.15,1880.04,1875.01,1878.09,2008.6067
2026-08-13 02:00:00,1878.09,1879.09,1876.85,1877.82,1599.9319
2026-08-13 02:15:00,1877.82,1878.23,1876.35,1877.26,956.3041
2026-08-13 02:30:00,1877.25,1877.26,1873.17,1876.89,1542.4417
2026-08-13 02:45:00,1876.89,1883.28,1876.02,1881.93,1577.3055
2026-08-13 03:00:00,1881.94,1884.78,1881.68,1883.45,1932.2195
2026-08-13 03:15:00,1883.45,1884.99,1882.8,1883.01,1066.4498
2026-08-13 03:30:00,1883.01,1886.32,1883.01,1883.96,1519.9642
2026-08-13 03:45:00,1883.97,1888.89,1883.96,1887.52,1785.6271
2026-08-13 04:00:00,1887.52,1887.93,1886.09,1887.3,573.0694
2026-08-13 04:15:00,1887.3,1887.3,1885.46,1886.03,745.9246
2026-08-13 04:30:00,1886.03,1891.1,1886.03,1891.09,1369.2818
2026-08-13 04:45:00,1891.09,1894.99,1891.09,1892.37,1796.1607
2026-08-13 05:00:00,1892.37,1898.56,1891.77,1898.35,3315.6787
2026-08-13 05:15:00,1898.35,1900.0,1896.55,1898.63,2317.6622
2026-08-13 05:30:00,1898.64,1899.41,1896.43,1897.38,1307.5315
2026-08-13 05:45:00,1897.39,1898.13,1895.81,1895.81,677.4635
2026-08-13 06:00:00,1895.8,1896.07,1892.54,1894.17,897.461
2026-08-13 06:15:00,1894.17,1895.71,1893.85,1894.6,688.4133
2026-08-13 06:30:00,1894.61,1894.61,1892.17,1892.91,798.5285
2026-08-13 06:45:00,1892.92,1898.62,1892.91,1898.62,1076.7051
2026-08-13 07:00:00,1898.62,1898.93,1896.12,1897.08,794.0766
2026-08-13 07:15:00,1897.08,1898.0,1896.45,1897.99,721.0966
2026-08-13 07:30:00,1898.0,1898.13,1896.84,1896.85,1374.2135
2026-08-13 07:45:00,1896.85,1896.88,1895.31,1895.57,1323.0878
2026-08-13 08:00:00,1895.57,1897.0,1892.73,1892.91,1294.0129
2026-08-13 08:15:00,1892.92,1893.33,1892.23,1892.64,826.2328
2026-08-13 08:30:00,1892.64,1893.15,1891.75,1892.07,2408.326
2026-08-13 08:45:00,1892.07,1892.07,1888.38,1890.05,3056.3174
2026-08-13 09:00:00,1890.05,1890.05,1882.11,1883.04,1766.4023
2026-08-13 09:15:00,1883.04,1886.83,1881.39,1885.75,1283.2431
2026-08-13 09:30:00,1885.75,1888.02,1885.74,1887.9,988.5843
2026-08-13 09:45:00,1887.89,1890.59,1887.56,1889.78,1818.2555
2026-08-13 10:00:00,1889.78,1890.24,1882.45,1884.9,4888.9117
2026-08-13 10:15:00,1884.9,1886.97,1884.69,1885.05,1365.4283
2026-08-13 10:30:00,1885.05,1885.13,1882.08,1883.69,1701.0021
2026-08-13 10:45:00,1883.7,1884.11,1882.95,1883.17,1010.5155
2026-08-13 11:00:00,1883.18,1883.72,1881.04,1881.47,1135.0687
2026-08-13 11:15:00,1881.47,1881.47,1876.71,1876.92,2504.9884
2026-08-13 11:30:00,1876.92,1879.99,1875.49,1879.87,2199.5024
2026-08-13 11:45:00,1879.86,1881.19,1878.69,1880.39,1161.143
2026-08-13 12:00:00,1880.4,1883.7,1879.17,1883.61,1057.947
2026-08-13 12:15:00,1883.62,1885.12,1882.52,1884.77,1038.7599
2026-08-13 12:30:00,1884.77,1890.18,1882.43,1887.38,2728.0593
2026-08-13 12:45:00,1887.39,1889.5,1886.83,1889.04,1911.0387
2026-08-13 13:00:00,1889.04,1895.71,1889.04,1892.23,4430.4798
2026-08-13 13:15:00,1892.24,1892.47,1887.15,1888.35,2184.8502
2026-08-13 13:30:00,1888.33,1895.44,1887.06,1893.54,2903.3105
2026-08-13 13:45:00,1893.54,1894.37,1889.71,1890.39,2097.277
2026-08-13 14:00:00,1890.39,1894.92,1888.64,1892.82,1736.0255
2026-08-13 14:15:00,1892.83,1894.29,1890.01,1891.17,1609.5679
2026-08-13 14:30:00,1891.16,1897.36,1890.09,1896.39,2726.5905
2026-08-13 14:45:00,1896.39,1896.62,1892.98,1893.43,1175.8679
2026-08-13 15:00:00,1893.44,1896.04,1891.02,1892.0,1340.205
2026-08-13 15:15:00,1891.99,1894.32,1882.82,1885.7,2351.5985
2026-08-13 15:30:00,1885.69,1892.0,1884.57,1890.83,1726.1576
2026-08-13 15:45:00,1890.82,1890.83,1880.0,1880.01,1914.8034
2026-08-13 16:00:00,1880.01,1884.05,1878.24,1880.77,3720.4163
2026-08-13 16:15:00,1880.77,1884.94,1878.34,1879.18,2472.7934
2026-08-13 16:30:00,1879.18,1881.54,1863.67,1871.16,10987.7408
2026-08-13 16:45:00,1871.15,1877.24,1869.12,1874.85,3607.649
2026-08-13 17:00:00,1874.86,1877.46,1873.73,1876.11,1523.9281
2026-08-13 17:15:00,1876.11,1879.76,1874.64,1877.15,1446.4785
2026-08-13 17:30:00,1877.16,1880.09,1875.8,1879.62,1245.6046
2026-08-13 17:45:00,1879.62,1881.01,1876.88,1876.98,1076.3497
2026-08-13 18:00:00,1876.98,1881.83,1876.86,1879.38,771.4203
2026-08-13 18:15:00,1879.39,1881.26,1876.9,1877.28,836.8057
2026-08-13 18:30:00,1877.28,1879.81,1876.63,1879.79,679.9837
2026-08-13 18:45:00,1879.79,1887.3,1879.37,1885.52,1568.9566
2026-08-13 19:00:00,1885.52,1892.73,1885.16,1888.31,2726.9324
2026-08-13 19:15:00,1888.31,1889.7,1886.8,1887.95,1554.6108
2026-08-13 19:30:00,1887.95,1888.53,1885.41,1887.6,1363.6482
2026-08-13 19:45:00,1887.6,1889.48,1886.72,1887.41,1101.469
2026-08-13 20:00:00,1887.41,1889.34,1886.16,1887.27,945.9581
2026-08-13 20:15:00,1887.28,1888.51,1887.0,1887.65,635.5246
2026-08-13 20:30:00,1887.64,1889.56,1886.78,1887.05,385.876
2026-08-13 20:45:00,1887.04,1887.06,1885.32,1886.43,607.8902
2026-08-13 21:00:00,1886.43,1888.79,1886.01,1887.18,430.6214
2026-08-13 21:15:00,1887.18,1888.46,1886.6,1888.45,302.8472
2026-08-13 21:30:00,1888.46,1889.47,1887.85,1888.37,579.0496
2026-08-13 21:45:00,1888.37,1888.91,1887.45,1888.76,594.2194
2026-08-13 22:00:00,1888.77,1893.03,1888.6,1891.81,1095.3425
2026-08-13 22:15:00,1891.8,1892.77,1890.6,1890.99,608.4964
2026-08-13 22:30:00,1891.0,1891.21,1889.55,1890.84,461.5834
2026-08-13 22:45:00,1890.83,1890.98,1889.07,1889.4,470.9537
2026-08-13 23:00:00,1889.41,1889.41,1886.55,1886.71,521.6488
2026-08-13 23:15:00,1886.71,1887.16,1885.6,1886.0,567.8592
2026-08-13 23:30:00,1886.01,1887.36,1886.0,1886.66,1115.4752
2026-08-13 23:45:00,1886.66,1886.66,1884.6,1886.15,980.3031
2026-08-14 00:00:00,1886.16,1887.5,1885.79,1886.25,687.0065
2026-08-14 00:15:00,1886.24,1888.83,1884.91,1886.11,845.282
2026-08-14 00:30:00,1886.12,1889.49,1883.53,1889.1,871.6776
2026-08-14 00:45:00,1889.1,1889.4,1886.78,1889.4,712.9429
2026-08-14 01:00:00,1889.4,1889.45,1885.92,1886.25,1113.5147
2026-08-14 01:15:00,1886.25,1889.45,1884.85,1886.35,895.8946
2026-08-14 01:30:00,1886.34,1889.65,1885.78,1889.62,618.6909
2026-08-14 01:45:00,1889.62,1890.23,1888.04,1889.41,473.0846
2026-08-14 02:00:00,1889.41,1891.3,1887.76,1888.38,1177.5488
2026-08-14 02:15:00,1888.38,1889.09,1886.05,1886.65,749.8903
2026-08-14 02:30:00,1886.66,1888.79,1886.66,1888.33,486.9685
2026-08-14 02:45:00,1888.32,1889.24,1886.62,1886.62,383.3344
2026-08-14 03:00:00,1886.63,1886.73,1883.35,1885.72,1034.0571
2026-08-14 03:15:00,1885.72,1889.07,1885.66,1887.09,510.4139
2026-08-14 03:30:00,1887.1,1887.1,1883.82,1884.98,613.4663
2026-08-14 03:45:00,1884.97,1884.98,1882.44,1883.0,788.7749
2026-08-14 04:00:00,1883.0,1885.18,1882.16,1885.12,596.4287
2026-08-14 04:15:00,1885.12,1887.87,1885.08,1886.16,1120.5936
2026-08-14 04:30:00,1886.17,1886.7,1885.83,1885.84,248.8428
2026-08-14 04:45:00,1885.83,1885.97,1884.09,1884.77,316.6596
2026-08-14 05:00:00,1884.78,1885.54,1882.53,1882.95,598.7749
2026-08-14 05:15:00,1882.96,1883.14,1880.55,1882.77,861.3448
2026-08-14 05:30:00,1882.76,1884.48,1882.24,1883.81,528.0973
2026-08-14 05:45:00,1883.81,1884.58,1883.39,1884.07,582.3868
2026-08-14 06:00:00,1884.07,1884.08,1880.21,1880.44,1057.3872
2026-08-14 06:15:00,1880.44,1880.55,1877.51,1877.52,1186.9471
2026-08-14 06:30:00,1877.51,1879.33,1875.97,1877.44,1633.7452
2026-08-14 06:45:00,1877.43,1878.45,1872.83,1872.85,2739.5162
2026-08-14 07:00:00,1872.86,1876.52,1872.28,1875.36,1718.9602
2026-08-14 07:15:00,1875.37,1878.29,1875.36,1877.9,1308.688
2026-08-14 07:30:00,1877.89,1877.93,1873.82,1875.29,1266.0917
2026-08-14 07:45:00,1875.29,1876.09,1873.27,1873.4,1361.7068
2026-08-14 08:00:00,1873.4,1875.32,1873.39,1873.71,1592.1209
2026-08-14 08:15:00,1873.71,1875.51,1869.32,1871.78,3049.7058
2026-08-14 08:30:00,1871.79,1875.91,1870.14,1873.6,1737.4901
2026-08-14 08:45:00,1873.6,1878.71,1873.28,1878.71,1140.921
2026-08-14 09:00:00,1878.72,1878.91,1875.51,1876.48,917.7978
2026-08-14 09:15:00,1876.48,1877.8,1874.96,1875.1,668.371
2026-08-14 09:30:00,1875.09,1875.09,1871.34,1872.69,1777.0248
2026-08-14 09:45:00,1872.69,1875.28,1872.69,1873.22,597.536
2026-08-14 10:00:00,1873.21,1876.0,1872.51,1875.61,708.4243
2026-08-14 10:15:00,1875.6,1877.91,1875.42,1877.2,2366.2225
2026-08-14 10:30:00,1877.2,1878.43,1876.18,1876.39,869.5724
2026-08-14 10:45:00,1876.38,1877.64,1875.0,1876.19,1079.4438
2026-08-14 11:00:00,1876.18,1878.6,1875.07,1876.38,1330.0458
2026-08-14 11:15:00,1876.39,1878.67,1875.93,1877.75,980.3302
2026-08-14 11:30:00,1877.75,1881.19,1877.24,1879.56,929.2172
2026-08-14 11:45:00,1879.56,1880.73,1877.84,1878.2,758.4684
2026-08-14 12:00:00,1878.2,1878.89,1873.67,1875.73,1714.8934
2026-08-14 12:15:00,1875.73,1878.63,1875.14,1878.62,993.1099
2026-08-14 12:30:00,1878.62,1879.59,1874.95,1874.96,1369.3441
2026-08-14 12:45:00,1874.96,1876.8,1873.0,1873.51,1188.1588
2026-08-14 13:00:00,1873.51,1873.94,1867.37,1870.31,2396.4687
2026-08-14 13:15:00,1870.31,1872.65,1867.08,1871.73,1842.498
2026-08-14 13:30:00,1871.73,1872.66,1866.43,1869.84,2773.362
2026-08-14 13:45:00,1869.84,1870.7,1866.9,1869.97,2101.4617
2026-08-14 14:00:00,1869.98,1872.12,1866.7,1867.06,1926.6677
2026-08-14 14:15:00,1867.06,1869.75,1864.28,1868.55,2209.4325
2026-08-14 14:30:00,1868.56,1873.54,1867.86,1870.69,1478.6405
2026-08-14 14:45:00,1870.7,1872.25,1864.52,1866.93,1504.0235
2026-08-14 15:00:00,1866.94,1869.25,1866.28,1868.75,869.7764
2026-08-14 15:15:00,1868.76,1879.84,1868.29,1879.72,2716.3248
2026-08-14 15:30:00,1879.72,1884.71,1876.2,1884.12,3673.409
2026-08-14 15:45:00,1884.12,1884.5,1881.56,1881.56,2268.4196
2026-08-14 16:00:00,1881.56,1883.41,1879.32,1881.1,1738.5515
2026-08-14 16:15:00,1881.11,1885.14,1880.58,1884.2,1760.7924
2026-08-14 16:30:00,1884.21,1888.42,1883.76,1886.22,1751.3512
2026-08-14 16:45:00,1886.22,1886.23,1884.21,1885.41,1051.104
2026-08-14 17:00:00,1885.41,1886.15,1883.31,1885.23,836.4843
2026-08-14 17:15:00,1885.24,1887.66,1884.4,1885.68,984.4007
2026-08-14 17:30:00,1885.68,1886.94,1882.38,1883.15,784.7378
2026-08-14 17:45:00,1883.15,1883.83,1876.71,1878.57,2038.9185
2026-08-14 18:00:00,1878.57,1878.87,1874.8,1876.44,1915.4583
2026-08-14 18:15:00,1876.43,1879.0,1875.61,1875.9,1070.2689
2026-08-14 18:30:00,1875.89,1878.29,1874.51,1877.48,988.2212
2026-08-14 18:45:00,1877.49,1877.8,1873.7,1875.76,827.0068
2026-08-14 19:00:00,1875.75,1875.75,1873.86,1874.01,954.5385
2026-08-14 19:15:00,1874.0,1878.34,1873.9,1877.87,818.2854
2026-08-14 19:30:00,1877.88,1880.24,1876.8,1879.91,835.6053
2026-08-14 19:45:00,1879.91,1881.96,1879.3,1880.89,1096.6228
2026-08-14 20:00:00,1880.89,1881.9,1879.86,1880.18,422.8023
2026-08-14 20:15:00,1880.18,1880.95,1879.25,1880.25,672.2148
2026-08-14 20:30:00,1880.25,1880.43,1878.95,1879.67,398.2361
2026-08-14 20:45:00,1879.67,1880.54,1879.38,1880.42,319.0266
2026-08-14 21:00:00,1880.42,1881.25,1877.74,1878.83,477.1461
2026-08-14 21:15:00,1878.84,1880.44,1877.7,1879.87,453.7666
2026-08-14 21:30:00,1879.86,1880.1,1878.0,1878.0,636.2815
2026-08-14 21:45:00,1878.0,1879.75,1877.35,1879.44,566.0983
2026-08-14 22:00:00,1879.43,1881.16,1877.34,1877.56,763.1348
2026-08-14 22:15:00,1877.56,1878.01,1876.1,1876.5,707.8447
2026-08-14 22:30:00,1876.51,1879.85,1876.46,1879.84,336.4736
2026-08-14 22:45:00,1879.85,1880.09,1879.06,1879.77,367.8884
2026-08-14 23:00:00,1879.77,1881.17,1879.42,1880.92,376.3142
2026-08-14 23:15:00,1880.92,1881.28,1879.56,1880.88,500.44
2026-08-14 23:30:00,1880.88,1881.84,1878.74,1880.59,588.3078
2026-08-14 23:45:00,1880.59,1882.67,1880.38,1882.2,468.0485
2026-08-15 00:00:00,1882.2,1883.0,1881.71,1882.19,594.6678
2026-08-15 00:15:00,1882.2,1883.19,1882.01,1882.68,355.7482
2026-08-15 00:30:00,1882.69,1883.48,1882.2,1882.71,391.5898
2026-08-15 00:45:00,1882.72,1882.98,1881.91,1882.41,264.5352
2026-08-15 01:00:00,1882.41,1882.82,1881.12,1882.81,697.9898
2026-08-15 01:15:00,1882.81,1884.37,1882.46,1884.02,601.5484
2026-08-15 01:30:00,1884.02,1884.69,1883.36,1883.86,304.9513
2026-08-15 01:45:00,1883.86,1884.39,1883.82,1884.0,232.8817
2026-08-15 02:00:00,1884.0,1885.0,1883.99,1885.0,391.8393
2026-08-15 02:15:00,1884.99,1885.82,1884.99,1885.0,471.2179
2026-08-15 02:30:00,1885.0,1885.54,1884.28,1884.56,483.0971
2026-08-15 02:45:00,1884.56,1884.94,1884.14,1884.94,348.8245
2026-08-15 03:00:00,1884.94,1886.35,1884.93,1886.02,545.4547
2026-08-15 03:15:00,1886.02,1886.59,1884.7,1884.75,683.816
2026-08-15 03:30:00,1884.76,1884.9,1883.08,1883.09,568.7195
2026-08-15 03:45:00,1883.09,1883.45,1882.68,1882.68,206.6811
2026-08-15 04:00:00,1882.69,1883.8,1882.69,1883.8,262.1734
2026-08-15 04:15:00,1883.79,1884.42,1883.46,1884.41,190.0673
2026-08-15 04:30:00,1884.41,1885.69,1884.21,1885.69,484.3428
2026-08-15 04:45:00,1885.69,1885.69,1884.37,1884.37,415.8714
2026-08-15 05:00:00,1884.38,1885.36,1883.78,1884.79,498.1221
2026-08-15 05:15:00,1884.79,1884.9,1883.27,1883.35,352.0286
2026-08-15 05:30:00,1883.34,1883.58,1880.26,1881.43,524.6513
2026-08-15 05:45:00,1881.43,1881.6,1880.0,1880.66,506.0744
2026-08-15 06:00:00,1880.67,1881.92,1880.16,1880.17,410.3148
2026-08-15 06:15:00,1880.17,1881.32,1880.12,1880.42,902.7982
2026-08-15 06:30:00,1880.43,1881.77,1880.02,1881.77,761.4816
2026-08-15 06:45:00,1881.76,1883.61,1881.75,1882.16,366.0499
2026-08-15 07:00:00,1882.17,1882.59,1880.67,1882.59,582.372
2026-08-15 07:15:00,1882.59,1882.59,1881.12,1881.18,334.0116
2026-08-15 07:30:00,1881.18,1881.5,1880.86,1881.25,192.993
2026-08-15 07:45:00,1881.24,1881.25,1880.19,1880.4,262.1514
2026-08-15 08:00:00,1880.4,1880.95,1879.38,1880.79,1125.0583
2026-08-15 08:15:00,1880.8,1881.69,1880.79,1881.22,584.1114
2026-08-15 08:30:00,1881.23,1881.23,1878.56,1878.7,1063.017
2026-08-15 08:45:00,1878.7,1879.2,1876.53,1877.05,675.3911
2026-08-15 09:00:00,1877.04,1877.79,1876.01,1877.79,823.6323
2026-08-15 09:15:00,1877.79,1878.49,1877.58,1878.49,624.1832
2026-08-15 09:30:00,1878.48,1879.88,1878.48,1879.72,454.6686
2026-08-15 09:45:00,1879.71,1881.32,1879.71,1880.44,335.9933
2026-08-15 10:00:00,1880.45,1880.58,1878.42,1879.26,390.666
2026-08-15 10:15:00,1879.26,1879.41,1879.25,1879.41,188.0386
2026-08-15 10:30:00,1879.42,1880.99,1878.93,1880.14,608.7368
2026-08-15 10:45:00,1880.14,1881.39,1880.14,1881.01,255.1178
2026-08-15 11:00:00,1881.0,1881.3,1880.57,1880.68,219.8968
2026-08-15 11:15:00,1880.68,1880.74,1879.83,1879.92,247.6102
2026-08-15 11:30:00,1879.93,1880.43,1879.35,1880.31,284.8198
2026-08-15 11:45:00,1880.3,1880.4,1879.24,1879.49,228.2499
2026-08-15 12:00:00,1879.49,1879.53,1878.6,1878.6,430.6285
2026-08-15 12:15:00,1878.6,1879.11,1878.56,1878.76,231.133
2026-08-15 12:30:00,1878.75,1879.07,1878.37,1878.74,363.6888
2026-08-15 12:45:00,1878.74,1883.97,1878.19,1883.86,1205.665
2026-08-15 13:00:00,1883.86,1884.86,1882.33,1884.12,1054.0391
2026-08-15 13:15:00,1884.12,1884.36,1882.76,1883.11,592.857
2026-08-15 13:30:00,1883.11,1883.99,1883.05,1883.43,1030.7769
2026-08-15 13:45:00,1883.43,1884.93,1883.04,1883.86,993.1113
2026-08-15 14:00:00,1883.85,1883.86,1882.52,1883.15,681.4889
2026-08-15 14:15:00,1883.15,1883.38,1881.47,1882.14,699.9647
2026-08-15 14:30:00,1882.14,1883.01,1882.14,1882.8,402.9096
2026-08-15 14:45:00,1882.8,1884.61,1882.53,1883.56,332.3785
2026-08-15 15:00:00,1883.55,1884.16,1883.12,1883.66,454.9979
2026-08-15 15:15:00,1883.67,1885.0,1883.11,1884.23,559.2268
2026-08-15 15:30:00,1884.23,1885.83,1884.15,1885.51,820.5815
2026-08-15 15:45:00,1885.52,1885.61,1884.83,1884.91,520.2575
2026-08-15 16:00:00,1884.92,1885.36,1883.92,1884.56,1176.02
2026-08-15 16:15:00,1884.56,1885.7,1883.95,1885.69,322.331
2026-08-15 16:30:00,1885.69,1885.7,1884.45,1884.45,429.3398
2026-08-15 16:45:00,1884.45,1885.17,1884.28,1884.98,874.0304
2026-08-15 17:00:00,1884.98,1885.7,1884.91,1885.7,752.6989
2026-08-15 17:15:00,1885.7,1886.58,1883.03,1883.29,1066.1031
2026-08-15 17:30:00,1883.29,1884.29,1883.28,1883.88,918.5447
2026-08-15 17:45:00,1883.87,1884.49,1883.78,1884.49,340.4184
2026-08-15 18:00:00,1884.49,1885.8,1884.48,1884.54,496.9952
2026-08-15 18:15:00,1884.54,1884.83,1882.59,1882.6,299.9055
2026-08-15 18:30:00,1882.59,1882.96,1882.59,1882.95,269.8168
2026-08-15 18:45:00,1882.95,1883.0,1882.82,1882.82,169.0903
2026-08-15 19:00:00,1882.82,1883.26,1882.82,1883.25,356.3917
2026-08-15 19:15:00,1883.26,1884.6,1883.26,1884.02,231.3879
2026-08-15 19:30:00,1884.02,1884.97,1884.01,1884.27,313.5621
2026-08-15 19:45:00,1884.27,1884.84,1884.27,1884.55,212.9069
2026-08-15 20:00:00,1884.55,1884.56,1883.9,1883.9,205.6668
2026-08-15 20:15:00,1883.9,1883.91,1883.0,1883.21,302.3682
2026-08-15 20:30:00,1883.21,1883.22,1882.8,1883.03,168.1212
2026-08-15 20:45:00,1883.03,1883.42,1883.03,1883.42,171.3961
2026-08-15 21:00:00,1883.41,1884.49,1883.41,1884.06,378.2831
2026-08-15 21:15:00,1884.06,1884.81,1884.05,1884.62,263.8576
2026-08-15 21:30:00,1884.62,1885.3,1884.6,1885.29,562.0105
2026-08-15 21:45:00,1885.29,1885.6,1884.63,1885.17,990.317
2026-08-15 22:00:00,1885.16,1885.64,1884.46,1884.85,534.7314
2026-08-15 22:15:00,1884.86,1885.8,1884.68,1885.79,429.6674
2026-08-15 22:30:00,1885.8,1885.8,1884.68,1884.82,539.4306
2026-08-15 22:45:00,1884.82,1885.5,1884.48,1884.84,386.0328
2026-08-15 23:00:00,1884.84,1884.85,1881.98,1883.6,893.8937
2026-08-15 23:15:00,1883.6,1883.61,1882.3,1883.17,524.1382
2026-08-15 23:30:00,1883.18,1883.88,1882.89,1883.24,376.085
2026-08-15 23:45:00,1883.24,1883.3,1882.61,1882.64,569.5864
2026-08-16 00:00:00,1882.64,1883.33,1882.46,1882.72,474.4645
2026-08-16 00:15:00,1882.72,1882.75,1882.26,1882.74,529.3469
2026-08-16 00:30:00,1882.74,1883.06,1882.22,1882.88,505.6933
2026-08-16 00:45:00,1882.88,1883.2,1881.67,1882.57,425.5296
2026-08-16 01:00:00,1882.57,1882.57,1880.19,1881.33,688.1584
2026-08-16 01:15:00,1881.33,1882.08,1880.42,1880.42,314.8722
2026-08-16 01:30:00,1880.41,1880.8,1877.01,1880.61,1180.3989
2026-08-16 01:45:00,1880.6,1880.61,1879.34,1880.54,518.3365
2026-08-16 02:00:00,1880.54,1881.3,1879.09,1879.18,327.0025
2026-08-16 02:15:00,1879.18,1885.0,1879.17,1884.22,1219.3991
2026-08-16 02:30:00,1884.21,1885.0,1883.32,1884.18,552.5615
2026-08-16 02:45:00,1884.17,1884.18,1882.98,1883.71,455.0391
2026-08-16 03:00:00,1883.71,1884.24,1883.58,1884.08,487.1591
2026-08-16 03:15:00,1884.09,1884.28,1883.24,1883.35,627.9262
2026-08-16 03:30:00,1883.35,1883.84,1883.34,1883.67,280.7681
2026-08-16 03:45:00,1883.67,1883.68,1883.03,1883.3,310.2076
2026-08-16 04:00:00,1883.31,1883.56,1882.79,1882.95,301.4431
2026-08-16 04:15:00,1882.94,1884.56,1882.8,1884.23,270.3663
2026-08-16 04:30:00,1884.23,1884.24,1882.2,1882.67,458.5973
2026-08-16 04:45:00,1882.66,1882.67,1880.6,1881.7,263.2746
2026-08-16 05:00:00,1881.7,1881.92,1881.29,1881.71,392.3245
2026-08-16 05:15:00,1881.7,1881.71,1879.75,1880.63,468.2074
2026-08-16 05:30:00,1880.62,1881.34,1880.4,1880.67,506.3359
2026-08-16 05:45:00,1880.66,1880.68,1879.16,1879.81,678.1905
2026-08-16 06:00:00,1879.82,1880.58,1879.8,1879.8,317.6847
2026-08-16 06:15:00,1879.8,1880.11,1879.0,1880.11,744.7278
2026-08-16 06:30:00,1880.1,1880.82,1879.66,1880.7,496.6595
2026-08-16 06:45:00,1880.69,1881.59,1880.57,1880.58,330.8403
2026-08-16 07:00:00,1880.58,1880.58,1879.91,1880.55,301.821
2026-08-16 07:15:00,1880.56,1881.65,1880.55,1881.41,282.8423
2026-08-16 07:30:00,1881.4,1881.41,1881.14,1881.14,184.5295
2026-08-16 07:45:00,1881.15,1881.54,1881.14,1881.54,330.508
2026-08-16 08:00:00,1881.54,1881.56,1880.8,1880.8,368.2855
2026-08-16 08:15:00,1880.8,1880.95,1880.8,1880.8,194.6944
2026-08-16 08:30:00,1880.79,1881.24,1880.48,1880.48,329.1521
2026-08-16 08:45:00,1880.48,1880.94,1880.48,1880.94,337.2525
2026-08-16 09:00:00,1880.94,1882.09,1880.93,1882.09,794.3211
2026-08-16 09:15:00,1882.09,1882.52,1881.78,1881.78,1077.2921
2026-08-16 09:30:00,1881.78,1882.01,1879.87,1880.05,822.148
2026-08-16 09:45:00,1880.05,1881.28,1879.27,1880.43,476.8638
2026-08-16 10:00:00,1880.42,1880.78,1879.62,1879.63,845.3004
2026-08-16 10:15:00,1879.63,1880.55,1879.62,1880.54,446.3034
2026-08-16 10:30:00,1880.55,1880.75,1880.19,1880.74,505.0068
2026-08-16 10:45:00,1880.74,1881.17,1880.74,1880.79,248.7622
2026-08-16 11:00:00,1880.8,1881.08,1880.71,1880.78,302.7083
2026-08-16 11:15:00,1880.78,1880.83,1880.3,1880.64,179.4819
2026-08-16 11:30:00,1880.64,1880.82,1880.54,1880.55,277.6992
2026-08-16 11:45:00,1880.54,1880.95,1880.16,1880.94,512.3149
2026-08-16 12:00:00,1880.94,1880.95,1880.05,1880.05,353.2614
2026-08-16 12:15:00,1880.04,1880.62,1880.04,1880.61,151.2073
2026-08-16 12:30:00,1880.62,1880.62,1879.32,1879.5,308.9089
2026-08-16 12:45:00,1879.51,1880.17,1879.5,1879.83,294.2474
2026-08-16 13:00:00,1879.82,1881.11,1879.82,1880.96,274.8579
2026-08-16 13:15:00,1880.96,1881.35,1880.81,1880.81,336.5226
2026-08-16 13:30:00,1880.81,1881.96,1880.81,1881.53,608.9186
2026-08-16 13:45:00,1881.52,1881.97,1881.52,1881.96,403.5471
2026-08-16 14:00:00,1881.96,1882.67,1881.96,1882.5,502.3265
2026-08-16 14:15:00,1882.5,1884.49,1882.05,1882.06,1392.1761
2026-08-16 14:30:00,1882.05,1883.74,1882.05,1882.8,609.2936
2026-08-16 14:45:00,1882.81,1883.51,1882.8,1883.5,429.0466
2026-08-16 15:00:00,1883.51,1883.73,1883.5,1883.68,360.7518
2026-08-16 15:15:00,1883.69,1884.0,1883.68,1884.0,632.7935
2026-08-16 15:30:00,1884.0,1885.0,1882.33,1882.62,1213.3994
2026-08-16 15:45:00,1882.63,1884.78,1882.63,1884.06,1260.968
2026-08-16 16:00:00,1884.06,1885.7,1884.06,1885.66,861.9763
2026-08-16 16:15:00,1885.65,1889.41,1885.4,1888.15,2681.5229
2026-08-16 16:30:00,1888.15,1892.31,1888.15,1890.17,2887.2152
2026-08-16 16:45:00,1890.18,1890.73,1888.13,1889.58,804.4152
2026-08-16 17:00:00,1889.59,1891.03,1887.66,1888.12,748.0735
2026-08-16 17:15:00,1888.13,1888.13,1886.51,1887.32,481.8802
2026-08-16 17:30:00,1887.31,1887.32,1883.81,1884.76,845.2346
2026-08-16 17:45:00,1884.76,1886.41,1884.75,1885.17,441.8633
2026-08-16 18:00:00,1885.18,1885.95,1882.63,1884.61,966.9067
2026-08-16 18:15:00,1884.62,1886.41,1884.62,1886.05,709.2471
2026-08-16 18:30:00,1886.06,1886.33,1884.62,1885.14,664.7163
2026-08-16 18:45:00,1885.14,1885.9,1885.14,1885.49,306.1033
2026-08-16 19:00:00,1885.49,1886.96,1885.49,1886.48,445.8371
2026-08-16 19:15:00,1886.48,1887.76,1886.14,1887.76,388.2317
2026-08-16 19:30:00,1887.76,1888.75,1885.26,1885.44,1001.6135
2026-08-16 19:45:00,1885.44,1886.39,1884.48,1885.83,677.5495
2026-08-16 20:00:00,1885.83,1887.04,1885.6,1887.03,366.4267
2026-08-16 20:15:00,1887.03,1887.58,1885.96,1886.29,610.8933
2026-08-16 20:30:00,1886.28,1886.29,1882.97,1883.83,914.054
2026-08-16 20:45:00,1883.84,1884.27,1881.59,1882.0,775.621
2026-08-16 21:00:00,1881.99,1882.92,1880.36,1882.0,1033.72
2026-08-16 21:15:00,1882.0,1882.91,1879.16,1880.13,1272.1809
2026-08-16 21:30:00,1880.13,1881.19,1869.17,1874.82,3854.0196
2026-08-16 21:45:00,1874.81,1876.88,1872.0,1875.56,1843.7872
2026-08-16 22:00:00,1875.55,1877.8,1870.62,1877.7,2847.3014
2026-08-16 22:15:00,1877.69,1878.26,1874.68,1875.29,1366.4832
2026-08-16 22:30:00,1875.29,1875.3,1869.26,1873.47,2766.3783
2026-08-16 22:45:00,1873.47,1876.05,1872.33,1876.05,957.6763
2026-08-16 23:00:00,1876.05,1877.48,1873.91,1873.91,1168.1699
2026-08-16 23:15:00,1873.91,1876.2,1873.85,1873.9,802.0083
2026-08-16 23:30:00,1873.89,1876.23,1873.54,1876.23,600.2605
2026-08-16 23:45:00,1876.22,1877.17,1875.35,1876.0,408.0266
2026-08-17 00:00:00,1876.01,1876.8,1874.41,1875.77,744.7705
2026-08-17 00:15:00,1875.77,1876.63,1872.46,1876.63,1273.2656
2026-08-17 00:30:00,1876.63,1877.95,1873.22,1877.92,1258.2018
2026-08-17 00:45:00,1877.92,1880.19,1875.09,1878.93,1354.3049
2026-08-17 01:00:00,1878.92,1896.9,1878.21,1889.52,7708.7729
2026-08-17 01:15:00,1889.52,1896.53,1888.5,1894.47,3444.4944
2026-08-17 01:30:00,1894.48,1897.29,1892.08,1894.72,2557.7655
2026-08-17 01:45:00,1894.73,1895.38,1891.65,1891.65,2508.9088
2026-08-17 02:00:00,1891.66,1893.0,1888.72,1890.23,1024.3783
2026-08-17 02:15:00,1890.22,1895.0,1888.97,1893.78,1275.6959
2026-08-17 02:30:00,1893.78,1897.0,1892.4,1895.75,3626.868
2026-08-17 02:45:00,1895.74,1908.62,1895.6,1902.36,7170.0129
2026-08-17 03:00:00,1902.35,1905.0,1901.99,1903.03,3430.5417
2026-08-17 03:15:00,1903.04,1903.52,1898.33,1898.59,1589.914
2026-08-17 03:30:00,1898.59,1900.87,1898.06,1900.1,2048.8713
2026-08-17 03:45:00,1900.1,1903.12,1899.62,1900.92,1180.6002
2026-08-17 04:00:00,1900.93,1904.62,1900.93,1903.9,1085.904
2026-08-17 04:15:00,1903.9,1904.73,1902.6,1902.62,1204.0255
2026-08-17 04:30:00,1902.63,1903.2,1901.46,1902.32,1380.2533
2026-08-17 04:45:00,1902.33,1904.5,1902.32,1903.34,953.3076
2026-08-17 05:00:00,1903.33,1903.5,1900.01,1901.53,1140.8366
2026-08-17 05:15:00,1901.54,1904.0,1901.13,1901.31,871.3766
2026-08-17 05:30:00,1901.31,1901.35,1898.25,1898.89,1270.6574
2026-08-17 05:45:00,1898.89,1900.0,1898.59,1899.65,868.3913
2026-08-17 06:00:00,1899.66,1901.34,1897.13,1901.02,3551.7088
2026-08-17 06:15:00,1901.02,1902.04,1900.01,1901.41,1049.1664
2026-08-17 06:30:00,1901.4,1903.31,1900.83,1903.31,1184.2913
2026-08-17 06:45:00,1903.31,1912.6,1903.0,1907.05,7049.4301
2026-08-17 07:00:00,1907.06,1907.93,1903.33,1905.26,3224.9783
2026-08-17 07:15:00,1905.26,1906.0,1902.72,1905.39,990.1915
2026-08-17 07:30:00,1905.39,1905.39,1902.37,1902.4,1762.8002
2026-08-17 07:45:00,1902.4,1902.77,1900.77,1900.93,2569.8679
2026-08-17 08:00:00,1900.93,1901.72,1892.9,1895.8,3269.8247
2026-08-17 08:15:00,1895.81,1896.63,1891.57,1895.37,2249.768
2026-08-17 08:30:00,1895.37,1895.65,1892.94,1893.41,1346.5947
2026-08-17 08:45:00,1893.4,1895.34,1891.92,1894.43,1149.7732
2026-08-17 09:00:00,1894.44,1897.4,1894.43,1896.88,1202.8176
2026-08-17 09:15:00,1896.88,1897.4,1894.0,1895.78,803.4088
2026-08-17 09:30:00,1895.79,1895.79,1893.5,1893.78,697.7414
2026-08-17 09:45:00,1893.77,1894.37,1893.15,1894.02,582.3697
2026-08-17 10:00:00,1894.02,1894.12,1892.62,1893.78,403.0871
2026-08-17 10:15:00,1893.79,1894.24,1892.16,1893.1,716.2829
